ref_o,ref_r,apa_ref_o,apa_ref_r,journal,impact_factor,study_o,abstract,outcome,outcome_quote,doi_o,doi_r
Eyewitness memory following discussion: using the MORI technique with a Western sample,"Eyewitness memory distortion following co-witness discussion: A replication of Garry, French, Kinzett, and Mori (2008) in ten countries.","Garry, M., French, L., Kinzett, T., & Mori, K. (2007). Eyewitness memory following discussion: using the MORI technique with a Western sample. Applied Cognitive Psychology, 22(4), 431–439. Portico. https://doi.org/10.1002/acp.1376","Ito, H., Barzykowski, K., Grzesik, M., Gülgöz, S., Gürdere, C., Janssen, S. M. J., Khor, J., Rowthorn, H., Wade, K. A., Luna, K., Albuquerque, P. B., Kumar, D., Singh, A. D., Cecconello, W. W., Cadavid, S., Laird, N. C., Baldassari, M. J., Lindsay, D. S., & Mori, K. (2019). Eyewitness memory distortion following co-witness discussion: A replication of Garry, French, Kinzett, and Mori (2008) in ten countries. Journal of Applied Research in Memory and Cognition, 8(1), 68–77. https://doi.org/10.1037/h0101833",Applied Cognitive Psychology,1.25,NA,"Researchers studying memory conformity have made significant advances in our understanding of the phenomenon, but have used methods with significant shortcomings. Mori's three‐stage method addresses many of these concerns. To date the technique has not been replicated on a Western sample. We present such a study, and discuss two significant improvements to Mori's method. We found that subjects were more likely to report the correct answer for non‐discussed critical details than discussed critical details. Our data also suggested that when subjects agreed with their partner's information during the discussion, they did so because they thought that information was accurate; only a minority of the time did they go along with their partner during discussion and revert to their own answer at the test. We draw parallels between the unknown mechanisms driving memory conformity effects and the search for mechanisms driving the misinformation effect two decades ago. Copyright © 2007 John Wiley &amp; Sons, Ltd.",success,Each of the 10 samples replicated the Garry et al. finding: Participants often reported on the final test a non-witnessed answer that their co-witness had stated during the collaboration phase,10.1002/acp.1376,10.1037/h0101833
Paranormal and Religious Believers Are More Prone to Illusory Face Perception than Skeptics and Non‐believers,Being Watched by Anthropomorphized Objects Affects Charitable Donation in Religious People,"Riekki, T., Lindeman, M., Aleneff, M., Halme, A., & Nuortimo, A. (2012). Paranormal and Religious Believers Are More Prone to Illusory Face Perception than Skeptics and Non‐believers. Applied Cognitive Psychology, 27(2), 150–155. Portico. https://doi.org/10.1002/acp.2874","Miyazaki, Y. (2017). Being Watched by Anthropomorphized Objects Affects Charitable Donation in Religious People. Japanese Psychological Research, 59(3), 221–229. Portico. https://doi.org/10.1111/jpr.12158",Applied Cognitive Psychology,1.25,1,"Summary Illusory face perception, a tendency to find human‐like faces where none are actually present in, for example, artifacts or scenery, is a common phenomenon that occasionally enters the public eye. We used two tests (N = 47) to analyze the relationship between paranormal and religious beliefs and illusory face perception. In a detection task, the participants detected face‐like features from pictures of scenery and landscapes with and without face‐like areas and, in a rating task, evaluated the face‐likeness and emotionality of these areas. Believer groups were better at identifying the previously defined face‐like regions in the images but were also prone to false alarms. Signal detection analysis revealed that believers had more liberal answering criteria than skeptics, but the actual detection sensitivity did not differ. The paranormal believers also evaluated the artifact faces as more face‐like and emotional than the skeptics, and a similar trend was found between religious and non‐religious people. Copyright © 2012 John Wiley &amp; Sons, Ltd.",success,"These results suggest that the religious participants were more prone to perceive a face in everyday objects than less-religious participants, which is consistent with a past finding (Riekki et al., 2013).",10.1002/acp.2874,10.1111/jpr.12158
Incidental environmental anchors,Many Labs 2: Investigating Variation in Replicability Across Samples and Settings,"Critcher, C. R., & Gilovich, T. (2007). Incidental environmental anchors. Journal of Behavioral Decision Making, 21(3), 241–251. Portico. https://doi.org/10.1002/bdm.586","Klein, R. A., Vianello, M., Hasselman, F., Adams, B. G., Adams, R. B., Alper, S., Aveyard, M., Axt, J. R., Babalola, M. T., Bahník, Š., Batra, R., Berkics, M., Bernstein, M. J., Berry, D. R., Bialobrzeska, O., Binan, E. D., Bocian, K., Brandt, M. J., Busching, R., … Nosek, B. A. (2018). Many Labs 2: Investigating Variation in Replicability Across Samples and Settings. Advances in Methods and Practices in Psychological Science, 1(4), 443–490. https://doi.org/10.1177/2515245918810225",Journal of Behavioral Decision Making,1.09,2,"Three studies examined whether potential anchor values that are incidentally present in the environment can affect a person's numerical estimates. In Study 1, estimates of an athlete's performance were influenced by the number on his jersey. In Study 2, estimates of the proportion of sales in the domestic market were influenced by a product's model number. In Study 3, participants' estimates of how much they would spend at a restaurant were influenced by whether the restaurant was named “Studio 17” or “Studio 97.” These effects were not qualified by participants' expertise in the relevant domain (Study 1) or by their ability to subsequently recall the anchor value (Study 3). These findings document the existence of a new form of “basic anchoring” and suggest that not all basic anchoring effects are as fragile as the existing anchoring literature suggests. Copyright © 2007 John Wiley &amp; Sons, Ltd.",failure,"This result does not support the hypothesis that sales estimates are influenced by incidental anchors. The effect size was in the same direction as the original effect size, but much smaller (d = 0.04, 95% CI = [−0.01, 0.09], vs. original d = 0.30) and indistinguishable from zero.",10.1002/bdm.586,10.1177/2515245918810225
Incidental environmental anchors,Do Incidental Environmental Anchors Bias Consumers’ Price Estimations?,"Critcher, C. R., & Gilovich, T. (2007). Incidental environmental anchors. Journal of Behavioral Decision Making, 21(3), 241–251. Portico. https://doi.org/10.1002/bdm.586","Shanks, D. R., Barbieri-Hermitte, P., & Vadillo, M. A. (2020). Do Incidental Environmental Anchors Bias Consumers’ Price Estimations? Collabra: Psychology, 6(1). https://doi.org/10.1525/collabra.310",Journal of Behavioral Decision Making,1.09,3,"Three studies examined whether potential anchor values that are incidentally present in the environment can affect a person's numerical estimates. In Study 1, estimates of an athlete's performance were influenced by the number on his jersey. In Study 2, estimates of the proportion of sales in the domestic market were influenced by a product's model number. In Study 3, participants' estimates of how much they would spend at a restaurant were influenced by whether the restaurant was named “Studio 17” or “Studio 97.” These effects were not qualified by participants' expertise in the relevant domain (Study 1) or by their ability to subsequently recall the anchor value (Study 3). These findings document the existence of a new form of “basic anchoring” and suggest that not all basic anchoring effects are as fragile as the existing anchoring literature suggests. Copyright © 2007 John Wiley &amp; Sons, Ltd.",failure,"No statistically significant evidence of incidental anchoring was obtained. In contrast, robust standard anchoring effects were found. The results suggest that anchoring is limited to situations which require explicit thinking about the anchor.",10.1002/bdm.586,10.1525/collabra.310
Living in the north is not necessarily favorable: Different metaphoric associations between cardinal direction and valence in Hong Kong and in the United States,Many Labs 2: Investigating Variation in Replicability Across Samples and Settings,"Huang, Y., Tse, C., & Cho, K. W. (2014). Living in the north is not necessarily favorable: Different metaphoric associations between cardinal direction and valence in Hong Kong and in the United States. European Journal of Social Psychology, 44(4), 360–369. Portico. https://doi.org/10.1002/ejsp.2013","Klein, R. A., Vianello, M., Hasselman, F., Adams, B. G., Adams, R. B., Alper, S., Aveyard, M., Axt, J. R., Babalola, M. T., Bahník, Š., Batra, R., Berkics, M., Bernstein, M. J., Berry, D. R., Bialobrzeska, O., Binan, E. D., Bocian, K., Brandt, M. J., Busching, R., … Nosek, B. A. (2018). Many Labs 2: Investigating Variation in Replicability Across Samples and Settings. Advances in Methods and Practices in Psychological Science, 1(4), 443–490. https://doi.org/10.1177/2515245918810225",European Journal of Social Psychology,1.74,1a,"The Conceptual Metaphor Theory (e.g., Lakoff &amp; Johnson, ) suggests that people represent abstract concepts in terms of concrete concepts via metaphoric association. Participants in the United States (US) showed that cardinal direction (north/south) is metaphorically associated with valence (positive/negative), as reflected by their estimate for where a person with high or low socioeconomic status (SES) lives in a fictional city or their own living preference (Meier, Moller, Chen, &amp; Riemer‐Peltz, ). The present study tested whether the cardinal direction–valence metaphoric association could be moderated by cultural differences. Although US participants believed that high‐SES and low‐SES individuals were more likely to live in the northern and southern part of the city, respectively, the reverse was so for Hong Kong (HK) participants (Study 1). When asked where they themselves would like to live, HK participants preferred to live in a southern area, whereas US participants showed no preference (Studies 2 and 3). These findings demonstrate cultural differences in metaphoric associations between cardinal direction and valence for HK and US participants. Copyright © 2014 John Wiley &amp; Sons, Ltd.",success,"The coordinates of participants’ clicks on the fictional map were recorded (x, y) from the top left of the image and then recentered in the analysis such that clicks in the north half of the map were positive and clicks in the southern half of the map were negative. Across all samples (N = 6,591), participants in the high- SES condition (M = 11.70, SD = 84.31) selected a further north location than did participants in the low-SES con- dition (M = −22.70, SD = 88.78), t(6554.05) = 16.12, p = 2.15e−57, d = 0.40, 95% CI = [0.35, 0.45].",10.1002/ejsp.2013,10.1177/2515245918810225
Affective consequences of mere ownership: The name letter effect in twelve European languages,Impact of ownership on liking and value: Replications and extensions of three ownership effect experiments,"Nuttin, J. M. (1987). Affective consequences of mere ownership: The name letter effect in twelve European languages. European Journal of Social Psychology, 17(4), 381–402. Portico. https://doi.org/10.1002/ejsp.2420170402","Ziano, I., Yao, J. D., Gao, Y., & Feldman, G. (2020). Impact of ownership on liking and value: Replications and extensions of three ownership effect experiments. Journal of Experimental Social Psychology, 89, 103972. https://doi.org/10.1016/j.jesp.2020.103972",European Journal of Social Psychology,1.74,1,"The hypothesis is tested that mere ownership of an object is a sufficient condition to enhance its likelihood to become one of the most attractive items of the entire set of similar objects. Evidence is presented that isolated visual letter stimuli belonging to one's own name are more often ranked among the six most preferred letters of the entire alphabet than identical not‐own name letters. Across 12 different European languages, an (own) name letter effect was found for (initial and/or not‐initial) letters belonging to own first and/or family name. The fundamental theoretical relevance of the effect is outlined as well as its heuristic value for research on individual versus collective ownership and on affective asymmetry. A cross‐lingual analysis of the six least preferred letters‐while also confirming the mere ownership hypothesis‐calls for a critical reformulation of Zajonc's mere exposure theory.",success,We successfully replicated Nuttin's (1987) name-letter effect,10.1002/ejsp.2420170402,10.1016/j.jesp.2020.103972
Champ or chump: strategic utilization of dual social identities of others,Is Andy Murray More British Than Scottish? It Depends on His Success! Game Outcome and the MOATing Effect,"Stelzl, M., Janes, L., & Seligman, C. (2007). Champ or chump: strategic utilization of dual social identities of others. European Journal of Social Psychology, 38(1), 128–138. Portico. https://doi.org/10.1002/ejsp.446","Bernache-Assollant, I., Chantal, Y., & Laurin, R. (2020). Is Andy Murray More British Than Scottish? It Depends on His Success! Game Outcome and the MOATing Effect. Psychological Reports, 124(5), 2237–2250. https://doi.org/10.1177/0033294120957242",European Journal of Social Psychology,1.74,2,"The Jamaican‐born, Canadian sprinter, Ben Johnson, won the gold medal at the 1988 Olympics, but afterward was disqualified for steroid use. At the time Johnson's identity in the Canadian media appeared to shift—he was ‘Canadian’ after winning the gold medal but ‘Jamaican’ after disqualification. We tested this hypothesis via an archival study of a newspaper database of Canadian newspapers. The results confirmed the speculation. In the second study with Canadian research participants, the nationality of a fictional athlete was experimentally manipulated. He either possessed Canadian‐ American (shared) or Belgian‐American (non‐shared) identity. The athlete's performance outcome at an Olympic event was also manipulated. In the shared identity condition the athlete was perceived as more Canadian when he won than when he lost. There were no significant differences in nationality judgment when neither of the athlete's dual nationalities was Canadian. Results regarding perceptions of similarity paralleled the nationality‐ratings results. Findings from these two studies illustrate an interesting extension of BIRGing and CORFing strategies in which multiple social identities of others are used strategically to include or exclude others from the in‐group. Copyright © 2007 John Wiley &amp; Sons, Ltd.",success,The results generally replicate those of prior research and suggest that MOATing primarily serves a self-enhancement function.,10.1002/ejsp.446,10.1177/0033294120957242
Impulsive choice and pre‐exposure to delays: iv. effects of delay‐ and immediacy‐exposure training relative to maturational changes in impulsivity,Immediate Reinforcement Training Has Moderate Effect on Delay Discounting Behavior in Rats: A Systematic Replication,"Renee Renda, C., Rung, J. M., Hinnenkamp, J. E., Lenzini, S. N., & Madden, G. J. (2018). Impulsive choice and pre‐exposure to delays: iv. effects of delay‐ and immediacy‐exposure training relative to maturational changes in impulsivity. Journal of the Experimental Analysis of Behavior, 109(3), 587–599. Portico. https://doi.org/10.1002/jeab.432","Fox, A. E. (2024). Immediate Reinforcement Training Has Moderate Effect on Delay Discounting Behavior in Rats: A Systematic Replication. The Psychological Record, 74(2), 213–218. https://doi.org/10.1007/s40732-024-00597-x",Journal of the Experimental Analysis of Behavior,1.12,1,"Impulsive choice describes preference for smaller, sooner rewards over larger, later rewards. Excessive delay discounting (i.e., rapid devaluation of delayed rewards) underlies some impulsive choices, and is observed in many maladaptive behaviors (e.g., substance abuse, gambling). Interventions designed to reduce delay discounting may provide therapeutic gains. One such intervention provides rats with extended training with delayed reinforcers. When compared to a group given extended training with immediate reinforcers, delay‐exposed rats make significantly fewer impulsive choices. To what extent is this difference due to delay‐exposure training shifting preference toward self‐control or immediacy‐exposure training (the putative control group) shifting preference toward impulsivity? The current study compared the effects of delay‐ and immediacy‐exposure training to a no‐training control group and evaluated within‐subject changes in impulsive choice across 51 male Wistar rats. Delay‐exposed rats made significantly fewer impulsive choices than immediacy‐exposed and control rats. Between‐group differences in impulsive choice were not observed in the latter two groups. While delay‐exposed rats showed large, significant pre‐ to posttraining reductions in impulsive choice, immediacy‐exposed and control rats showed small reductions in impulsive choice. These results suggest that extended training with delayed reinforcers reduces impulsive choice, and that extended training with immediate reinforcers does not increase impulsive choice.",success,These findings are consistent with previous work and have implications for understanding how experience-based interventions may affect clinically relevant impulsive choice.,10.1002/jeab.432,10.1007/s40732-024-00597-x
Comparing stimulus preference and response force in a conjugate preparation,Comparing stimulus preference and response force in a conjugate preparation: A replication with auditory stimulation,"Davis, W. T., Rapp, J. T., Brogan, K. M., Pinkston, J. W., & Chinnappan, B. (2021). Comparing stimulus preference and response force in a conjugate preparation. Journal of the Experimental Analysis of Behavior, 116(1), 96–113. Portico. https://doi.org/10.1002/jeab.705","Cook, J. L., Baruni, R. R., Pinkston, J. W., Rapp, J. T., Miltenberger, R. G., Deshmukh, S., Walker, E., & Tai, S. (2024). Comparing stimulus preference and response force in a conjugate preparation: A replication with auditory stimulation. Journal of the Experimental Analysis of Behavior, 122(1), 11–24. Portico. https://doi.org/10.1002/jeab.915",Journal of the Experimental Analysis of Behavior,1.12,1,"Researchers used a conjugate preparation to evaluate how response force changed based on participants' preferences for visual stimuli. First, researchers used a verbal preference assessment to evaluate each participant's preference for viewing for five object categories of visual stimuli; this process identified high preference (HP) stimuli and low preference stimuli for most participants. Thereafter, researchers exposed each participant to the five stimulus categories in a randomized order while using a force dynamometer to measure their response force to increase visual clarity of each stimulus. Results indicate the majority of participants' HP stimuli corresponded to the stimulus category for which they exerted the highest mean force. These preliminary findings suggest conjugate preparations involving response force may provide another option for measuring the relative value of some stimulus events.",success,These findings are consistent with those from Davis et al. (2021) and further support using conjugate preparations for measuring the relative value of some stimulus events.,10.1002/jeab.705,10.1002/jeab.915
The influence of competition from informal firms on new product development,Does competition from informal firms impact new product development? Systematic replication and extension of McCann and Bahl (2017),"McCann, B. T., & Bahl, M. (2016). The influence of competition from informal firms on new product development. Strategic Management Journal, 38(7), 1518–1535. Portico. https://doi.org/10.1002/smj.2585","Skiadopoulou, A., Mortal, S., & Gupta, V. K. (2025). Does competition from informal firms impact new product development? Systematic replication and extension of McCann and Bahl (2017). Journal of Management Scientific Reports, 3(2), 151–195. https://doi.org/10.1177/27550311251323281",Strategic Management Journal,5.76,1,"Research summary : Existing research describes a broad range of determinants of new product development ( NPD ), a fundamental competitive activity of firms. A considerable share of this work has occurred in the context of developed economies, raising a concern that some important determinants may remain unexamined. We suggest that one such determinant is competition from informal (unregistered) firms. Drawing from the attention‐based view, we investigate the effects of informal competition on NPD in a large sample of firms located across Eastern Europe and Central Asia. We examine not only the direct effect but also how this effect is moderated by characteristics of the competitive and institutional context . Managerial summary : The purpose of this research is to examine the relationship between competition from informal (unregistered) firms and new product development ( NPD ) by formal firms. We argue that NPD is an effective response to differentiate from informal firms, and our analyses of over 9,000 firms located in emerging economies across Eastern Europe and Central Asia indicate that NPD activities are more likely in formal firms who rate informal competition as a greater obstacle. The strength of this direct relationship depends on aspects of the competitive and institutional environment: it is weakened when levels of competition from other formal firms are higher, when alternative responses such as corruption are more available, and when managers are more optimistic about the regulatory environment . Copyright © 2016 John Wiley &amp; Sons, Ltd.",success,We find that the findings of McCann and Bahl (2017) are [...] generally supported in a different time period.,10.1002/smj.2585,10.1177/27550311251323281
Gender Differences in the Giving and Taking Variants of the Dictator Game,"Giving and taking in dictator games – differences by gender? A replication study of Chowdhury et al. (Southern Economic Journal, 2017)","Chowdhury, S. M., Jeon, J. Y., & Saha, B. (2017). Gender Differences in the Giving and Taking Variants of the Dictator Game. Southern Economic Journal, 84(2), 474–483. Portico. https://doi.org/10.1002/soej.12223","Von Blanckenburg, K., Tebbe, E., &amp; Iseke, A. (2023). Giving and taking in dictator games – differences by gender? A replication study of Chowdhury et al. (Southern Economic Journal, 2017). <i>Journal of Comments and Replications in Economics</i>, 2023–2021. https://doi.org/10.18718/81781.27",Southern Economic Journal,0.9,NA,"We run between‐subject dictator games with exogenously specified “give” or “take” frames involving a balanced pool of male and female dictators and constant payoff possibilities. We find the following: Females allocate more under the taking frame than under the giving frame. Males allocate more under the giving frame than under the taking frame. In the taking frame females are more generous than males. But in the giving frame both are equally generous. Finally, when the combined population of males and females is considered, giving is found to be equivalent to “not taking,” because the opposing gender effects offset each other.",failure,"""In contrast to the original study, we do not find support for an asymmetric gender effect.""",10.1002/soej.12223,10.18718/81781.27
An empirical test of the rigid flexibility model,Effects of simplicity and discipline on operational flexibility: An empirical reexamination of the rigid flexibility model,"Collins, R. S., Cordon, C., & Julien, D. (1998). An empirical test of the rigid flexibility model. Journal of Operations Management, 16(2–3), 133–146. Portico. https://doi.org/10.1016/s0272-6963(97)00033-8","da Silveira, G. J. C. (2005). Effects of simplicity and discipline on operational flexibility: An empirical reexamination of the rigid flexibility model. Journal of Operations Management, 24(6), 932–947. Portico. https://doi.org/10.1016/j.jom.2005.11.004",Journal of Operations Management,4.78,NA,"This paper summarises the findings of an empirical study to test the validity of the ‘rigid flexibility’ [Collins, R.S., Schmenner, R., 1993. Achieving rigid flexibility: factory focus for the 1990s. Eur. Manage. J., 11 (4) 443–447.] model for manufacturing strategy. The basic tenet of the model is that flexibility in manufacturing, and thereby responsiveness to market requirements, is achieved through simplicity in process and discipline in procedures. The empirical study was carried out using the merged Made in Europe (Hanson et al., 1994) and Made in Switzerland (Collins et al., 1996) database, derived from a benchmarking study of manufacturing practice and performance at some 800 plants in five European countries. The model is considered in relation to two other models for manufacturing strategy, namely the trade‐off and cumulative models. In addition, differences between countries in the adoption of the rigid flexibility model are also considered. The results of the empirical test of the rigid flexibility model were positive, and the model has proven to be valid and applicable in whole or in part across several European countries.",success,The results provide empirical validation to the rigid flexibility model in an international manufacturing context.,10.1016/s0272-6963(97)00033-8,10.1016/j.jom.2005.11.004
Effects of product unit image on consumption of snack foods,Evaluating replicability of ten influential research on sensory marketing,"Madzharov, A. V., & Block, L. G. (2010). Effects of product unit image on consumption of snack foods. Journal of Consumer Psychology, 20(4), 398–409. Portico. https://doi.org/10.1016/j.jcps.2010.06.007","Motoki, K., & Iseki, S. (2022). Evaluating replicability of ten influential research on sensory marketing. Frontiers in Communication, 7. https://doi.org/10.3389/fcomm.2022.1048896",Journal of Consumer Psychology,3.99,1a,"Across a series of three studies, we demonstrate that the number of product units displayed on a package biases consumers' perceptions of product quantity (i.e., the number of snack items the package contains) and actual consumption. Specifically, we demonstrate that consumers use an anchoring heuristic to infer that packages that display a greater number of product units (e.g., 15 pretzels vs. 3 pretzels) have a higher product quantity inside. Importantly, we demonstrate that actual consumption of the food product follows this anchor judgment. The studies demonstrate that these effects are moderated by level of visual processing and that they are robust even in the presence of verbal information.",failure,"Our replication attempts successfully replicated two findings (Klink, 2000; Shrum et al., 2012) and partially replicated one of them (Yorkston and Menon, 2004). [...] Only 20% (2/10) of study findings could be successfully replicated",10.1016/j.jcps.2010.06.007,10.3389/fcomm.2022.1048896
Phantom Pains: The Effect of Police Killings of Black Americans on Black British Attitudes,Examining the effects of the killing of George Floyd by police in the United States on attitudes of Black Londoners: a replication,"Laniyonu, A. (2021). Phantom Pains: The Effect of Police Killings of Black Americans on Black British Attitudes. British Journal of Political Science, 52(4), 1651–1667. https://doi.org/10.1017/s0007123421000557","Nivette, A., Nägel, C., & Gilbert, E. (2023). Examining the effects of the killing of George Floyd by police in the United States on attitudes of Black Londoners: a replication. Police Practice and Research, 24(5), 575–596. https://doi.org/10.1080/15614263.2023.2185241",British Journal of Political Science,2.35,NA,"What effect does black politics in the United States have on the attitudes of black citizens in other national contexts? Literature on the black diaspora and transnationalism has characterized cultural and political linkages between black communities in North America, the Caribbean, and Europe, especially during the mid-20th century. In this article, I exploit random timing in the administration of a public attitudes survey to demonstrate that such linkages persist and that the police killing of Eric Garner in 2014 negatively affected black Londoners’ attitudes toward the Metropolitan Police. Notably, I find the effect was largely concentrated among black Londoners: estimates of an effect on white and South Asian Londoners were small and largely insignificant. The evidence presented here demonstrates that racial violence in the United States can affect racial politics in other national contexts and helps frame the emergence of Black Lives Matter chapters and protests beyond the United States.",failure,we did not replicate the immediate effect on Black Londoners’ attitudes,10.1017/s0007123421000557,10.1080/15614263.2023.2185241
Flexibility in task switching by monolinguals and bilinguals,Bilingualism and flexibility in task switching,"WISEHEART, M., VISWANATHAN, M., & BIALYSTOK, E. (2014). Flexibility in task switching by monolinguals and bilinguals. Bilingualism: Language and Cognition, 19(1), 141–146. https://doi.org/10.1017/s1366728914000273","Ward, R., & Awani, J. (2024). Bilingualism and flexibility in task switching. Studies in Second Language Acquisition, 46(4), 996–1012. https://doi.org/10.1017/s0272263124000378",Bilingualism: Language and Cognition,1.65,1,"Many bilinguals routinely switch between their languages, yet mixed evidence exists about the transfer of language switching skills to broader domains that require attentional control such as task switching. Monolingual and bilingual young adults performed a nonverbal task-switching paradigm in which they viewed colored pictures of animals and indicated either the animal or its color in response to a cue. Monolinguals and bilinguals performed similarly when switching between tasks (local switch cost) in a mixed-task block, but bilinguals demonstrated a smaller mixing effect (global switch cost) than monolinguals, indicating better ability to reconfigure stimulus–response associations. These results suggest that regular practice using multiple languages confers a broader executive function advantage shown as improved flexibility in task switching.",success,This replication study supported previous findings indicating that some bilingual individuals possess advantages in terms of cognitive flexibility in task switching.,10.1017/s1366728914000273,10.1017/s0272263124000378
"Further Evidence That Repeated Checking Leads to Reduced Memory Confidence, Vividness and Detail: New Evidence That Repeated Object Exposure Also Results in Memory Distrust",Not all checking decreases memory confidence: Implications for obsessive-compulsive disorder,"Medway, M., & Jones, M. K. (2013). Further Evidence That Repeated Checking Leads to Reduced Memory Confidence, Vividness and Detail: New Evidence That Repeated Object Exposure Also Results in Memory Distrust. Behaviour Change, 30(3), 159–179. https://doi.org/10.1017/bec.2013.16","Burns, D. J., Dalterio, C. H., Burns, S. A., & Coelho, G. V. (2020). Not all checking decreases memory confidence: Implications for obsessive-compulsive disorder. Journal of Behavior Therapy and Experimental Psychiatry, 69, 101573. https://doi.org/10.1016/j.jbtep.2020.101573",Behaviour Change,0,1,"Researchers have suggested that distrust in one's memory is both a cause and a consequence of repeated checking. We investigated whether reduced clarity and confidence occurs to an equal degree with repeated object use and repeated checking. In addition, whether decreased memory confidence persists after a delay in checking or use was examined. Participants ( N = 113) either repeatedly checked or repeatedly used a virtual stove or a light bulb stimulus (the control stimulus). Significant declines in memory accuracy, confidence, vividness and detail were observed for the experimental compared to the control stimulus. No significant differences in these effects between the checking and exposure conditions were found. A significant increase in state anxiety across pre-, mid- and post-test was found for both conditions. These findings provide further support for the notion that repeated checking can be self-perpetuating due to its impact on memory processes. The findings also suggest that checking is not necessary for these effects to occur as repeated use without checking also results in significant declines in memory accuracy, confidence, vividness and detail. Theoretical and clinical implications are discussed.",success,we consistently replicated the increase in memory distrust across repeated trials that is typically found with the stove-checking task,10.1017/bec.2013.16,10.1016/j.jbtep.2020.101573
GETTIERIZED KNOBE EFFECTS,Estimating the Reproducibility of Experimental Philosophy,"Beebe, J. R., & Shea, J. (2013). GETTIERIZED KNOBE EFFECTS. Episteme, 10(3), 219–240. https://doi.org/10.1017/epi.2013.23","Cova, F., Strickland, B., Abatista, A., Allard, A., Andow, J., Attie, M., Beebe, J., Berniūnas, R., Boudesseul, J., Colombo, M., Cushman, F., Diaz, R., N’Djaye Nikolai van Dongen, N., Dranseika, V., Earp, B. D., Torres, A. G., Hannikainen, I., Hernández-Conde, J. V., Hu, W., … Zhou, X. (2018). Estimating the Reproducibility of Experimental Philosophy. Review of Philosophy and Psychology, 12(1), 9–44. https://doi.org/10.1007/s13164-018-0400-9 Individual report available at https://osf.io/gme8f",Episteme,0.73,1,"We report experimental results showing that participants are more likely to attribute knowledge in familiar Gettier cases when the would-be knowers are performing actions that are negative in some way (e.g. harmful, blameworthy, norm-violating) than when they are performing positive or neutral actions. Our experiments bring together important elements from the Gettier case literature in epistemology and the Knobe effect literature in experimental philosophy and reveal new insights into folk patterns of knowledge attribution.",success,YES in ReplicationSUCCESS column,10.1017/epi.2013.23,10.1007/s13164-018-0400-9
"The retrospective gambler’s fallacy: Unlikely events, constructing the past, and multiple universes",Investigating Variation in Replicability,"Oppenheimer, D. M., & Monin, B. (2009). The retrospective gambler’s fallacy: Unlikely events, constructing the past, and multiple universes. Judgment and Decision Making, 4(5), 326–334. https://doi.org/10.1017/s1930297500001170","Klein, R. A., Ratliff, K. A., Vianello, M., Adams, R. B., Bahník, Š., Bernstein, M. J., Bocian, K., Brandt, M. J., Brooks, B., Brumbaugh, C. C., Cemalcilar, Z., Chandler, J., Cheong, W., Davis, W. E., Devos, T., Eisner, M., Frankowska, N., Furrow, D., Galliani, E. M., … Nosek, B. A. (2014). Investigating Variation in Replicability. Social Psychology, 45(3), 142–152. https://doi.org/10.1027/1864-9335/a000178 Individual report available at https://osf.io/y36m8",Judgment and Decision Making,1.44,2a,"The gambler’s fallacy (Tune, 1964) refers to the belief that a streak is more likely to end than chance would dictate. In three studies, participants exhibited a retrospective gambler’s fallacy (RGF) in which an event that seems rare appears to come from a longer sequence than an event that seems more common. Study 1 demonstrates this bias for streaks, while Study 2 does so with single rare events and shows that the appearance of rarity is more important than actual rarity. Study 3 extends these findings from abstract gambling domains into real world domains to demonstrate the generalizability of the effects. The RGF follows from the law of small numbers (Tversky &amp; Kahneman, 1971) and has many applications, from perceptions of the social world to philosophical debates about the existence of multiple universes.",success,Table 2 aggregate significance test p < .001,10.1017/s1930297500001170,10.1027/1864-9335/a000178
"Warmer Hearts, Warmer Rooms",Many Labs 3: Evaluating participant pool quality across the academic semester via replication,"Szymkow, A., Chandler, J., IJzerman, H., Parzuchowski, M., & Wojciszke, B. (2013). Warmer Hearts, Warmer Rooms. Social Psychology, 44(2), 167–176. https://doi.org/10.1027/1864-9335/a000147","Ebersole, C. R., Atherton, O. E., Belanger, A. L., Skulborstad, H. M., Allen, J. M., Banks, J. B., Baranski, E., Bernstein, M. J., Bonfiglio, D. B. V., Boucher, L., Brown, E. R., Budiman, N. I., Cairo, A. H., Capaldi, C. A., Chartier, C. R., Chung, J. M., Cicero, D. C., Coleman, J. A., Conway, J. G., … Nosek, B. A. (2016). Many Labs 3: Evaluating participant pool quality across the academic semester via replication. Journal of Experimental Social Psychology, 67, 68–82. https://doi.org/10.1016/j.jesp.2015.10.012 Individual report available at https://osf.io/ct89g/",Social Psychology,2.23,1,"Conceptual representations of warmth have been shown to be related to people’s perceptions of ambient temperature. Based on this premise, we hypothesized that merely thinking about personality traits related to communion (but not agency) influences physical experience of warmth. Specifically, the three studies revealed that (a) perceptions of temperature are influenced by both positive and negative attributes within the communion but not agency dimension, (b) the effect is stronger when traits indicate sociability rather than morality subdimension of communion, and (c) communion activation affects temperature perceptions independently of target’s or self-perceptions.",failure,The replications did not show evidence of the orig- inal effect.8,10.1027/1864-9335/a000147,10.1016/j.jesp.2015.10.012
Bottomless Bowls: Why Visual Cues of Portion Size May Influence Intake<sup>**</sup>,Visual cues and food intake: A preregistered replication of Wansink et al. (2005).,"Wansink, B., Painter, J. E., & North, J. (2005). Bottomless Bowls: Why Visual Cues of Portion Size May Influence Intake**. Obesity Research, 13(1), 93–100. Portico. https://doi.org/10.1038/oby.2005.12","Lopez, A., Choi, A. K., Dellawar, N. C., Cullen, B. C., Avila Contreras, S., Rosenfeld, D. L., & Tomiyama, A. J. (2024). Visual cues and food intake: A preregistered replication of Wansink et al. (2005). Journal of Experimental Psychology: General, 153(2), 275–281. https://doi.org/10.1037/xge0001503",Obesity Research,0,1,"Objective: Using self‐refilling soup bowls, this study examined whether visual cues related to portion size can influence intake volume without altering either estimated intake or satiation. Research Methods and Procedures: Fifty‐four participants (BMI, 17.3 to 36.0 kg/m 2 ; 18 to 46 years of age) were recruited to participate in a study involving soup. The experiment was a between‐subject design with two visibility levels: 1) an accurate visual cue of a food portion (normal bowl) vs. 2) a biased visual cue (self‐refilling bowl). The soup apparatus was housed in a modified restaurant‐style table in which two of four bowls slowly and imperceptibly refilled as their contents were consumed. Outcomes included intake volume, intake estimation, consumption monitoring, and satiety. Results: Participants who were unknowingly eating from self‐refilling bowls ate more soup [14.7 ± 8.4 vs. 8.5 ± 6.1 oz; F (1,52) = 8.99; p &lt; 0.01] than those eating from normal soup bowls. However, despite consuming 73% more, they did not believe they had consumed more, nor did they perceive themselves as more sated than those eating from normal bowls. This was unaffected by BMI. Discussion: These findings are consistent with the notion that the amount of food on a plate or bowl increases intake because it influences consumption norms and expectations and it lessens one's reliance on self‐monitoring. It seems that people use their eyes to count calories and not their stomachs. The importance of having salient, accurate visual cues can play an important role in the prevention of unintentional overeating.",success,"The results of the present study did replicate the key finding from Wansink et al.—participants that ate from the imperceptibly self-refilling bowl ate more than those eating from the regular bowl. [...] (32% more soup consumption, or d = 0.45) [...] In our preregistration, we had indicated that a successful replication would be defined as “If our results show that the experimental (biased visual cue) group consumed significantly more soup than the control (accurate visual cue) group, but their estimated consumption and satiation ratings were not significantly different between groups. In terms of the size of the effect, we will consider the effect replicated if the difference in the two groups in terms of consumption is at least half of the original effect (i.e., Cohen’s d = 0.4223).” While participants in the control group estimated that they ate significantly more soup than did those in the experimental group, these results are still consistent with Wansink and colleagues’ hypotheses. We therefore deem this replication successful.",10.1038/oby.2005.12,10.1037/xge0001503
The Aging of the Social Mind - Differential Effects on Components of Social Understanding,The ageing of the social mind: replicating the preservation of socio-affective and the decline of socio-cognitive processes in old age,"Reiter, A. M. F., Kanske, P., Eppinger, B., & Li, S.-C. (2017). The Aging of the Social Mind - Differential Effects on Components of Social Understanding. Scientific Reports, 7(1). https://doi.org/10.1038/s41598-017-10669-4","Stietz, J., Pollerhoff, L., Kurtz, M., Li, S.-C., Reiter, A. M. F., & Kanske, P. (2021). The ageing of the social mind: replicating the preservation of socio-affective and the decline of socio-cognitive processes in old age. Royal Society Open Science, 8(8), 210641. https://doi.org/10.1098/rsos.210641",Scientific Reports,3.91,1,"Research in younger adults dissociates cognitive from affective facets of social information processing, rather than promoting a monolithic view of social intelligence. An influential theory on adult development suggests differential effects of aging on cognitive and affective functions. However, this dissociation has not been directly tested in the social domain. Employing a newly developed naturalistic paradigm that disentangles facets of the social mind within an individual, we show multi-directionality of age-related differences. Specifically, components of the socio-cognitive route – Theory of Mind and metacognition – are impaired in older relative to younger adults. Nevertheless, these social capacities are still less affected by aging than factual reasoning and metacognition regarding non-social content. Importantly, the socio-affective route is well-functioning, with no decline in empathy and elevated compassion in the elderly. These findings contribute to an integrated theory of age-related change in social functioning and inform interventions tailored to specifically reinstate socio-cognitive skills in old age.",success,"We were able to replicate the previously observed results of a preservation or even enhancement in socio-affective processes, but a decline in socio-cognitive processes for older adults.",10.1038/s41598-017-10669-4,10.1098/rsos.210641
Positive and negative facial valence perception are modulated differently by eccentricity in the parafovea,Positive and negative facial valence perception are modulated differently by eccentricity in the parafovea: Replication from KDEF to NimStim,"Akselevich, V., & Gilaie-Dotan, S. (2022). Positive and negative facial valence perception are modulated differently by eccentricity in the parafovea. Scientific Reports, 12(1). https://doi.org/10.1038/s41598-022-24919-7","Akselevich, V., & Gilaie-Dotan, S. (2024). Positive and negative facial valence perception are modulated differently by eccentricity in the parafovea: Replication from KDEF to NimStim. Scientific Reports, 14(1). https://doi.org/10.1038/s41598-024-63724-2",Scientific Reports,3.91,2,"Understanding whether people around us are in a good, bad or neutral mood can be critical to our behavior, both when looking directly at them or when they are in our peripheral visual field. However, facial expressions of emotions are often investigated at central visual field or at locations right or left of fixation. Here we assumed that perception of facial emotional valence (the emotion’s pleasantness) changes with distance from central visual field (eccentricity) and that different emotions may be influenced differently by eccentricity. Participants (n = 58) judged the valence of emotional faces across the parafovea (≤ 4°, positive (happy), negative (fearful), or neutral)) while their eyes were being tracked. As expected, performance decreased with eccentricity. Positive valence perception was least affected by eccentricity (accuracy reduction of 10–19% at 4°) and negative the most (accuracy reduction of 35–38% at 4°), and this was not a result of speed-accuracy trade-off or response biases. Within-valence (but not across-valence) performance was associated across eccentricities suggesting perception of different valences is supported by different mechanisms. While our results may not generalize to all positive and negative emotions, they indicate that beyond-foveal investigations can reveal additional characteristics of the mechanisms that underlie facial expression processing and perception.",success,"All our prior findings replicated and eccentricity-based modulation magnitude was smaller with NimStim (~ 16.6% accuracy reduction at 4°) than with KDEF stimuli (~ 27.3% reduction). Our current investigations support our earlier findings that for briefly presented parafoveal stimuli, positive and negative valence perception are differently affected by eccentricity and may be dissociated.",10.1038/s41598-022-24919-7,10.1038/s41598-024-63724-2
Fake news game confers psychological resistance against online misinformation,Good News about Bad News: Gamified Inoculation Boosts Confidence and Cognitive Immunity Against Fake News,"Roozenbeek, J., & van der Linden, S. (2019). Fake news game confers psychological resistance against online misinformation. Palgrave Communications, 5(1). https://doi.org/10.1057/s41599-019-0279-9","Basol, M., Roozenbeek, J., & Van der Linden, S. (2020). Good News about Bad News: Gamified Inoculation Boosts Confidence and Cognitive Immunity Against Fake News. Journal of Cognition, 3(1), 2. https://doi.org/10.5334/joc.91",Palgrave Communications,0,NA,"The spread of online misinformation poses serious challenges to societies worldwide. In a novel attempt to address this issue, we designed a psychological intervention in the form of an online browser game. In the game, players take on the role of a fake news producer and learn to master six documented techniques commonly used in the production of misinformation: polarisation, invoking emotions, spreading conspiracy theories, trolling people online, deflecting blame, and impersonating fake accounts. The game draws on an inoculation metaphor, where preemptively exposing, warning, and familiarising people with the strategies used in the production of fake news helps confer cognitive immunity when exposed to real misinformation. We conducted a large-scale evaluation of the game with N = 15,000 participants in a pre-post gameplay design. We provide initial evidence that people’s ability to spot and resist misinformation improves after gameplay, irrespective of education, age, political ideology, and cognitive style.",success,"We find that playing Bad News significantly improves people’s ability to spot misinformation techniques compared to a gamified control group, and crucially, also increases people’s level of confidence in their own judgments.",10.1057/s41599-019-0279-9,10.5334/joc.91
Motivating voter turnout by invoking the self,Do Subtle Linguistic Interventions Priming a Social Identity as a Voter Have Outsized Effects on Voter Turnout? Evidence From a New Replication Experiment,"Bryan, C. J., Walton, G. M., Rogers, T., & Dweck, C. S. (2011). Motivating voter turnout by invoking the self. Proceedings of the National Academy of Sciences, 108(31), 12653–12656. https://doi.org/10.1073/pnas.1103343108","Gerber, A., Huber, G., & Fang, A. (2017). Do Subtle Linguistic Interventions Priming a Social Identity as a Voter Have Outsized Effects on Voter Turnout? Evidence From a New Replication Experiment. Political Psychology, 39(4), 925–938. Portico. https://doi.org/10.1111/pops.12446",Proceedings of the National Academy of Sciences,6.95,3,"Three randomized experiments found that subtle linguistic cues have the power to increase voting and related behavior. The phrasing of survey items was varied to frame voting either as the enactment of a personal identity (e.g., “being a voter”) or as simply a behavior (e.g., “voting”). As predicted, the personal-identity phrasing significantly increased interest in registering to vote (experiment 1) and, in two statewide elections in the United States, voter turnout as assessed by official state records (experiments 2 and 3). These results provide evidence that people are continually managing their self-concepts, seeking to assume or affirm valued personal identities. The results further demonstrate how this process can be channeled to motivate important socially relevant behavior.",failure,We find no evidence that this minor wording change increases turnout levels. This research provides new evidence that the strategy of invoking the self does not appear to consistently increase turnout and calls into question whether subtle linguistic cues have outsized behavioral effects.,10.1073/pnas.1103343108,10.1111/pops.12446
Higher social class predicts increased unethical behavior,Eleven years of student replication projects provide evidence on the correlates of replicability in psychology,"Piff, P. K., Stancato, D. M., Côté, S., Mendoza-Denton, R., & Keltner, D. (2012). Higher social class predicts increased unethical behavior. Proceedings of the National Academy of Sciences, 109(11), 4086–4091. https://doi.org/10.1073/pnas.1118373109","Boyce, V., Mathur, M., & Frank, M. C. (2023). Eleven years of student replication projects provide evidence on the correlates of replicability in psychology. Royal Society Open Science, 10(11). https://doi.org/10.1098/rsos.231240",Proceedings of the National Academy of Sciences,6.95,7,"Seven studies using experimental and naturalistic methods reveal that upper-class individuals behave more unethically than lower-class individuals. In studies 1 and 2, upper-class individuals were more likely to break the law while driving, relative to lower-class individuals. In follow-up laboratory studies, upper-class individuals were more likely to exhibit unethical decision-making tendencies (study 3), take valued goods from others (study 4), lie in a negotiation (study 5), cheat to increase their chances of winning a prize (study 6), and endorse unethical behavior at work (study 7) than were lower-class individuals. Mediator and moderator data demonstrated that upper-class individuals’ unethical tendencies are accounted for, in part, by their more favorable attitudes toward greed.",failure,"The current study did not replicate Piff et al.’s findings, which may be a reflection of the reliability of measures or the generalizability to other populations.",10.1073/pnas.1118373109,10.1098/rsos.231240
Rational integration of noisy evidence and prior semantic expectations in sentence interpretation,Eleven years of student replication projects provide evidence on the correlates of replicability in psychology,"Gibson, E., Bergen, L., & Piantadosi, S. T. (2013). Rational integration of noisy evidence and prior semantic expectations in sentence interpretation. Proceedings of the National Academy of Sciences, 110(20), 8051–8056. https://doi.org/10.1073/pnas.1216438110","Boyce, V., Mathur, M., & Frank, M. C. (2023). Eleven years of student replication projects provide evidence on the correlates of replicability in psychology. Royal Society Open Science, 10(11). https://doi.org/10.1098/rsos.231240 Individual report available at https://github.com/vboyce/251-254-MA/blob/main/reports/gibson2013.pdf",Proceedings of the National Academy of Sciences,6.95,1,"Sentence processing theories typically assume that the input to our language processing mechanisms is an error-free sequence of words. However, this assumption is an oversimplification because noise is present in typical language use (for instance, due to a noisy environment, producer errors, or perceiver errors). A complete theory of human sentence comprehension therefore needs to explain how humans understand language given imperfect input. Indeed, like many cognitive systems, language processing mechanisms may even be “well designed”–in this case for the task of recovering intended meaning from noisy utterances. In particular, comprehension mechanisms may be sensitive to the types of information that an idealized statistical comprehender would be sensitive to. Here, we evaluate four predictions about such a rational (Bayesian) noisy-channel language comprehender in a sentence comprehension task: ( i ) semantic cues should pull sentence interpretation towards plausible meanings, especially if the wording of the more plausible meaning is close to the observed utterance in terms of the number of edits; ( ii ) this process should asymmetrically treat insertions and deletions due to the Bayesian “size principle”; such nonliteral interpretation of sentences should ( iii ) increase with the perceived noise rate of the communicative situation and ( iv ) decrease if semantically anomalous meanings are more likely to be communicated. These predictions are borne out, strongly suggesting that human language relies on rational statistical inference over a noisy channel.",success,The primary result from the confirmatory analysis bore out the result from the original experiment,10.1073/pnas.1216438110,10.1098/rsos.231240
Ecology-driven stereotypes override race stereotypes,Examining the replicability of online experiments selected by a decision market,"Williams, K. E. G., Sng, O., & Neuberg, S. L. (2015). Ecology-driven stereotypes override race stereotypes. Proceedings of the National Academy of Sciences, 113(2), 310–315. https://doi.org/10.1073/pnas.1519401113","Holzmeister, F., Johannesson, M., Camerer, C. F., Chen, Y., Ho, T.-H., Hoogeveen, S., Huber, J., Imai, N., Imai, T., Jin, L., Kirchler, M., Ly, A., Mandl, B., Manfredi, D., Nave, G., Nosek, B. A., Pfeiffer, T., Sarafoglou, A., Schwaiger, R., … Dreber, A. (2024). Examining the replicability of online experiments selected by a decision market. Nature Human Behaviour, 9(2), 316–330. https://doi.org/10.1038/s41562-024-02062-9 Individual report available at https://osf.io/sejyp",Proceedings of the National Academy of Sciences,6.95,5,"Significance Ecological features shape people’s goals, strategies, and behaviors. Our research suggests that social perceivers possess a lay understanding of ecology’s influence on behavior, resulting in ecology-driven stereotypes. Moreover, because race is confounded with ecology in the United States, Americans’ stereotypes about racial groups may actually reflect their stereotypes about these groups’ presumed home ecologies. In a series of studies, we demonstrate that ( i ) individuals possess ecology-driven stereotypes; ( ii ) these stereotypes are not derivative of race stereotypes; and ( iii ) the application of race stereotypes to targets is greatly diminished when more immediate cues to home ecology are present. These findings have important implications for the conceptualization of race stereotypes, as well as for reducing the application of pernicious stereotypes to individuals.",success,"[Figure 2] There is a statistically significant effect (P < 0.05) in the same direction as the original study for 14 out of 26 replications (53.8%; 95% CI (33.4%, 73.4%)).",10.1073/pnas.1519401113,10.1038/s41562-024-02062-9
People use less information than they think to make up their minds,Examining the replicability of online experiments selected by a decision market,"Klein, N., & O’Brien, E. (2018). People use less information than they think to make up their minds. Proceedings of the National Academy of Sciences, 115(52), 13222–13227. https://doi.org/10.1073/pnas.1805327115","Holzmeister, F., Johannesson, M., Camerer, C. F., Chen, Y., Ho, T.-H., Hoogeveen, S., Huber, J., Imai, N., Imai, T., Jin, L., Kirchler, M., Ly, A., Mandl, B., Manfredi, D., Nave, G., Nosek, B. A., Pfeiffer, T., Sarafoglou, A., Schwaiger, R., … Dreber, A. (2024). Examining the replicability of online experiments selected by a decision market. Nature Human Behaviour, 9(2), 316–330. https://doi.org/10.1038/s41562-024-02062-9 Individual report available at https://osf.io/sejyp",Proceedings of the National Academy of Sciences,6.95,7,"Significance People readily categorize things as good or bad, a welcome adaptation that enables action and reduces information overload. The present research reveals an unforeseen consequence: People do not fully appreciate this immediacy of judgment, instead assuming that they and others will consider more information before forming conclusions than they and others actually do. This discrepancy in perceived versus actual information use reveals a general psychological bias that bears particular relevance in today’s information age. Presumably, one hopes that easy access to abundant information fosters uniformly more-informed opinions and perspectives. The present research suggests mere access is not enough: Even after paying costs to acquire and share ever-more information, people then stop short and do not incorporate it into their judgments.",success,"[Figure 2] There is a statistically significant effect (P < 0.05) in the same direction as the original study for 14 out of 26 replications (53.8%; 95% CI (33.4%, 73.4%)).",10.1073/pnas.1805327115,10.1038/s41562-024-02062-9
Cross-national evidence of a negativity bias in psychophysiological reactions to news,"Replicating and Extending Soroka, Fournier, and Nir: Negative News Increases Arousal and Negative Affect","Soroka, S., Fournier, P., & Nir, L. (2019). Cross-national evidence of a negativity bias in psychophysiological reactions to news. Proceedings of the National Academy of Sciences, 116(38), 18888–18892. https://doi.org/10.1073/pnas.1908369116","Dubèl, R., Schumacher, G., Homan, M. D., Peterson, D., & Bakker, B. N. (2024). Replicating and Extending Soroka, Fournier, and Nir: Negative News Increases Arousal and Negative Affect. Media and Communication, 12. https://doi.org/10.17645/mac.7807",Proceedings of the National Academy of Sciences,6.95,1,"What accounts for the prevalence of negative news content? One answer may lie in the tendency for humans to react more strongly to negative than positive information. “Negativity biases” in human cognition and behavior are well documented, but existing research is based on small Anglo-American samples and stimuli that are only tangentially related to our political world. This work accordingly reports results from a 17-country, 6-continent experimental study examining psychophysiological reactions to real video news content. Results offer the most comprehensive cross-national demonstration of negativity biases to date, but they also serve to highlight considerable individual-level variation in responsiveness to news content. Insofar as our results make clear the pervasiveness of negativity biases on average, they help account for the tendency for audience-seeking news around the world to be predominantly negative. Insofar as our results highlight individual-level variation, however, they highlight the potential for more positive content, and suggest that there may be reason to reconsider the conventional journalistic wisdom that “if it bleeds, it leads.”",success,"We find suggestive evidence for Soroka et al.’s (2019) central finding that negativity causes an increase in skin conductance levels in a conceptually close, well-powered, and preregistered replication.",10.1073/pnas.1908369116,10.17645/mac.7807
Thinking about God increases acceptance of artificial intelligence in decision-making,Does thinking about God increase acceptance of artificial intelligence in decision-making?,"Karataş, M., & Cutright, K. M. (2023). Thinking about God increases acceptance of artificial intelligence in decision-making. Proceedings of the National Academy of Sciences, 120(33). https://doi.org/10.1073/pnas.2218961120","Moore, D. A., Schroeder, J., Bailey, E. R., Gershon, R., Moore, J. E., & Simmons, J. P. (2024). Does thinking about God increase acceptance of artificial intelligence in decision-making? Proceedings of the National Academy of Sciences, 121(31). https://doi.org/10.1073/pnas.2402315121",Proceedings of the National Academy of Sciences,6.95,1,"Thinking about God promotes greater acceptance of Artificial intelligence (AI)-based recommendations. Eight preregistered experiments ( n = 2,462) reveal that when God is salient, people are more willing to consider AI-based recommendations than when God is not salient. Studies 1 and 2a to 2d demonstrate across a wide variety of contexts, from choosing entertainment and food to mutual funds and dental procedures, that God salience reduces reliance on human recommenders and heightens willingness to consider AI recommendations. Studies 3 and 4 demonstrate that the reduced reliance on humans is driven by a heightened feeling of smallness when God is salient, followed by a recognition of human fallibility. Study 5 addresses the similarity in mysteriousness between God and AI as an alternative, but unsupported, explanation. Finally, study 6 ( n = 53,563) corroborates the experimental results with data from 21 countries on the usage of robo-advisors in financial decision-making.",failure,"Fig. 1 shows that our replications produced weaker results than those reported in the original studies. In our replications, the effect of God salience on AI reliance is not statistically different from zero (Studies 1, 2a, 2b, 3, and 5 produced effect sizes, measured by r, of 0.03, 0.02, 0.03, 0.002, and 0.01, respectively—in contrast to the original effect sizes reported for each of the respective studies of 0.19, 0.15, 0.14, 0.11, and 0.19). Fig. 1 omits a conceptual replication of Study 1 that produced a nonsignificant effect in the opposite direction of the original Study 1, t(279) = −1.78, P = 0.077, r = −0.10.....Although the majority of our replications produced results directionally consistent with those of Karataş and Cutright, our results imply that if the effect exists, it is so small that the original studies lacked the power to detect it. || In our replications, the effect of God salience on AI reliance is not statistically different from zero (Studies 1, 2a, 2b, 3, and 5 produced effect sizes, measured by r, of 0.03, 0.02, 0.03, 0.002, and 0.01, respectively—in contrast to the original effect sizes reported for each of the respective studies of 0.19, 0.15, 0.14, 0.11, and 0.19). [...] The results of our replications suggest that the evidence is less compelling than the original paper purported. || In our replications, the effect of God salience on AI reliance is not statistically different from zero (Studies 1, 2a, 2b, 3, and 5 produced effect sizes, measured by r, of 0.03, 0.02, 0.03, 0.002, and 0.01, respectively—in contrast to the original effect sizes reported for each of the respective studies of 0.19, 0.15, 0.14, 0.11, and 0.19). || Fig. 1 shows that our replications produced weaker results than those reported in the original studies. In our replications, the effect of God salience on AI reliance is not statistically different from zero (Studies 1, 2a, 2b, 3, and 5 produced effect sizes, measured by r, of 0.03, 0.02, 0.03, 0.002, and 0.01, respectively—in contrast to the original effect sizes reported for each of the respective studies of 0.19, 0.15, 0.14, 0.11, and 0.19)....Although the majority of our replications produced results directionally consistent with those of Karataş and Cutright, our results imply that if the effect exists, it is so small that the original studies lacked the power to detect it.",10.1073/pnas.2218961120,10.1073/pnas.2402315121
Psycholinguistic and corpus-linguistic evidence for L2 constructions,Preterit-imperfect acquisition in L2 Spanish writing: Moving beyond lexical aspect,"Gries, S. Th., & Wulff, S. (2009). Psycholinguistic and corpus-linguistic evidence for L2 constructions. Annual Review of Cognitive Linguistics, 7, 163–186. Portico. https://doi.org/10.1075/arcl.7.07gri","Minnillo, S., Sánchez-Gutiérrez, C., Carando, A., Davidson, S., Fernández Mira, P., & Sagae, K. (2022). Preterit-imperfect acquisition in L2 Spanish writing: Moving beyond lexical aspect. Research in Corpus Linguistics, 10(1), 156–184. https://doi.org/10.32714/ricl.10.01.08",Annual Review of Cognitive Linguistics,0,NA,"In Construction Grammar, highly frequent syntactic configurations are assumed to be stored as symbolic units in the mental lexicon alongside words. Considering the example of gerund and infinitival complement constructions in English ( She tried rocking the baby vs. She tried to rock the baby ), this study combines corpus-linguistic and experimental evidence to investigate the question whether these patterns are also stored as constructions by German foreign language learners of English. In a corpus analysis based on 3,343 instances of the two constructions from the British component of the International Corpus of English , a distinctive collexeme analysis was computed to identify the verbs that distinguish best between the two constructions; these verbs were used as experimental stimuli in a sentence completion experiment and a sentence acceptability rating experiment. Two kinds of short-distance priming effects were investigated in the completion data: we checked how often subjects produced an ing -/ to -/’other’-construction after having rated an ing - or to -construction (rating-to-production priming), and how often they produced an ing -/ to -/’other’-construction when they had produced and ing - or to -construction in the directly preceding completion (production-to-production priming). Furthermore, we considered the proportion of to -completions before a completion in the questionnaire as a measure of a within-subject accumulative priming effect. We found no rating-to-production priming effects in the expected direction, but a weak effect in the opposite direction; short-distance production-to-production priming effects from ing to ing and from ‘other’ and to to to , and, on the whole at least, a suggestive accumulative production-to-production priming effect for both constructions. In the rating task, we found that subjects rate sentences better when the sentential structure is compatible with the main verb’s collexemic distinctiveness.",success,Prior research has found that the frequency and distinctiveness of verb forms in corpora of L1 English production predict L2 English learners‚Äô tense-aspect production [Replication r]esults indicate that L1 verb frequency and distinctiveness predict learners‚Äô emergent use of the preterit and the imperfect.,10.1075/arcl.7.07gri,10.32714/ricl.10.01.08
Disentangling professional competence and foreign accent,Accent Bias in Professional Evaluations: A Conceptual Replication Study in Brazil,"Teló, C., Trofimovich, P., & Grantham O’Brien, M. (2022). Disentangling professional competence and foreign accent. Journal of Second Language Pronunciation, 8(3), 413–443. Portico. https://doi.org/10.1075/jslp.22013.tel","Teló, C., Silveira, R., Marcelino, A. F. B., & O’Brien, M. G. (2024). Accent Bias in Professional Evaluations: A Conceptual Replication Study in Brazil. Applied Linguistics, 45(6), 1010–1029. https://doi.org/10.1093/applin/amae042",Journal of Second Language Pronunciation,0.66,1,"This study examined listeners’ evaluations of first (L1) and second language (L2) English speech in work-related contexts. Ninety-six English-speaking listeners from Calgary rated audio recordings of 12 English speakers (6 L1 English, 6 L1 Tagalog) along three continua capturing one professional (competence), one experiential (treatment preference), and one linguistic (comprehensibility) dimension. The audio recordings additionally differed in terms of job prestige (high vs. low) and performance level (high vs. low). Compared to English speakers, Tagalog speakers were rated as less competent and comprehensible overall, and listeners wished to be treated more like the clients in scenarios recorded by English than Tagalog speakers, with all effects magnified for speakers with heavier foreign accents. Nonetheless, listeners generally evaluated English and Tagalog speakers similarly in low-prestige and in low-performance scenarios, but rated low performance less negatively in low-prestige positions. Findings demonstrate highly nuanced accent bias in work-related contexts.",failure,"Our findings challenge the notion of consistent bias, as listeners did not uniformly perceive L1 Brazilian Portuguese speakers as more competent and comprehensible than L1 Spanish speakers, and, in fact, generally preferred treatment provided by L1 Spanish speakers.",10.1075/jslp.22013.tel,10.1093/applin/amae042
Squeezed: Coping with Constraint through Efficiency and Prioritization,"Fernbach, Kan, &amp; Lynch, 2015 - Study 2 Replication (Schatz)","Fernbach, P. M., Kan, C., & Lynch, J. G. (2014). Squeezed: Coping with Constraint through Efficiency and Prioritization. Journal of Consumer Research, 41(5), 1204–1227. https://doi.org/10.1086/679118","Dev, A., Nelson, L. D., Schatz, D., Moore, D. A., Carr, C., Rosenblum, M., &amp; O'Donnell, M. (2019). Fernbach, Kan, &amp; Lynch, 2015 - Study 2 Replication (Schatz). <i>OSF</i>. https://doi.org/10.17605/OSF.IO/EZW6P",Journal of Consumer Research,5.42,2,"When consumers perceive that a resource is limited and may be insufficient to accomplish goals, they recruit and enact plans to cope with the shortage. We distinguish two common strategies: efficiency planning yields savings by stretching the resource, whereas priority planning does so by sacrificing less important goals. Using a variety of methods to explore both financial and time planning, we investigate how the two types of planning differ, how they vary with constraint, and how they interrelate. Relative to efficiency planning, priority planning is perceived as yielding larger one-time savings, but it feels more costly because it requires trade-offs within-resource (e.g., money for money) as opposed to cross-resource (e.g., time for money). As constraint increases and greater resource savings are required, prioritization becomes more likely. However, the shift to prioritization is often insufficient, and consumers tend to react to insufficient prioritization dysfunctionally, making a bad situation worse. Budgeting helps consumers behave more adaptively. Budgeters respond to constraint with more priority planning than nonbudgeters, and they report fewer dysfunctional behaviors, like overspending and impulsive shopping.",failure,"The omnibus interaction effect was not significant, F(2, 297) = 1.96, p= .143. The single dfcontrast testing for the linear effect of constraint by the type of plan was also not significant, F(1, 297) = 1.44, p= .23but wasdirectionally consistentthe original finding t(297) = 1.20.",10.1086/679118,10.17605/osf.io/ezw6p
Product Entitativity: How the Presence of Product Replicates Increases Perceived and Actual Product Efficacy,[90] Data Replicada #7: Does Displaying Multiple Copies of a Product Increase Its Perceived Effectiveness?,"VanBergen, N., Irmak, C., & Sevilla, J. (2020). Product Entitativity: How the Presence of Product Replicates Increases Perceived and Actual Product Efficacy. Journal of Consumer Research, 47(2), 192–214. https://doi.org/10.1093/jcr/ucaa006","Simmons, J. &. Nelson, L.D. (2020). [90] Data Replicada #7: Does Displaying Multiple Copies of a Product Increase Its Perceived Effectiveness? Data Colada.",Journal of Consumer Research,5.42,1,"Many studies document the benefits of presenting smaller quantities of products, particularly when differences in quantity relate to availability or popularity. However, we know less about the effects of quantity differences in contexts unrelated to scarcity, such as when products are depicted in ads, special displays, or online retailing settings. The present research builds on extant literature by investigating a previously unexplored question: How do product perceptions differ depending on whether consumers view a single unit in isolation, versus as one unit among identical product replicates? Five experiments demonstrate that presenting multiple product replicates as a group (vs. presenting a single item) increases product efficacy perceptions because it leads consumers to perceive products as more homogeneous and unified around a shared goal. That is, consumers perceive greater product entitativity when viewing a group of product replicates. As a result, the perceived and actual ability of products to deliver that function (i.e., product efficacy) increases.",failure,"As you can see, the original finding did not replicate.",10.1093/jcr/ucaa006,NA
Goal Conflict Encourages Work and Discourages Leisure,[97] Data Replicada #10: Does Goal Conflict Affect Time Spent on Work and Leisure?,"Etkin, J., & Memmi, S. A. (2020). Goal Conflict Encourages Work and Discourages Leisure. Journal of Consumer Research, 47(5), 716–736. https://doi.org/10.1093/jcr/ucaa019","Simmons, J. &. Nelson, L.D. (2021, May 4). [97] Data Replicada #10: Does Goal Conflict Affect Time Spent on Work and Leisure? Data Colada.",Journal of Consumer Research,5.42,1a,"Leisure is desirable and beneficial, yet consumers frequently forgo leisure in favor of other activities—namely, work. Why? We propose that goal conflict plays an important role. Seven experiments demonstrate that perceiving greater goal conflict shapes how consumers allocate time to work and leisure—even when those activities are unrelated to the conflicting goals. This occurs because goal conflict increases reliance on salient justifications, influencing how much time people spend on subsequent, unrelated activities. Because work tends to be easier to justify and leisure harder to justify, goal conflict increases time spent on work and decreases time spent on leisure. Thus, despite the conflicting goals being independent of the specific work and leisure activities considered (i.e., despite goal conflict being “incidental”), perceiving greater goal conflict encourages work and discourages leisure. The findings further understanding of how consumers allocate time to work and leisure, incidental effects of goal conflict on decision-making, and the role of justification in consumer choice. They also have implications for the use of “time-saving” technologies and the marketing of leisure activities.",failure,"On balance then, these replications were not successful. If the effects exist, they could not have been detected in the original study",10.1093/jcr/ucaa019,NA
"Wine for the Table: Self-Construal, Group Size, and Choice for Self and Others",[83] Data Replicada #2: Do Self-Construal and Group Size Influence How People Make Choices on Behalf of a Group?,"Wu, E. C., Moore, S. G., & Fitzsimons, G. J. (2018). Wine for the Table: Self-Construal, Group Size, and Choice for Self and Others. Journal of Consumer Research, 46(3), 508–527. https://doi.org/10.1093/jcr/ucy082","Simmons, J. &. Nelson, L.D. (2020). [83] Data Replicada #2: Do Self-Construal and Group Size Influence How People Make Choices on Behalf of a Group? Data Colada.",Journal of Consumer Research,5.42,3,"This research examines how consumers make unilateral decisions on behalf of the self and multiple others, in situations where the chosen option will be shared and consumed jointly by the group—for instance, choosing wine for the table. Results across six studies using three different choice contexts (wine, books, and movies) demonstrate that such choices are shaped by the decision-maker’s self-construal (independent vs. interdependent) and by the size of the group being chosen for (large vs. small). Specifically, we find that interdependent consumers consistently make choices that balance self and others’ preferences, regardless of group size. In contrast, the choices of independent consumers differ depending on group size: for smaller groups, independents make choices that balance self and others’ preferences, while for larger groups, they make choices that more strongly reflect their own preferences. Via mediation and moderation, the data show that differential attention to others underlies the combined effect of self-construal and group size on the joint consumption choices that consumers make for the self and others.",success,"In the first replication attempt (with the typo), the three-way interaction among prime, group size, and preference for nonfiction was significant and in the same direction as in the original study: b = .162, SE = .070, p = .022.",10.1093/jcr/ucy082,NA
The Uncertain Self: How Self-Concept Structure Affects Subscription Choice,[84] Data Replicada #3: Does Self-Concept Uncertainty Influence Magazine Subscription Choice?,"Savary, J., & Dhar, R. (2019). The Uncertain Self: How Self-Concept Structure Affects Subscription Choice. Journal of Consumer Research, 46(5), 887–903. https://doi.org/10.1093/jcr/ucz022","Simmons, J. &. Nelson, L.D. (2020). [84] Data Replicada #3: Does Self-Concept Uncertainty Influence Magazine Subscription Choice? Data Colada.",Journal of Consumer Research,5.42,4,"Whether it is clothing, meals or an exercise regimen, consumers purchase a wide range of goods on a recurring basis using a subscription model. While past research indicates that people continue to subscribe to these services even when they rarely use them, no work to date has examined how identity considerations affect preferences in this domain. Building on research on signaling and self-concept structure, we propose that quitting an ongoing subscription can threaten the stability of the self-concept by signaling a change in identity. Consumers who are uncertain about their self-concept (i.e., low self-concept clarity) and motivated to maintain a stable self-concept are thus more likely to keep unused subscriptions than those who are more certain. In support of the underlying mechanism, we demonstrate that self-concept clarity affects choices only for identity-relevant subscription choices, and that it affects choices for subscriptions, but not one-shot product choices that are a weaker signal of identity. Finally, because signing up for a new subscription also signals an identity change that can threaten the stability of the self, consumers with low self-concept clarity are also less likely to subscribe to a new service compared to those with more certain self-concepts.",failure,"In sum, using three times the sample size as the original study, we find no evidence that people’s tendency to retain or acquire identity-relevant magazine subscriptions is affected by having them write about aspects of their lives that make them feel certain versus uncertain about themselves.",10.1093/jcr/ucz022,NA
The Influence of Product Anthropomorphism on Comparative Judgment,[87] Data Replicada #5: Do Human-Like Products Inspire More Holistic Judgments?,"Huang, F., Wong, V. C., & Wan, E. W. (2019). The Influence of Product Anthropomorphism on Comparative Judgment. Journal of Consumer Research. https://doi.org/10.1093/jcr/ucz028","Simmons, J. &. Nelson, L.D. (2020). [87] Data Replicada #5: Do Human-Like Products Inspire More Holistic Judgments? Data Colada.",Journal of Consumer Research,5.42,2,"The present research proposes a new perspective to investigate the effect of product anthropomorphism on consumers’ comparative judgment strategy in comparing two anthropomorphized (vs. two nonanthropomorphized) product options in a consideration set. Six experiments show that anthropomorphism increases consumers’ use of an absolute judgment strategy (vs. a dimension-by-dimension strategy) in comparative judgment, leading to increased preference for the option with a more favorable overall evaluation over the option with a greater number of superior dimensions. The effect is mediated by consumers’ perception of each anthropomorphized product alternative as an integrated entity rather than a bundle of separate attributes. The authors find the effect to be robust by directly tracing the process of participants’ information processing using MouseLab software and eye-tracking techniques, and by self-reported preferences and real consumption choices. Moreover, the effect is moderated by the motivation to seek maximized accuracy or ease. These studies have important implications for theories about anthropomorphism and comparative judgment as well as marketing practice.",failure,"Indeed, perhaps the most noteworthy finding is that the two replications produced extremely similar results, despite coming from different online populations. One conclusion could be that the original effect does not truly exist, and the original finding was a false positive. Our evidence is consistent with that.",10.1093/jcr/ucz028,NA
Age and Time Horizons Are Associated With Preferences for Helping Colleagues,Eleven years of student replication projects provide evidence on the correlates of replicability in psychology,"Shavit, Y. Z., Chi, K., & Carstensen, L. L. (2022). Age and Time Horizons Are Associated With Preferences for Helping Colleagues. Work, Aging and Retirement, 9(3), 280–290. https://doi.org/10.1093/workar/waac024","Boyce, V., Mathur, M., & Frank, M. C. (2023). Eleven years of student replication projects provide evidence on the correlates of replicability in psychology. Royal Society Open Science, 10(11). https://doi.org/10.1098/rsos.231240 Individual report available at https://rpubs.com/ennachen/psych251_finalproject","Work, Aging and Retirement",2.63,1,"The present study examined the causal role of time horizons in age differences in worker motivation. Based on socioemotional selectivity theory (SST), we hypothesized that under unspecified time horizons, older workers prefer to engage in emotionally meaningful work activities more so than younger workers. We further hypothesized that when time horizons at work are expanded or limited, age differences are eliminated. We recruited a sample of employees (N = 555) and randomly assigned them to one of three experimental conditions: a no-instruction condition in which time horizons were not specified, an expanded time horizons condition, or a limited horizons condition. We asked participants to choose from among three options for work-related activities: Helping a colleague or a friend, working on a career-advancing project, or working on a project which may take the company in a new direction. Consistent with SST postulates, we found that age was associated with preferences for helping colleagues in the unspecified horizons condition, and that age differences were eliminated when time horizons were extended or limited. As hypothesized, expanding time horizons reduced employees’ likelihood of choosing to help colleagues. Contrary to our hypothesis, limiting time horizons also reduced the likelihood of choosing to help colleagues. Alternative explanations are considered. Findings suggest that age differences in worker motivation are shaped by time horizons and that modification of time horizons can alter work preferences.",failure,We failed to replicate the original result.,10.1093/workar/waac024,10.1098/rsos.231240
Online social network size is reflected in human brain structure,A purely confirmatory replication study of structural brain-behavior correlations,"Kanai, R., Bahrami, B., Roylance, R., & Rees, G. (2011). Online social network size is reflected in human brain structure. Proceedings of the Royal Society B: Biological Sciences, 279(1732), 1327–1334. https://doi.org/10.1098/rspb.2011.1959","Boekel, W., Wagenmakers, E.-J., Belay, L., Verhagen, J., Brown, S., & Forstmann, B. U. (2015). A purely confirmatory replication study of structural brain-behavior correlations. Cortex, 66, 115–133. https://doi.org/10.1016/j.cortex.2014.11.019",Proceedings of the Royal Society B: Biological Sciences,3.39,NA,"The increasing ubiquity of web-based social networking services is a striking feature of modern human society. The degree to which individuals participate in these networks varies substantially for reasons that are unclear. Here, we show a biological basis for such variability by demonstrating that quantitative variation in the number of friends an individual declares on a web-based social networking service reliably predicted grey matter density in the right superior temporal sulcus, left middle temporal gyrus and entorhinal cortex. Such regions have been previously implicated in social perception and associative memory, respectively. We further show that variability in the size of such online friendship networks was significantly correlated with the size of more intimate real-world social groups. However, the brain regions we identified were specifically associated with online social network size, whereas the grey matter density of the amygdala was correlated both with online and real-world social network sizes. Taken together, our findings demonstrate that the size of an individual's online social network is closely linked to focal brain structure implicated in social cognition.",failure,"For all but one of the 17 findings under scrutiny, confirmatory Bayesian hypothesis tests indicated evidence in favor of the null hypothesis ranging from anecdotal (Bayes factor < 3) to strong (Bayes factor > 10).",10.1098/rspb.2011.1959,10.1016/j.cortex.2014.11.019
Human adults prefer to cooperate even when it is costly,Human adults prefer to cooperate even when it is costly: A replication of Curioni et al. (2022),"Curioni, A., Voinov, P., Allritz, M., Wolf, T., Call, J., & Knoblich, G. (2022). Human adults prefer to cooperate even when it is costly. Proceedings of the Royal Society B: Biological Sciences, 289(1973). https://doi.org/10.1098/rspb.2022.0128","Lalli, M., &amp; Carter, M. J. (2023). <i>Human adults prefer to cooperate even when it is costly: A replication of Curioni et al. (2022)</i>. OSF Registries. https://doi.org/10.17605/OSF.IO/EVDP5",Proceedings of the Royal Society B: Biological Sciences,3.39,1,"Joint actions are cooperative activities where humans coordinate their actions to achieve individual and shared goals. While the motivation to engage in joint action is clear when a goal cannot be achieved by individuals alone, we asked whether humans are motivated to act together even when acting together is not necessary and implies incurring additional costs compared to individual goal achievement. Using a utility-based empirical approach, we investigated the extent of humans' preference for joint action over individual action, when the instrumental costs of performing joint actions outweigh the benefits. The results of five experiments showed that human adults have a stable preference for joint action, even if individual action is more effective to achieve a certain goal. We propose that such preferences can be understood as ascribing additional reward value to performing actions together.",failure,"Curioni et al.(2022) recently found that participants had a strong preference for complet-ing a virtual box-clearing task cooperatively with a partner rather than alone,despite it being more motorically and cognitively costly. [...] We found a slight preference for individual action over costly joint action, yet this preference was not significantly different from chance.",10.1098/rspb.2022.0128,10.17605/osf.io/evdp5
"Money, Kisses, and Electric Shocks: On the Affective Psychology of Risk",Many Labs 2: Investigating Variation in Replicability Across Samples and Settings,"Rottenstreich, Y., & Hsee, C. K. (2001). Money, Kisses, and Electric Shocks: On the Affective Psychology of Risk. Psychological Science, 12(3), 185–190. https://doi.org/10.1111/1467-9280.00334","Klein, R. A., Vianello, M., Hasselman, F., Adams, B. G., Adams, R. B., Alper, S., Aveyard, M., Axt, J. R., Babalola, M. T., Bahník, Š., Batra, R., Berkics, M., Bernstein, M. J., Berry, D. R., Bialobrzeska, O., Binan, E. D., Bocian, K., Brandt, M. J., Busching, R., … Nosek, B. A. (2018). Many Labs 2: Investigating Variation in Replicability Across Samples and Settings. Advances in Methods and Practices in Psychological Science, 1(4), 443–490. https://doi.org/10.1177/2515245918810225",Psychological Science,4.49,1,"Prospect theory's S-shaped weighting function is often said to reflect the psychophysics of chance. We propose an affective rather than psychophysical deconstruction of the weighting function resting on two assumptions. First, preferences depend on the affective reactions associated with potential outcomes of a risky choice. Second, even with monetary values controlled, some outcomes are relatively affect-rich and others relatively affect-poor. Although the psychophysical and affective approaches are complementary, the affective approach has one novel implication: Weighting functions will be more S-shaped for lotteries involving affect-rich than affect-poor outcomes. That is, people will be more sensitive to departures from impossibility and certainty but less sensitive to intermediate probability variations for affect-rich outcomes. We corroborated this prediction by observing probability-outcome interactions: An affect-poor prize was preferred over an affect-rich prize under certainty, but the direction of preference reversed under low probability. We suggest that the assumption of probability-outcome independence, adopted by both expected-utility and prospect theory, may hold across outcomes of different monetary values, but not different affective values.",failure,"The difference was significant, p = .002, odds ratio (OR) = 0.87, d = −0.08, 95% CI = [−0.13, −0.03], but in the direction opposite the prediction of the hypothesis (i.e., that affectively attractive choices are more preferred when they are uncertain rather than definite). The overall effect was much smaller than in the original study and in the opposite direction (d = −0.08, 95% CI = [−0.13, −0.03], vs. original d = 0.74).",10.1111/1467-9280.00334,10.1177/2515245918810225
Implicit Attitude Formation Through Classical Conditioning,Incidental Attitude Formation via the Surveillance Task: A Registered Replication Report of Olson and Fazio (2001),"Olson, M. A., & Fazio, R. H. (2001). Implicit Attitude Formation Through Classical Conditioning. Psychological Science, 12(5), 413–417. https://doi.org/10.1111/1467-9280.00376","Moran, T., Hughes, S., Hussey, I., Vadillo, M. A., Olson, M. A., Aust, F., Bading, K. C., Balas, R., Benedict, T., Corneille, O., Douglas, S. B., Ferguson, M. J., Fritzlen, K. A., Gast, A., Gawronski, B., Giménez-Fernández, T., Hanusz, K., Heycke, T., Högden, F., … De Houwer, J. (2020). Incidental Attitude Formation via the Surveillance Task: A Registered Replication Report of Olson and Fazio (2001). https://doi.org/10.31234/osf.io/kavx4",Psychological Science,4.49,2,"We sought to demonstrate that attitudes can develop through implicit covariation detection in a new classical conditioning paradigm. In two experiments purportedly about surveillance and vigilance, participants viewed several hundred randomly presented words and images interspersed with critical pairings of valenced unconditioned stimuli (USs) with novel conditioned stimuli (CSs). Attitudes toward the novel objects were influenced by the paired USs: In a surprise evaluation task, the CS paired with positive items was evaluated more positively than the CS paired with negative items. This attitudinal conditioning effect was found using both an explicit measure (Experiments 1 and 2) and an implicit measure (Experiment 2). In a covariation estimation task involving the stimuli presented in the conditioning procedure, participants displayed no explicit memory for the pairings.",success,We obtained evidence for a small EC effect when ‘aware’ participants were excluded using the original criterion – therefore replicating the original effect.,10.1111/1467-9280.00376,10.31234/osf.io/kavx4
Visual biases in judging body weight,Evidence for a specific distortion in perceptual body image in eating disorders: A replication and extension,"Cornelissen, K. K., Gledhill, L. J., Cornelissen, P. L., & Tovée, M. J. (2016). Visual biases in judging body weight. British Journal of Health Psychology, 21(3), 555–569. Portico. https://doi.org/10.1111/bjhp.12185","Brokjøb, L. G., Cornelissen, P. L., Gumančík, J., McCarty, K., Tovée, M. J., & Cornelissen, K. K. (2024). Evidence for a specific distortion in perceptual body image in eating disorders: A replication and extension. PLOS ONE, 19(11), e0313619. https://doi.org/10.1371/journal.pone.0313619",British Journal of Health Psychology,1.79,1,"Objectives There has been a steady rise in obesity levels in Western countries, and a contributory factor is people's failure to recognize weight gain. Two important visual perceptual biases, contraction bias and Weber's law, that have hitherto been ignored in the obesity literature could contribute to this problem. Contraction bias predicts that the weight of obese bodies will be underestimated and the degree of underestimation will increase as body mass index ( BMI ) increases. Weber's law predicts that change in the body size will become progressively harder to detect as their BMI increases. Methods In Experiment 1, 29 women participants estimated the weight of 120 women varying in their body mass. In Experiment 2, 28 women participants judged which body was the heavier in a 2‐alternative forced choice paradigm. Results In Experiment 1, as predicted the participants showed a progressive underestimation of overweight and obese bodies, β 1 = 0.71, t = 26.96, p &lt; .0001. For Experiment 2, there was a significant effect of the BMI of the bodies being judged on the just noticeable difference needed to discriminate between them: F (1, 196) = 89.39, p &lt; .0001 for 3D bodies and F (1, 86.5) = 44.57, p &lt; .0001 for digital photographs. Conclusions Normal visual perceptual biases influence our ability to determine body size: contraction bias and Weber's law mean that as bodies become overweight and obese, it is harder to judge their weight and detect any increase in size. These effects may therefore compromise people's ability to recognize weight gain and undertake compensatory weight control behaviours. Statement of contribution What is already known on this subject? It is common knowledge that obesity levels in the West are rapidly rising and that people fail to recognize weight gain. What has not been widely recognized before is that there are sound perceptual reasons for this failure. Here, we identify two such perceptual biases. What does this study add? Weber's law and contraction bias compromise people's ability to recognize weight gain. It becomes progressively harder to discriminate the size of bodies as their body mass index increases. This compromises the ability to recognize weight gain and undertake compensatory behaviours.",success,"Low-BMI control participants overestimated their size, while high-BMI controls underestimated their size, exhibiting the expected normal perceptual contraction bias. However, the women with a history of eating disorders showed no evidence of contraction bias.",10.1111/bjhp.12185,10.1371/journal.pone.0313619
Measuring global oral proficiency in SLA research: A new elicited imitation test of L2 Chinese,Using elicited imitation to measure global oral proficiency in SLA research: A close replication study,"Wu, S., & Ortega, L. (2013). Measuring global oral proficiency in SLA research: A new elicited imitation test of L2 Chinese. Foreign Language Annals, 46(4), 680–704. Portico. https://doi.org/10.1111/flan.12063","McManus, K., & Liu, Y. (2020). Using elicited imitation to measure global oral proficiency in SLA research: A close replication study. Language Teaching, 55(1), 116–135. https://doi.org/10.1017/s026144482000021x",Foreign Language Annals,1.25,NA,"This article describes a new Chinese Elicited Imitation Test (EIT) and reports on a study that investigated the degree to which it functions as a tool that can be used in second language acquisition research to gauge global second language (L2) oral proficiency. Eighty L2 Chinese learners, sampled from two university curricular levels so as to represent high and low linguistic abilities and including both heritage and foreign language learners, participated in the study by completing the EIT as well as an oral narrative task and a background questionnaire. The results suggest that the new Chinese EIT can help measure overall oral linguistic proficiency in L2 Chinese for a variety of research purposes.",success,"Consistent with the original study, our results showed clear between-group differences, indicating that the EIT can distinguish between both broad (beginner vs high) and finer-grained (beginner vs low, low vs high) language abilities.",10.1111/flan.12063,10.1017/s026144482000021x
Differences in the neural mechanisms of selective attention in children from different socioeconomic backgrounds: an event‐related brain potential study,Effects of early adversity on neural mechanisms of distractor suppression are mediated by sympathetic nervous system activity in preschool-aged children.,"Stevens, C., Lauinger, B., & Neville, H. (2009). Differences in the neural mechanisms of selective attention in children from different socioeconomic backgrounds: an event‐related brain potential study. Developmental Science, 12(4), 634–646. Portico. https://doi.org/10.1111/j.1467-7687.2009.00807.x","Giuliano, R. J., Karns, C. M., Roos, L. E., Bell, T. A., Petersen, S., Skowron, E. A., Neville, H. J., & Pakulak, E. (2018). Effects of early adversity on neural mechanisms of distractor suppression are mediated by sympathetic nervous system activity in preschool-aged children. Developmental Psychology, 54(9), 1674–1686. https://doi.org/10.1037/dev0000499",Developmental Science,2.41,NA,"Previous research indicates that children from lower socioeconomic backgrounds show deficits in aspects of attention, including a reduced ability to filter irrelevant information and to suppress prepotent responses. However, less is known about the neural mechanisms of group differences in attention, which could reveal the stages of processing at which attention deficits arise. The present study examined this question using an event‐related brain potential (ERP) measure of selective auditory attention. Thirty‐two children aged from 3 to 8 years participated in the study. Children were cued to attend selectively to one of two simultaneously presented narrative stories. The stories differed in location (left/right speaker), narration voice (male/female), and content. ERPs were recorded to linguistic and non‐linguistic probe stimuli embedded in the attended and unattended stories. Children whose mothers had lower levels of educational attainment (no college experience) showed reduced effects of selective attention on neural processing relative to children whose mothers had higher levels of educational attainment (at least some college). These differences occurred by 100 milliseconds after probe onset. Furthermore, the differences were related specifically to a reduced ability to filter irrelevant information (i.e. to suppress the response to sounds in the unattended channel) among children whose mothers had lower levels of education. These data provide direct evidence for differences in the earliest stages of processing within neural systems mediating selective attention in children from different socioeconomic backgrounds. Results are discussed in the context of intervention programs aimed at improving attention and self‐regulation abilities in children at‐risk for school failure.",success,"First, we replicated a previous study from our lab: Increased socioeconomic risk was associated with larger ERP amplitudes elicited by distracting sounds.",10.1111/j.1467-7687.2009.00807.x,10.1037/dev0000499
Implicit Theories of Intelligence Predict Achievement Across an Adolescent Transition: A Longitudinal Study and an Intervention,Testing the association of growth mindset and grades across a challenging transition: Is growth mindset associated with grades?,"Blackwell, L. S., Trzesniewski, K. H., & Dweck, C. S. (2007). Implicit Theories of Intelligence Predict Achievement Across an Adolescent Transition: A Longitudinal Study and an Intervention. Child Development, 78(1), 246–263. Portico. https://doi.org/10.1111/j.1467-8624.2007.00995.x","Li, Y., & Bates, T. C. (2020). Testing the association of growth mindset and grades across a challenging transition: Is growth mindset associated with grades? Intelligence, 81, 101471. https://doi.org/10.1016/j.intell.2020.101471",Child Development,2.1,1,"Two studies explored the role of implicit theories of intelligence in adolescents' mathematics achievement. In Study 1 with 373 7th graders, the belief that intelligence is malleable (incremental theory) predicted an upward trajectory in grades over the two years of junior high school, while a belief that intelligence is fixed (entity theory) predicted a flat trajectory. A mediational model including learning goals, positive beliefs about effort, and causal attributions and strategies was tested. In Study 2, an intervention teaching an incremental theory to 7th graders (N=48) promoted positive change in classroom motivation, compared with a control group (N=43). Simultaneously, students in the control group displayed a continuing downward trajectory in grades, while this decline was reversed for students in the experimental group.",failure,"Contrary to prediction, mindset was not associated with grades across the challenging transition from high- school to the first year of university (β = −0.05 CI95 [−0.14, 0.05], t = −0.95, p = .345).",10.1111/j.1467-8624.2007.00995.x,10.1016/j.intell.2020.101471
Social Perception in Infancy: A Near Infrared Spectroscopy Study,Negative affect is related to reduced differential neural responses to social and non-social stimuli in 5-to-8-month-old infants: A functional near-infrared spectroscopy-study,"Lloyd‐Fox, S., Blasi, A., Volein, A., Everdell, N., Elwell, C. E., & Johnson, M. H. (2009). Social Perception in Infancy: A Near Infrared Spectroscopy Study. Child Development, 80(4), 986–999. Portico. https://doi.org/10.1111/j.1467-8624.2009.01312.x","van der Kant, A., Biro, S., Levelt, C., & Huijbregts, S. (2018). Negative affect is related to reduced differential neural responses to social and non-social stimuli in 5-to-8-month-old infants: A functional near-infrared spectroscopy-study. Developmental Cognitive Neuroscience, 30, 23–30. https://doi.org/10.1016/j.dcn.2017.12.003",Child Development,2.1,NA,"The capacity to engage and communicate in a social world is one of the defining characteristics of the human species. While the network of regions that compose the social brain have been the subject of extensive research in adults, there are limited techniques available for monitoring young infants. This study used near infrared spectroscopy to investigate functional activation in the social brain network of 36 five-month-old infants. We measured the hemodynamic responses to visually presented stimuli in the temporal lobes. A significant increase in oxyhemoglobin was localized to 2 posterior temporal sites bilaterally, indicating that these areas are involved in the social brain network in young infants.",success,Our results replicate those of Lloyd-Fox et al.,10.1111/j.1467-8624.2009.01312.x,10.1016/j.dcn.2017.12.003
The Anchoring-and-Adjustment Heuristic,"Replicating Epley and Gilovich: Need for Cognition, Cognitive Load, and Forewarning do not Moderate Anchoring Effects","Epley, N., & Gilovich, T. (2006). The Anchoring-and-Adjustment Heuristic. Psychological Science, 17(4), 311–318. https://doi.org/10.1111/j.1467-9280.2006.01704.x","Röseler, L., Bögler, H. L., Koßmann, L., Krueger, S., Bickenbach, S., Bühler, R., Guardia, J. della, Köppel, L.-M., Ponader, S., Roßmaier, K., Möhring, J., & Sing, J. (2022). Replicating  Epley and Gilovich: Need for Cognition, Cognitive Load, and Forewarning do not Moderate Anchoring Effects. https://doi.org/10.31234/osf.io/bgp3m",Psychological Science,4.49,2c,"One way to make judgments under uncertainty is to anchor on information that comes to mind and adjust until a plausible estimate is reached. This anchoring-and-adjustment heuristic is assumed to underlie many intuitive judgments, and insufficient adjustment is commonly invoked to explain judgmental biases. However, despite extensive research on anchoring effects, evidence for adjustment-based anchoring biases has only recently been provided, and the causes of insufficient adjustment remain unclear. This research was designed to identify the origins of insufficient adjustment. The results of two sets of experiments indicate that adjustments from self-generated anchor values tend to be insufficient because they terminate once a plausible value is reached (Studies 1a and 1b) unless one is able and willing to search for a more accurate estimate (Studies 2a-2c).",failure,We found no evidence that either type of anchoring is moderated by any of the moderators.,10.1111/j.1467-9280.2006.01704.x,10.31234/osf.io/bgp3m
Power and Perspectives Not Taken,Many Labs 3: Evaluating participant pool quality across the academic semester via replication,"Galinsky, A. D., Magee, J. C., Inesi, M. E., & Gruenfeld, D. H. (2006). Power and Perspectives Not Taken. Psychological Science, 17(12), 1068–1074. https://doi.org/10.1111/j.1467-9280.2006.01824.x","Ebersole, C. R., Atherton, O. E., Belanger, A. L., Skulborstad, H. M., Allen, J. M., Banks, J. B., Baranski, E., Bernstein, M. J., Bonfiglio, D. B. V., Boucher, L., Brown, E. R., Budiman, N. I., Cairo, A. H., Capaldi, C. A., Chartier, C. R., Chung, J. M., Cicero, D. C., Coleman, J. A., Conway, J. G., … Nosek, B. A. (2016). Many Labs 3: Evaluating participant pool quality across the academic semester via replication. Journal of Experimental Social Psychology, 67, 68–82. https://doi.org/10.1016/j.jesp.2015.10.012 Individual report available at https://osf.io/ct89g/",Psychological Science,4.49,2a,"Four experiments and a correlational study explored the relationship between power and perspective taking. In Experiment 1, participants primed with high power were more likely than those primed with low power to draw an E on their forehead in a self-oriented direction, demonstrating less of an inclination to spontaneously adopt another person's visual perspective. In Experiments 2a and 2b, high-power participants were less likely than low-power participants to take into account that other people did not possess their privileged knowledge, a result suggesting that power leads individuals to anchor too heavily on their own vantage point, insufficiently adjusting to others' perspectives. In Experiment 3, high-power participants were less accurate than control participants in determining other people's emotion expressions; these results suggest a power-induced impediment to experiencing empathy. An additional study found a negative relationship between individual difference measures of power and perspective taking. Across these studies, power was associated with a reduced tendency to comprehend how other people see, think, and feel.",failure,"In sum, the replications did not provide evidence of an effect of power on perspective taking.5",10.1111/j.1467-9280.2006.01824.x,10.1016/j.jesp.2015.10.012
The Curse of Knowledge in Reasoning About False Beliefs,Eleven years of student replication projects provide evidence on the correlates of replicability in psychology,"Birch, S. A. J., & Bloom, P. (2007). The Curse of Knowledge in Reasoning About False Beliefs. Psychological Science, 18(5), 382–386. https://doi.org/10.1111/j.1467-9280.2007.01909.x","Boyce, V., Mathur, M., & Frank, M. C. (2023). Eleven years of student replication projects provide evidence on the correlates of replicability in psychology. Royal Society Open Science, 10(11). https://doi.org/10.1098/rsos.231240 Individual report available at https://rpubs.com/lrborchers/450894",Psychological Science,4.49,1,"Assessing what other people know and believe is critical for accurately understanding human action. Young children find it difficult to reason about false beliefs (i.e., beliefs that conflict with reality). The source of this difficulty is a matter of considerable debate. Here we show that if sensitive-enough measures are used, adults show deficits in a false-belief task similar to one used with young children. In particular, we show a curse-of-knowledge bias in false-belief reasoning. That is, adults' own knowledge of an event's outcome can compromise their ability to reason about another person's beliefs about that event. We also found that adults'perception of the plausibility of an event mediates the extent of this bias. These findings shed light on the factors involved in false-belief reasoning and are discussed in light of their implications for both adults' and children's social cognition.",failure,"My replication attempt of the Curse of Knowledge in Reasoning About False Beliefs originally conducted by Susan Birch and Paul Bloom failed to replicate (Birch & Bloom, 2007). ||",10.1111/j.1467-9280.2007.01909.x,10.1098/rsos.231240
The Curse of Knowledge in Reasoning About False Beliefs,Eleven years of student replication projects provide evidence on the correlates of replicability in psychology,"Birch, S. A. J., & Bloom, P. (2007). The Curse of Knowledge in Reasoning About False Beliefs. Psychological Science, 18(5), 382–386. https://doi.org/10.1111/j.1467-9280.2007.01909.x","Boyce, V., Mathur, M., & Frank, M. C. (2023). Eleven years of student replication projects provide evidence on the correlates of replicability in psychology. Royal Society Open Science, 10(11). https://doi.org/10.1098/rsos.231240 Individual report available at https://rpubs.com/ottuba/birch2007_2_rescue_final",Psychological Science,4.49,1,"Assessing what other people know and believe is critical for accurately understanding human action. Young children find it difficult to reason about false beliefs (i.e., beliefs that conflict with reality). The source of this difficulty is a matter of considerable debate. Here we show that if sensitive-enough measures are used, adults show deficits in a false-belief task similar to one used with young children. In particular, we show a curse-of-knowledge bias in false-belief reasoning. That is, adults' own knowledge of an event's outcome can compromise their ability to reason about another person's beliefs about that event. We also found that adults'perception of the plausibility of an event mediates the extent of this bias. These findings shed light on the factors involved in false-belief reasoning and are discussed in light of their implications for both adults' and children's social cognition.",failure,the main findings contradicted the reports from the original study conducted by Birch and Bloom (2007),10.1111/j.1467-9280.2007.01909.x,10.1098/rsos.231240
Action Anticipation Through Attribution of False Belief by 2-Year-Olds,Testing the Role of Verbal Narration in Implicit Theory of Mind Tasks,"Southgate, V., Senju, A., & Csibra, G. (2007). Action Anticipation Through Attribution of False Belief by 2-Year-Olds. Psychological Science, 18(7), 587–592. https://doi.org/10.1111/j.1467-9280.2007.01944.x","Kulke, L., & Rakoczy, H. (2018). Testing the Role of Verbal Narration in Implicit Theory of Mind Tasks. Journal of Cognition and Development, 20(1), 1–14. https://doi.org/10.1080/15248372.2018.1544140",Psychological Science,4.49,1,"Two-year-olds engage in many behaviors that ostensibly require the attribution of mental states to other individuals. Yet the overwhelming consensus has been that children of this age are unable to attribute false beliefs. In the current study, we used an eyetracker to record infants' looking behavior while they watched actions on a computer monitor. Our data demonstrate that 25-month-old infants correctly anticipate an actor's actions when these actions can be predicted only by attributing a false belief to the actor.",failure,Results revealed that original looking patterns could still not be replicated.,10.1111/j.1467-9280.2007.01944.x,10.1080/15248372.2018.1544140
Action Anticipation Through Attribution of False Belief by 2-Year-Olds,Is Implicit Theory of Mind a Real and Robust Phenomenon? Results From a Systematic Replication Study,"Southgate, V., Senju, A., & Csibra, G. (2007). Action Anticipation Through Attribution of False Belief by 2-Year-Olds. Psychological Science, 18(7), 587–592. https://doi.org/10.1111/j.1467-9280.2007.01944.x","Kulke, L., von Duhn, B., Schneider, D., & Rakoczy, H. (2018). Is Implicit Theory of Mind a Real and Robust Phenomenon? Results From a Systematic Replication Study. Psychological Science, 29(6), 888–900. https://doi.org/10.1177/0956797617747090",Psychological Science,4.49,1,"Two-year-olds engage in many behaviors that ostensibly require the attribution of mental states to other individuals. Yet the overwhelming consensus has been that children of this age are unable to attribute false beliefs. In the current study, we used an eyetracker to record infants' looking behavior while they watched actions on a computer monitor. Our data demonstrate that 25-month-old infants correctly anticipate an actor's actions when these actions can be predicted only by attributing a false belief to the actor.",failure,The current studies failed to replicate the previously observed full pattern of the studies of Southgate et al. (2007) [...],10.1111/j.1467-9280.2007.01944.x,10.1177/0956797617747090
The Value of Believing in Free Will,Many Labs 5: Testing Pre-Data-Collection Peer Review as an Intervention to Increase Replicability,"Vohs, K. D., & Schooler, J. W. (2008). The Value of Believing in Free Will. Psychological Science, 19(1), 49–54. https://doi.org/10.1111/j.1467-9280.2008.02045.x","Ebersole, C. R., Mathur, M. B., Baranski, E., Bart-Plange, D.-J., Buttrick, N. R., Chartier, C. R., Corker, K. S., Corley, M., Hartshorne, J. K., IJzerman, H., Lazarević, L. B., Rabagliati, H., Ropovik, I., Aczel, B., Aeschbach, L. F., Andrighetto, L., Arnal, J. D., Arrow, H., Babincak, P., … Nosek, B. A. (2020). Many Labs 5: Testing Pre-Data-Collection Peer Review as an Intervention to Increase Replicability. Advances in Methods and Practices in Psychological Science, 3(3), 309–331. https://doi.org/10.1177/2515245920958687",Psychological Science,4.49,1,"Does moral behavior draw on a belief in free will? Two experiments examined whether inducing participants to believe that human behavior is predetermined would encourage cheating. In Experiment 1, participants read either text that encouraged a belief in determinism (i.e., that portrayed behavior as the consequence of environmental and genetic factors) or neutral text. Exposure to the deterministic message increased cheating on a task in which participants could passively allow a flawed computer program to reveal answers to mathematical problems that they had been instructed to solve themselves. Moreover, increased cheating behavior was mediated by decreased belief in free will. In Experiment 2, participants who read deterministic statements cheated by overpaying themselves for performance on a cognitive task; participants who read statements endorsing free will did not. These findings suggest that the debate over free will has societal, as well as scientific and theoretical, implications.",failure,Table 3 ML5 Revised CI includes 0 || Table 3 ML5:RP:P Protocol CI includes 0,10.1111/j.1467-9280.2008.02045.x,10.1177/2515245920958687
The Value of Believing in Free Will,"Many Labs 5: Registered Replication of Vohs and Schooler (2008), Experiment 1","Vohs, K. D., & Schooler, J. W. (2008). The Value of Believing in Free Will. Psychological Science, 19(1), 49–54. https://doi.org/10.1111/j.1467-9280.2008.02045.x","Buttrick, N. R., Aczel, B., Aeschbach, L. F., Bakos, B. E., Brühlmann, F., Claypool, H. M., Hüffmeier, J., Kovacs, M., Schuepfer, K., Szecsi, P., Szuts, A., Szöke, O., Thomae, M., Torka, A.-K., Walker, R. J., & Wood, M. J. (2020). Many Labs 5: Registered Replication of Vohs and Schooler (2008), Experiment 1. Advances in Methods and Practices in Psychological Science, 3(3), 429–438. https://doi.org/10.1177/2515245920917931",Psychological Science,4.49,1,"Does moral behavior draw on a belief in free will? Two experiments examined whether inducing participants to believe that human behavior is predetermined would encourage cheating. In Experiment 1, participants read either text that encouraged a belief in determinism (i.e., that portrayed behavior as the consequence of environmental and genetic factors) or neutral text. Exposure to the deterministic message increased cheating on a task in which participants could passively allow a flawed computer program to reveal answers to mathematical problems that they had been instructed to solve themselves. Moreover, increased cheating behavior was mediated by decreased belief in free will. In Experiment 2, participants who read deterministic statements cheated by overpaying themselves for performance on a cognitive task; participants who read statements endorsing free will did not. These findings suggest that the debate over free will has societal, as well as scientific and theoretical, implications.",failure,"We found that the revisions did not matter. Although the revised measure of belief in free will had better reliability than the original measure, an analysis of the data from the two protocols combined indicated that free-will beliefs were unchanged by the manipulations, d = 0.064, 95% confidence interval = [−0.087, 0.22], and in the focal test, there were no differences in cheating behavior between conditions, d = 0.076, 95% CI = [−0.082, 0.22].",10.1111/j.1467-9280.2008.02045.x,10.1177/2515245920917931
Errors Are Aversive,"Replication of Hajcak & Foti  (2008, PS, Study 1)","Hajcak, G., & Foti, D. (2008). Errors Are Aversive. Psychological Science, 19(2), 103–108. https://doi.org/10.1111/j.1467-9280.2008.02053.x","Lewis, M., & Pitts, M. (2023). Replication of Hajcak & Foti (2008, PS, Study 1). OSF. Retrieved from https://osf.io/82bwv",Psychological Science,4.49,1,"The error-related negativity (ERN) is a negative deflection in the event-related potential that is maximal approximately 50 ms after the commission of an error. The ERN is generated in the anterior cingulate cortex, a region of the medial prefrontal cortex implicated in both cognitive and emotional processing. Affective and motivational variables influence the magnitude of the ERN, which suggests that the ERN may relate to emotional or motivational aspects of error detection. In the present study, we evaluated the possibility that errors prime defensive motivational responses, and that the ERN may predict the magnitude of defensive reactivity after errors. We found that (a) the defensive startle response was larger following errors than following correct responses, and (b) the magnitude of the ERN predicted the degree of startle potentiation following errors. Thus, response errors prime defensive motivation—and the ERN predicts individual differences in the aversive response to errors.",failure,"While we were clearly able to replicate the basic ERN and EPS results, the main result ofthe original study was the correlation between the two. The correlation in our replication trended in the same direction as that of the original study, but did not reach the p < .05 threshold for significance. For this reason, we consider this to be a failure to replicate but with extremely similar results.",10.1111/j.1467-9280.2008.02053.x,10.17605/osf.io/82bwv
Precision of the Anchor Influences the Amount of Adjustment,"Replication of Janiszewski & Uy  (2008, PS, Study 4b)","Janiszewski, C., & Uy, D. (2008). Precision of the Anchor Influences the Amount of Adjustment. Psychological Science, 19(2), 121–127. https://doi.org/10.1111/j.1467-9280.2008.02057.x","Chandler, J. J. (2023). Replication of Janiszewski & Uy (2008, PS, Study 4b). OSF. Retrieved from https://osf.io/aaudl",Psychological Science,4.49,4a,"The anchoring-and-adjustment heuristic has been used to account for a wide variety of numerical judgments. Five studies show that adjustment away from a numerical anchor is smaller if the anchor is precise than if it is rounded. Evidence suggests that precise anchors, compared with rounded anchors, are represented on a subjective scale with a finer resolution. If adjustment consists of a series of iterative mental movements along a subjective scale, then an adjustment from a precise anchor should result in a smaller overall correction than an adjustment from a rounded anchor.",success,"The central claim of their paper – that anchor precision influences the degree of adjustment was supported. Additionally, these data replicated the main effect of motivation observed in their study. There was no evidence of the reported interaction.",10.1111/j.1467-9280.2008.02057.x,10.17605/osf.io/ehjdm
Affective Flexibility,Preregistered Replication of “Affective Flexibility: Evaluative Processing Goals Shape Amygdala Activity”,"Cunningham, W. A., Van Bavel, J. J., & Johnsen, I. R. (2008). Affective Flexibility. Psychological Science, 19(2), 152–160. https://doi.org/10.1111/j.1467-9280.2008.02061.x","Lumian, D. S., & McRae, K. (2017). Preregistered Replication of “Affective Flexibility: Evaluative Processing Goals Shape Amygdala Activity.” Psychological Science, 28(9), 1193–1200. https://doi.org/10.1177/0956797617719730",Psychological Science,4.49,1,"Although early research implicated the amygdala in automatic processing of negative information, more recent research suggests that it plays a more general role in processing the motivational relevance of various stimuli, suggesting that the relation between valence and amygdala activation may depend on contextual goals. This study provides experimental evidence that the relation between valence and amygdala activity is dynamically modulated by evaluative goals. During functional magnetic resonance imaging, participants evaluated the positive, negative, or overall (positive plus negative) aspects of famous people. When participants were providing overall evaluations, both positive and negative names were associated with amygdala activation. When they were evaluating positivity, positive names were associated with amygdala activity, and when they were evaluating negativity, negative names were associated with amygdala activity. Evidence for a negativity bias was found; modulation was more pronounced for positive than for negative information. These data suggest that the amygdala flexibly processes motivationally relevant evaluative information in accordance with current processing goals, but processes negative information less flexibly than positive information.",success,"We observed an interaction between condition and rating type, identified as the effect of interest in Cunningham et al. (2008). [...] These results provide convergent evidence that cognitive framing, in the form of evaluative goals, can significantly alter whether amygdala activation indexes positivity or negativity.",10.1111/j.1467-9280.2008.02061.x,10.1177/0956797617719730
"Effects of Fluency on Psychological Distance and Mental Construal (or Why New York Is a Large City, but <i>New York</i> Is a Civilized Jungle)",Estimating the reproducibility of psychological science,"Alter, A. L., & Oppenheimer, D. M. (2008). Effects of Fluency on Psychological Distance and Mental Construal (or Why New York Is a Large City, but New York Is a Civilized Jungle). Psychological Science, 19(2), 161–167. https://doi.org/10.1111/j.1467-9280.2008.02062.x","(2015). Estimating the reproducibility of psychological science. Science, 349(6251). https://doi.org/10.1126/science.aac4716 Individual report available at https://osf.io/jym7h",Psychological Science,4.49,2b,"People construe the world along a continuum from concretely (focusing on specific, local details) to abstractly (focusing on global essences). We show that people are more likely to interpret the world abstractly when they experience cognitive disfluency, or difficulty processing stimuli in the environment, than when they experience cognitive fluency. We observed this effect using three instantiations of fluency: visual perceptual fluency (Study 1b), conceptual priming fluency (Study 2b), and linguistic fluency (Study 3). Adopting the framework of construal theory, we suggest that one mechanism for this effect is perceivers' tendency to interpret disfluently processed stimuli as farther from their current position than fluently processed stimuli (Studies 1a and 2a).",failure,"In contrast to Alter and Oppenheimer (2008), I did not observe a statistically significant difference between the two experimental conditions in my replication attempt.",10.1111/j.1467-9280.2008.02062.x,10.1126/science.aac4716
Preschoolers' Perspective Taking in Word Learning,"Replication of Nurmsoo & Bloom (2008, PS, Study 1)","Nurmsoo, E., & Bloom, P. (2008). Preschoolers’ Perspective Taking in Word Learning. Psychological Science, 19(3), 211–215. https://doi.org/10.1111/j.1467-9280.2008.02069.x","Brown, B. T., Kleinberg, B., Hicks, G., Bentley, H., Attridge, P. R., Eboigbe, S., … Brown, K. (2023, September 28). Replication of Nurmsoo & Bloom (2008, PS, Study 1). Retrieved from osf.io/aczvt",Psychological Science,4.49,1,"When learning new words, do children use a speaker's eye gaze because it reveals referential intent? We conducted two experiments that addressed this question. In Experiment 1, the experimenter left while two novel objects were placed where the child could see both, but the experimenter would be able to see only one. The experimenter returned, looked directly at the mutually visible object, and said either, “There's the [novel word]!” or “Where's the [novel word]?” Two- through 4-year-olds selected the target of the speaker's gaze more often on there trials than on where trials, although only the older children identified the referent correctly at above-chance levels on trials of both types. In Experiment 2, the experimenter placed a novel object where only the child could see it and left while the second object was similarly hidden. When she returned and asked, “Where's the [novel word]?” 2- through 4-year-olds chose the second object at above-chance levels. Preschoolers do not blindly follow gaze, but consider the linguistic and pragmatic context when learning a new word.",failure,"Unlike in Nurmsoo and Bloom (2008), the confirmatory analysis for the current replication attempt did not reveal above-chance performance by older children on “where” trials. Thus, it is clear that we failed to replicate the original study’s finding.",10.1111/j.1467-9280.2008.02069.x,10.17605/osf.io/ictp5
Implicit Attitude Generalization Occurs Immediately; Explicit Attitude Generalization Takes Time,Estimating the reproducibility of psychological science,"Ranganath, K. A., & Nosek, B. A. (2008). Implicit Attitude Generalization Occurs Immediately; Explicit Attitude Generalization Takes Time. Psychological Science, 19(3), 249–254. https://doi.org/10.1111/j.1467-9280.2008.02076.x","(2015). Estimating the reproducibility of psychological science. Science, 349(6251). https://doi.org/10.1126/science.aac4716 Individual report available at https://osf.io/2gkjt",Psychological Science,4.49,1,"People are able to explicitly resist using knowledge about one person to evaluate another person from the same group. After learning about positive and negative behaviors performed by one individual from each of two different groups, participants were introduced briefly to new individuals from the groups. Implicit evaluations of the original individuals readily generalized to the new individuals; explicitly, participants resisted such generalization. Days later, both implicit and explicit evaluations of the original individuals generalized to the new individuals. The results suggest that associative links (e.g., shared group membership) are sufficient for implicit attitude generalization, but deliberative logic (e.g., individual group members are not necessarily the same) can reduce explicit generalization by association. When knowledge distinguishing who did what is unavailable, such as after forgetting, associative knowledge provides the basis of explicit evaluation. We conclude that a simple association linking one individual to another can produce implicit attitude generalization immediately and explicit attitude generalization eventually.",failure,"This replication found results qualitatively similar to those of Ranganath & Nosek (2008). However, it did not replicate their findings according to our a priori criterion requiring both a significant difference between ratings of the original and the new individuals on the explicit measure, and a lack of difference on the implicit measure.",10.1111/j.1467-9280.2008.02076.x,10.1126/science.aac4716
Nonconscious Goal Pursuit in Novel Environments,Estimating the reproducibility of psychological science,"Eitam, B., Hassin, R. R., & Schul, Y. (2008). Nonconscious Goal Pursuit in Novel Environments. Psychological Science, 19(3), 261–267. https://doi.org/10.1111/j.1467-9280.2008.02078.x","(2015). Estimating the reproducibility of psychological science. Science, 349(6251). https://doi.org/10.1126/science.aac4716 Individual report available at https://osf.io/x75fq",Psychological Science,4.49,2,"Is nonconscious goal pursuit useful in novel environments? The prevalent view of automaticity and control implies that an unconscious mode of goal pursuit can only reproduce formerly learned actions, and therefore that its usefulness in novel environments is very limited. Our results demonstrate that this conclusion is not always warranted, as nonconscious goal pursuit facilitated participants' learning of the structure of completely novel environments. Specifically, two experiments, using markedly different implicit-learning paradigms, demonstrated facilitation of implicit learning when the goal of achievement was primed. We propose that nonconscious goal pursuit can facilitate not only reproductive operations, but also productive ones, and that implicit learning is sensitive to the organism's nonconscious goals.",failure,"In fact, the direction of the non-significant effect found was opposite to that of the original study. Thus, the present study failed to replicate the original result.",10.1111/j.1467-9280.2008.02078.x,10.1126/science.aac4716
A Motion Aftereffect From Still Photographs Depicting Motion,Estimating the reproducibility of psychological science,"Winawer, J., Huk, A. C., & Boroditsky, L. (2008). A Motion Aftereffect From Still Photographs Depicting Motion. Psychological Science, 19(3), 276–283. https://doi.org/10.1111/j.1467-9280.2008.02080.x","(2015). Estimating the reproducibility of psychological science. Science, 349(6251). https://doi.org/10.1126/science.aac4716 Individual report available at https://osf.io/ertbg",Psychological Science,4.49,3,"A photograph of an action can convey a vivid sense of motion. Does the inference of motion from viewing a photograph involve the same neural and psychological representations used when one views physical motion? In this study, we tested whether implied motion is represented by the same direction-selective signals involved in the perception of real motion. We made use of the motion aftereffect, a visual motion illusion. Three experiments showed that viewing a series of static photographs with implied motion in a particular direction produced motion aftereffects in the opposite direction, as assessed with real-motion test probes. The transfer of adaptation from motion depicted in photographs to real motion demonstrates that the perception of implied motion activates direction-selective circuits that are also involved in processing real motion.",success,"The present replication successfully reproduced Winawer et al.’s key finding that “viewing a series of static photographs with implied motion in a particular direction produced motion after effects in the opposite direction” (Winawer et al, 2008, abstract). Both the original study and the present replication found highly significant results with large effect sizes, suggesting that MAE is a highly robust effect.",10.1111/j.1467-9280.2008.02080.x,10.1126/science.aac4716
Detecting the Snake in the Grass,Many Labs 5: Testing Pre-Data-Collection Peer Review as an Intervention to Increase Replicability,"LoBue, V., & DeLoache, J. S. (2008). Detecting the Snake in the Grass. Psychological Science, 19(3), 284–289. https://doi.org/10.1111/j.1467-9280.2008.02081.x","Ebersole, C. R., Mathur, M. B., Baranski, E., Bart-Plange, D.-J., Buttrick, N. R., Chartier, C. R., Corker, K. S., Corley, M., Hartshorne, J. K., IJzerman, H., Lazarević, L. B., Rabagliati, H., Ropovik, I., Aczel, B., Aeschbach, L. F., Andrighetto, L., Arnal, J. D., Arrow, H., Babincak, P., … Nosek, B. A. (2020). Many Labs 5: Testing Pre-Data-Collection Peer Review as an Intervention to Increase Replicability. Advances in Methods and Practices in Psychological Science, 3(3), 309–331. https://doi.org/10.1177/2515245920958687",Psychological Science,4.49,3,"Snakes are among the most common targets of fears and phobias. In visual detection tasks, adults detect their presence more rapidly than the presence of other kinds of visual stimuli. We report evidence that very young children share this attentional bias. In three experiments, preschool children and adults were asked to find a single target picture among an array of eight distractors. Both the children and the adults detected snakes more rapidly than three types of nonthreatening stimuli (flowers, frogs, and caterpillars). These results provide the first evidence of enhanced visual detection of evolutionarily relevant threat stimuli in young children.",failure,Table 3 ML5 Revised CI includes 0 || Table 3 ML5:RP:P Protocol CI includes 0,10.1111/j.1467-9280.2008.02081.x,10.1177/2515245920958687
The Sunny Side of Fairness,"Replication of G Tabibnia, AB Satpute, MD Lieberman  (2008, PS 19 (4))","Tabibnia, G., Satpute, A. B., & Lieberman, M. D. (2008). The Sunny Side of Fairness. Psychological Science, 19(4), 339–347. https://doi.org/10.1111/j.1467-9280.2008.02091.x","Beer, J. S., Rigney, A. E., & Flagan, T. (2016). Replication of G Tabibnia, AB Satpute, MD Lieberman (2008, PS 19(4)). OSF. Retrieved from https://osf.io/nxp9w",Psychological Science,4.49,2,"Little is known about the positive emotional impact of fairness or the process of resolving conflict between fairness and financial interests. In past research, fairness has covaried with monetary payoff, such that the mental processes underlying preference for fairness and those underlying preference for greater monetary outcome could not be distinguished. We examined self-reported happiness and neural responses to fair and unfair offers while controlling for monetary payoff. Compared with unfair offers of equal monetary value, fair offers led to higher happiness ratings and activation in several reward regions of the brain. Furthermore, the tendency to accept unfair proposals was associated with increased activity in right ventrolateral prefrontal cortex, a region involved in emotion regulation, and with decreased activity in the anterior insula, which has been implicated in negative affect. This work provides evidence that fairness is hedonically valued and that tolerating unfair treatment for material gain involves a pattern of activation resembling suppression of negative affect.",success,The replication study replicated the pattern of behavioral results and the main neural findings from the original study which are noted in the title of the original article (Planned,10.1111/j.1467-9280.2008.02091.x,NA
A Wrinkle in Time,Replication: Unsuccessful replications and extensions of Temporal Value Asymmetry in monetary valuation and moral judgment,"Caruso, E. M., Gilbert, D. T., & Wilson, T. D. (2008). A Wrinkle in Time. Psychological Science, 19(8), 796–801. https://doi.org/10.1111/j.1467-9280.2008.02159.x","El Halabi, M., Chan, W. Y. F., Tunca, B., Ziano, I., & Feldman, G. (2022). Replication: Unsuccessful replications and extensions of Temporal Value Asymmetry in monetary valuation and moral judgment. Journal of Economic Psychology, 90, 102509. https://doi.org/10.1016/j.joep.2022.102509",Psychological Science,4.49,1,"A series of studies shows that people value future events more than equivalent events in the equidistant past. Whether people imagined being compensated or compensating others, they required and offered more compensation for events that would take place in the future than for identical events that had taken place in the past. This temporal value asymmetry (TVA) was robust in between-persons comparisons and absent in within-persons comparisons, which suggests that participants considered the TVA irrational. Contemplating future events produced greater affect than did contemplating past events, and this difference mediated the TVA. We suggest that the TVA, the gain-loss asymmetry, and hyperbolic time discounting can be unified in a three-dimensional value function that describes how people value gains and losses of different magnitudes at different moments in time.",failure,"We failed to find support for TVA in monetary valuation (Caruso et al., 2008).",10.1111/j.1467-9280.2008.02159.x,10.1016/j.joep.2022.102509
With a Clean Conscience,Does cleanliness influence moral judgments? Response effort moderates the effect of cleanliness priming on moral judgments,"Schnall, S., Benton, J., & Harvey, S. (2008). With a Clean Conscience. Psychological Science, 19(12), 1219–1222. https://doi.org/10.1111/j.1467-9280.2008.02227.x","Huang, J. L. (2014). Does cleanliness influence moral judgments? Response effort moderates the effect of cleanliness priming on moral judgments. Frontiers in Psychology, 5. https://doi.org/10.3389/fpsyg.2014.01276",Psychological Science,4.49,1,"Theories of moral judgment have long emphasized reasoning and conscious thought while downplaying the role of intuitive and contextual influences. However, recent research has demonstrated that incidental feelings of disgust can influence moral judgments and make them more severe. This study involved two experiments demonstrating that the reverse effect can occur when the notion of physical purity is made salient, thus making moral judgments less severe. After having the cognitive concept of cleanliness activated (Experiment 1) or after physically cleansing themselves after experiencing disgust (Experiment 2), participants found certain moral actions to be less wrong than did participants who had not been exposed to a cleanliness manipulation. The findings support the idea that moral judgment can be driven by intuitive processes, rather than deliberate reasoning. One of those intuitions appears to be physical purity, because it has a strong connection to moral purity.",success,"An online replication (Study 1, N = 214) provided evidence that, when participants exerted low (yet still acceptable) levels of response effort to the experimental material, cleanliness priming led to more lenient moral judgments than neutral priming.",10.1111/j.1467-9280.2008.02227.x,10.3389/fpsyg.2014.01276
With a Clean Conscience,Does Cleanliness Influence Moral Judgments?,"Schnall, S., Benton, J., & Harvey, S. (2008). With a Clean Conscience. Psychological Science, 19(12), 1219–1222. https://doi.org/10.1111/j.1467-9280.2008.02227.x","Johnson, D. J., Cheung, F., & Donnellan, M. B. (2014). Does Cleanliness Influence Moral Judgments? Social Psychology, 45(3), 209–215. https://doi.org/10.1027/1864-9335/a000186",Psychological Science,4.49,2,"Theories of moral judgment have long emphasized reasoning and conscious thought while downplaying the role of intuitive and contextual influences. However, recent research has demonstrated that incidental feelings of disgust can influence moral judgments and make them more severe. This study involved two experiments demonstrating that the reverse effect can occur when the notion of physical purity is made salient, thus making moral judgments less severe. After having the cognitive concept of cleanliness activated (Experiment 1) or after physically cleansing themselves after experiencing disgust (Experiment 2), participants found certain moral actions to be less wrong than did participants who had not been exposed to a cleanliness manipulation. The findings support the idea that moral judgment can be driven by intuitive processes, rather than deliberate reasoning. One of those intuitions appears to be physical purity, because it has a strong connection to moral purity.",failure,"We did not find evidence that physical cleanliness reduced the severity of moral judgments using samples sizes that provided over .99 power to detect the original effect sizes. Our estimates of the overall effect size were much smaller than estimates from Experiment 1 (original d = 0.60, 95% CI [1.23, 0.04], N = 40; replication d = 0.01, 95% CI [0.28, 0.26], N = 208) and Experiment 2 (original d = 0.85, 95% CI [1.47, 0.22], N = 43; replication d = 0.01, 95% CI [.34, 0.36], N = 126). These findings suggest that the population effect sizes are probably substantially smaller than the original estimates.",10.1111/j.1467-9280.2008.02227.x,10.1027/1864-9335/a000186
With a Clean Conscience,"Replication of ""With a clean conscience: Cleanliness reduces the severity of moral judgments"" by Schnall, Benton, and Harvey (2008, Psychological Science)","Schnall, S., Benton, J., & Harvey, S. (2008). With a Clean Conscience. Psychological Science, 19(12), 1219–1222. https://doi.org/10.1111/j.1467-9280.2008.02227.x","Lee, F. (2013). Replication of “With a clean conscience: Cleanliness reduces the severity of moral judgments” by Schnall, Benton, and Harvey (2008, Psychological Science) [Unpublished manuscript].",Psychological Science,4.49,1,"Theories of moral judgment have long emphasized reasoning and conscious thought while downplaying the role of intuitive and contextual influences. However, recent research has demonstrated that incidental feelings of disgust can influence moral judgments and make them more severe. This study involved two experiments demonstrating that the reverse effect can occur when the notion of physical purity is made salient, thus making moral judgments less severe. After having the cognitive concept of cleanliness activated (Experiment 1) or after physically cleansing themselves after experiencing disgust (Experiment 2), participants found certain moral actions to be less wrong than did participants who had not been exposed to a cleanliness manipulation. The findings support the idea that moral judgment can be driven by intuitive processes, rather than deliberate reasoning. One of those intuitions appears to be physical purity, because it has a strong connection to moral purity.",failure,The confirmatory analyses of the current study failed to replicate the findings from the original article.,10.1111/j.1467-9280.2008.02227.x,NA
With a Clean Conscience,Cleanliness primes less severe moral judgments,"Schnall, S., Benton, J., & Harvey, S. (2008). With a Clean Conscience. Psychological Science, 19(12), 1219–1222. https://doi.org/10.1111/j.1467-9280.2008.02227.x","Besman, M., Dubensky, C., Dunsmore, L., & Daubman, K. (2013). Cleanliness primes less severe moral judgments. Retrieved from: https://web.archive.org/web/20191117063540/http://www.psychfiledrawer.org/replication.php?attempt=MTQ5",Psychological Science,4.49,1,"Theories of moral judgment have long emphasized reasoning and conscious thought while downplaying the role of intuitive and contextual influences. However, recent research has demonstrated that incidental feelings of disgust can influence moral judgments and make them more severe. This study involved two experiments demonstrating that the reverse effect can occur when the notion of physical purity is made salient, thus making moral judgments less severe. After having the cognitive concept of cleanliness activated (Experiment 1) or after physically cleansing themselves after experiencing disgust (Experiment 2), participants found certain moral actions to be less wrong than did participants who had not been exposed to a cleanliness manipulation. The findings support the idea that moral judgment can be driven by intuitive processes, rather than deliberate reasoning. One of those intuitions appears to be physical purity, because it has a strong connection to moral purity.",success,This result is consistent with the results of the original study.,10.1111/j.1467-9280.2008.02227.x,NA
With a Clean Conscience,Clean thoughts lead to less severe moral judgment,"Schnall, S., Benton, J., & Harvey, S. (2008). With a Clean Conscience. Psychological Science, 19(12), 1219–1222. https://doi.org/10.1111/j.1467-9280.2008.02227.x","Arbesfeld, J., Collins, T., Baldwin, D., & Daubman, K. (2014). Clean thoughts lead to less severe moral judgment [Replication of Schnall, Benton, & Harvey, 2008]. PsychFileDrawer.org. Retrieved from https://web.archive.org/web/20191201181415/http://psychfiledrawer.org/replication.php?attempt=MTc3",Psychological Science,4.49,1,"Theories of moral judgment have long emphasized reasoning and conscious thought while downplaying the role of intuitive and contextual influences. However, recent research has demonstrated that incidental feelings of disgust can influence moral judgments and make them more severe. This study involved two experiments demonstrating that the reverse effect can occur when the notion of physical purity is made salient, thus making moral judgments less severe. After having the cognitive concept of cleanliness activated (Experiment 1) or after physically cleansing themselves after experiencing disgust (Experiment 2), participants found certain moral actions to be less wrong than did participants who had not been exposed to a cleanliness manipulation. The findings support the idea that moral judgment can be driven by intuitive processes, rather than deliberate reasoning. One of those intuitions appears to be physical purity, because it has a strong connection to moral purity.",success,Result Type Successful Replication,10.1111/j.1467-9280.2008.02227.x,NA
Weight as an Embodiment of Importance,Many Labs 3: Evaluating participant pool quality across the academic semester via replication,"Jostmann, N. B., Lakens, D., & Schubert, T. W. (2009). Weight as an Embodiment of Importance. Psychological Science, 20(9), 1169–1174. https://doi.org/10.1111/j.1467-9280.2009.02426.x","Ebersole, C. R., Atherton, O. E., Belanger, A. L., Skulborstad, H. M., Allen, J. M., Banks, J. B., Baranski, E., Bernstein, M. J., Bonfiglio, D. B. V., Boucher, L., Brown, E. R., Budiman, N. I., Cairo, A. H., Capaldi, C. A., Chartier, C. R., Chung, J. M., Cicero, D. C., Coleman, J. A., Conway, J. G., … Nosek, B. A. (2016). Many Labs 3: Evaluating participant pool quality across the academic semester via replication. Journal of Experimental Social Psychology, 67, 68–82. https://doi.org/10.1016/j.jesp.2015.10.012 Individual report available at https://osf.io/ct89g/",Psychological Science,4.49,2,"Four studies show that the abstract concept of importance is grounded in bodily experiences of weight. Participants provided judgments of importance while they held either a heavy or a light clipboard. Holding a heavy clipboard increased judgments of monetary value (Study 1) and made participants consider fair decision-making procedures to be more important (Study 2). It also caused more elaborate thinking, as indicated by higher consistency between related judgments (Study 3) and by greater polarization of agreement ratings for strong versus weak arguments (Study 4). In line with an embodied perspective on cognition, these findings suggest that, much as weight makes people invest more physical effort in dealing with concrete objects, it also makes people invest more cognitive effort in dealing with abstract issues.",failure,"Across all in-lab replications (N = 2,285), participants in the heavy (M = 6.16, SD = 1.02) and light (M = 6.14, SD = 1.03) clipboard conditions believed that it was similarly important for the university committee to listen to the students' opinions, t(2283) = 0.61, p = .543, d = .03, 95% CI = [−.06, .11].",10.1111/j.1467-9280.2009.02426.x,10.1016/j.jesp.2015.10.012
Asymmetrical Body Perception,It’s out of my hands! Grasping capacity may not influence perceived object size.,"Linkenauger, S. A., Witt, J. K., Bakdash, J. Z., Stefanucci, J. K., & Proffitt, D. R. (2009). Asymmetrical Body Perception. Psychological Science, 20(11), 1373–1380. https://doi.org/10.1111/j.1467-9280.2009.02447.x","Collier, E. S., & Lawson, R. (2017). It’s out of my hands! Grasping capacity may not influence perceived object size. Journal of Experimental Psychology: Human Perception and Performance, 43(4), 749–769. https://doi.org/10.1037/xhp0000331",Psychological Science,4.49,3,"Perception of one's body is related not only to the physical appearance of the body, but also to the neural representation of the body. The brain contains many body maps that systematically differ between right- and left-handed people. In general, the cortical representations of the right arm and right hand tend to be of greater area in the left hemisphere than in the right hemisphere for right-handed people, whereas these cortical representations tend to be symmetrical across hemispheres for left-handers. We took advantage of these naturally occurring differences and examined perceived arm length in right- and left-handed people. When looking at each arm and hand individually, right-handed participants perceived their right arms and right hands to be longer than their left arms and left hands, whereas left-handed participants perceived both arms accurately. These experiments reveal a possible relationship between implicit body maps in the brain and conscious perception of the body.",failure,"We replicated the finding that right handers overestimate the size and grasping capacity of their right hand relative to their left hand. However, when estimates of object size and grasping capacity were made in separate tasks, objects grasped in the right hand were not underestimated relative to those grasped in the left hand. Further, when grasping capacity was physically restricted, observers appropriately recalibrated their perception of their maximum grasp but estimates of object size were unaffected.",10.1111/j.1467-9280.2009.02447.x,10.1037/xhp0000331
Reflection and Reasoning in Moral Judgment,Estimating the Reproducibility of Experimental Philosophy,"Paxton, J. M., Ungar, L., & Greene, J. D. (2011). Reflection and Reasoning in Moral Judgment. Cognitive Science, 36(1), 163–177. Portico. https://doi.org/10.1111/j.1551-6709.2011.01210.x","Cova, F., Strickland, B., Abatista, A., Allard, A., Andow, J., Attie, M., Beebe, J., Berniūnas, R., Boudesseul, J., Colombo, M., Cushman, F., Diaz, R., N’Djaye Nikolai van Dongen, N., Dranseika, V., Earp, B. D., Torres, A. G., Hannikainen, I., Hernández-Conde, J. V., Hu, W., … Zhou, X. (2018). Estimating the Reproducibility of Experimental Philosophy. Review of Philosophy and Psychology, 12(1), 9–44. https://doi.org/10.1007/s13164-018-0400-9 Individual report available at https://osf.io/4ewkh",Cognitive Science,1.31,1,"While there is much evidence for the influence of automatic emotional responses on moral judgment, the roles of reflection and reasoning remain uncertain. In Experiment 1, we induced subjects to be more reflective by completing the Cognitive Reflection Test (CRT) prior to responding to moral dilemmas. This manipulation increased utilitarian responding, as individuals who reflected more on the CRT made more utilitarian judgments. A follow‐up study suggested that trait reflectiveness is also associated with increased utilitarian judgment. In Experiment 2, subjects considered a scenario involving incest between consenting adult siblings, a scenario known for eliciting emotionally driven condemnation that resists reasoned persuasion. Here, we manipulated two factors related to moral reasoning: argument strength and deliberation time. These factors interacted in a manner consistent with moral reasoning: A strong argument defending the incestuous behavior was more persuasive than a weak argument, but only when increased deliberation time encouraged subjects to reflect.",failure,NO in ReplicationSUCCESS column,10.1111/j.1551-6709.2011.01210.x,10.1007/s13164-018-0400-9
Reflection and Reasoning in Moral Judgment,Eleven years of student replication projects provide evidence on the correlates of replicability in psychology,"Paxton, J. M., Ungar, L., & Greene, J. D. (2011). Reflection and Reasoning in Moral Judgment. Cognitive Science, 36(1), 163–177. Portico. https://doi.org/10.1111/j.1551-6709.2011.01210.x","Boyce, V., Mathur, M., & Frank, M. C. (2023). Eleven years of student replication projects provide evidence on the correlates of replicability in psychology. Royal Society Open Science, 10(11). https://doi.org/10.1098/rsos.231240 Individual report available at https://rstudio-pubs-static.s3.amazonaws.com/1178341_5e2ac8c976274f5fb6532dee0d9982c6.html",Cognitive Science,1.31,1,"While there is much evidence for the influence of automatic emotional responses on moral judgment, the roles of reflection and reasoning remain uncertain. In Experiment 1, we induced subjects to be more reflective by completing the Cognitive Reflection Test (CRT) prior to responding to moral dilemmas. This manipulation increased utilitarian responding, as individuals who reflected more on the CRT made more utilitarian judgments. A follow‐up study suggested that trait reflectiveness is also associated with increased utilitarian judgment. In Experiment 2, subjects considered a scenario involving incest between consenting adult siblings, a scenario known for eliciting emotionally driven condemnation that resists reasoned persuasion. Here, we manipulated two factors related to moral reasoning: argument strength and deliberation time. These factors interacted in a manner consistent with moral reasoning: A strong argument defending the incestuous behavior was more persuasive than a weak argument, but only when increased deliberation time encouraged subjects to reflect.",failure,The rescue did not reproduce the main result found in the original: participants who were shown CRT questions before moral dilemmas did not deliver stronger utilitarian responses.,10.1111/j.1551-6709.2011.01210.x,10.1098/rsos.231240
The Role of Inhibitory Control in Second Language Phonological Processing,"Clarifying the role of inhibitory control in L2 phonological processing: A preregistered, close replication of Darcy et al. (2016)","Darcy, I., Mora, J. C., & Daidone, D. (2016). The Role of Inhibitory Control in Second Language Phonological Processing. Language Learning, 66(4), 741–773. Portico. https://doi.org/10.1111/lang.12161","Huensch, A. (2024). Clarifying the role of inhibitory control in L2 phonological processing: A preregistered, close replication of Darcy et al. (2016). Studies in Second Language Acquisition, 46(5), 1392–1412. https://doi.org/10.1017/s0272263124000238",Language Learning,3.16,1,"This study investigated the role of inhibition in second language (L2) learners’ phonological processing. Participants were Spanish learners of L2 English and American learners of L2 Spanish. We measured inhibition through a retrieval‐induced inhibition task. Accuracy of phonological representations (perception and production) was assessed through a speeded ABX categorization task and a delayed sentence repetition task. We used a measure of L2 vocabulary size to tease out L2 proficiency effects. Higher inhibitory control was related to lower error rate in segmental perception. Inhibition was also related to consonant but not to vowel production accuracy. These results suggest a potential role for inhibition in L2 phonological acquisition, with inhibition enhancing the processing of phonologically relevant acoustic information in the L2 input, which in turn might lead to more accurate L2 phonological representations. Open Practices This article has been awarded an Open Materials badge. All materials are publicly accessible in the IRIS digital repository at http://www.iris‐database.org . Learnmore about the Open Practices badges from the Center for Open Science: https://osf.io/tvyxz/wiki",failure,"However, results of the partial correlation analyses in the current replication did not indicate clear relationships between phonological variables and inhibi- tory control.",10.1111/lang.12161,10.1017/s0272263124000238
Washing Away Your Sins: Threatened Morality and Physical Cleansing,"Out, Damned Spot: Can the “Macbeth Effect” Be Replicated?","Zhong, C.-B., & Liljenquist, K. (2006). Washing Away Your Sins: Threatened Morality and Physical Cleansing. Science, 313(5792), 1451–1452. https://doi.org/10.1126/science.1130726","Earp, B. D., Everett, J. A. C., Madva, E. N., & Hamlin, J. K. (2014). Out, Damned Spot: Can the “Macbeth Effect” Be Replicated? Basic and Applied Social Psychology, 36(1), 91–98. https://doi.org/10.1080/01973533.2013.856792",Science,16.49,2,"Physical cleansing has been a focal element in religious ceremonies for thousands of years. The prevalence of this practice suggests a psychological association between bodily purity and moral purity. In three studies, we explored what we call the “Macbeth effect”—that is, a threat to one's moral purity induces the need to cleanse oneself. This effect revealed itself through an increased mental accessibility of cleansing-related concepts, a greater desire for cleansing products, and a greater likelihood of taking antiseptic wipes. Furthermore, we showed that physical cleansing alleviates the upsetting consequences of unethical behavior and reduces threats to one's moral self-image. Daily hygiene routines such as washing hands, as simple and benign as they might seem, can deliver a powerful antidote to threatened morality, enabling people to truly wash away their sins.",failure,"Despite multiple good-faith efforts, however, we were unable to detect a “Macbeth Effect” in any of our experiments.",10.1126/science.1130726,10.1080/01973533.2013.856792
Washing Away Your Sins: Threatened Morality and Physical Cleansing,The Effect of Physical Cleaning on Threatened Morality in Individuals With Obsessive-Compulsive Disorder,"Zhong, C.-B., & Liljenquist, K. (2006). Washing Away Your Sins: Threatened Morality and Physical Cleansing. Science, 313(5792), 1451–1452. https://doi.org/10.1126/science.1130726","Reuven, O., Liberman, N., & Dar, R. (2013). The Effect of Physical Cleaning on Threatened Morality in Individuals With Obsessive-Compulsive Disorder. Clinical Psychological Science, 2(2), 224–229. https://doi.org/10.1177/2167702613485565",Science,16.49,4,"Physical cleansing has been a focal element in religious ceremonies for thousands of years. The prevalence of this practice suggests a psychological association between bodily purity and moral purity. In three studies, we explored what we call the “Macbeth effect”—that is, a threat to one's moral purity induces the need to cleanse oneself. This effect revealed itself through an increased mental accessibility of cleansing-related concepts, a greater desire for cleansing products, and a greater likelihood of taking antiseptic wipes. Furthermore, we showed that physical cleansing alleviates the upsetting consequences of unethical behavior and reduces threats to one's moral self-image. Daily hygiene routines such as washing hands, as simple and benign as they might seem, can deliver a powerful antidote to threatened morality, enabling people to truly wash away their sins.",success,"Replicating previous findings, physical cleaning reduced the willingness to help and relieved moral emotions.",10.1126/science.1130726,10.1177/2167702613485565
Washing Away Your Sins: Threatened Morality and Physical Cleansing,Many Labs 2: Investigating Variation in Replicability Across Samples and Settings,"Zhong, C.-B., & Liljenquist, K. (2006). Washing Away Your Sins: Threatened Morality and Physical Cleansing. Science, 313(5792), 1451–1452. https://doi.org/10.1126/science.1130726","Klein, R. A., Vianello, M., Hasselman, F., Adams, B. G., Adams, R. B., Alper, S., Aveyard, M., Axt, J. R., Babalola, M. T., Bahník, Š., Batra, R., Berkics, M., Bernstein, M. J., Berry, D. R., Bialobrzeska, O., Binan, E. D., Bocian, K., Brandt, M. J., Busching, R., … Nosek, B. A. (2018). Many Labs 2: Investigating Variation in Replicability Across Samples and Settings. Advances in Methods and Practices in Psychological Science, 1(4), 443–490. https://doi.org/10.1177/2515245918810225",Science,16.49,2,"Physical cleansing has been a focal element in religious ceremonies for thousands of years. The prevalence of this practice suggests a psychological association between bodily purity and moral purity. In three studies, we explored what we call the “Macbeth effect”—that is, a threat to one's moral purity induces the need to cleanse oneself. This effect revealed itself through an increased mental accessibility of cleansing-related concepts, a greater desire for cleansing products, and a greater likelihood of taking antiseptic wipes. Furthermore, we showed that physical cleansing alleviates the upsetting consequences of unethical behavior and reduces threats to one's moral self-image. Daily hygiene routines such as washing hands, as simple and benign as they might seem, can deliver a powerful antidote to threatened morality, enabling people to truly wash away their sins.",failure,This result is not consistent with the hypothesis that copying an account of an unethical action increases the desirability of cleans- ing products compared with copying an account of an ethical action.,10.1126/science.1130726,10.1177/2515245918810225
Washing Away Your Sins: Threatened Morality and Physical Cleansing,The Uncertain Universality of the Macbeth Effect with a Spanish Sample,"Zhong, C.-B., & Liljenquist, K. (2006). Washing Away Your Sins: Threatened Morality and Physical Cleansing. Science, 313(5792), 1451–1452. https://doi.org/10.1126/science.1130726","Gámez, E., Díaz, J. M., & Marrero, H. (2011). The Uncertain Universality of the Macbeth Effect with a Spanish Sample. The Spanish Journal of Psychology, 14(1), 156–162. https://doi.org/10.5209/rev_sjop.2011.v14.n1.13",Science,16.49,2,"Physical cleansing has been a focal element in religious ceremonies for thousands of years. The prevalence of this practice suggests a psychological association between bodily purity and moral purity. In three studies, we explored what we call the “Macbeth effect”—that is, a threat to one's moral purity induces the need to cleanse oneself. This effect revealed itself through an increased mental accessibility of cleansing-related concepts, a greater desire for cleansing products, and a greater likelihood of taking antiseptic wipes. Furthermore, we showed that physical cleansing alleviates the upsetting consequences of unethical behavior and reduces threats to one's moral self-image. Daily hygiene routines such as washing hands, as simple and benign as they might seem, can deliver a powerful antidote to threatened morality, enabling people to truly wash away their sins.",failure,"We were unsuccessful in replicating the Zhong & Liljenquist ́s results that supported cleansing as a psychological mechanism for compensating guilty: results couldn’t confirm an increased mental accessibility of cleansing-related concepts or even a greater desire for cleansing products, neither a greater likelihood of taking antiseptic wipes. || We were unsuccessful in replicating the Zhong & Liljenquist's results that supported cleansing as a psychological mechanism for compensating guilty: results couldn't confirm an increased mental accessibility of cleansing-related concepts or even a greater desire for cleansing products, neither a greater likelihood of taking antiseptic wipes. In addition we didn't find that physical cleansing alleviates the upsetting consequences of unethical behaviour. || We were unsuccessful in replicating the Zhong & Liljenquist's results that supported cleansing as a psychological mechanism for compensating guilty: results couldn't confirm an increased mental accessibility of cleansing-related concepts or even a greater desire for cleansing products, neither a greater likelihood of taking antiseptic wipes.",10.1126/science.1130726,10.5209/rev_sjop.2011.v14.n1.13
Washing Away Your Sins: Threatened Morality and Physical Cleansing,Is cleanliness next to godliness? Dispelling old wives' tales: Failure to replicate Zhong and Liljenquist (2006),"Zhong, C.-B., & Liljenquist, K. (2006). Washing Away Your Sins: Threatened Morality and Physical Cleansing. Science, 313(5792), 1451–1452. https://doi.org/10.1126/science.1130726","Fayard, J. V., Bassi, A. K., Bernstein, D. M., & Roberts, B. W. (2009). Is cleanliness next to godliness? Dispelling old wives' tales: Failure to replicate Zhong and Liljenquist (2006). Journal of Articles in Support of the Null Hypothesis, 6(2).",Science,16.49,3,"Physical cleansing has been a focal element in religious ceremonies for thousands of years. The prevalence of this practice suggests a psychological association between bodily purity and moral purity. In three studies, we explored what we call the “Macbeth effect”—that is, a threat to one's moral purity induces the need to cleanse oneself. This effect revealed itself through an increased mental accessibility of cleansing-related concepts, a greater desire for cleansing products, and a greater likelihood of taking antiseptic wipes. Furthermore, we showed that physical cleansing alleviates the upsetting consequences of unethical behavior and reduces threats to one's moral self-image. Daily hygiene routines such as washing hands, as simple and benign as they might seem, can deliver a powerful antidote to threatened morality, enabling people to truly wash away their sins.",failure,"Despite larger samples and thus greater power to detect effects, both studies failed to replicate the original work of Zhong and Liljenquist (2006). || Despite larger samples and thus greater power to detect effects, both studies failed to replicate the original work of Zhong and Liljenquist",10.1126/science.1130726,NA
Lab Experiments for the Study of Social-Ecological Systems,Evaluating the replicability of social science experiments in Nature and Science between 2010 and 2015,"Janssen, M. A., Holahan, R., Lee, A., & Ostrom, E. (2010). Lab Experiments for the Study of Social-Ecological Systems. Science, 328(5978), 613–617. https://doi.org/10.1126/science.1183532","Camerer, C. F., Dreber, A., Holzmeister, F., Ho, T.-H., Huber, J., Johannesson, M., Kirchler, M., Nave, G., Nosek, B. A., Pfeiffer, T., Altmejd, A., Buttrick, N., Chan, T., Chen, Y., Forsell, E., Gampa, A., Heikensten, E., Hummer, L., Imai, T., … Wu, H. (2018). Evaluating the replicability of social science experiments in Nature and Science between 2010 and 2015. Nature Human Behaviour, 2(9), 637–644. https://doi.org/10.1038/s41562-018-0399-z Individual report available at https://osf.io/knh6y",Science,16.49,1,"Learning to Work Together In group endeavors, there is often a tension between working for the greater good of the group as a whole versus working for one's own benefit. Sometimes these paths coincide and sometimes they do not; furthermore, the choices made by other group members can influence the calculation of which path to take. A pair of studies now approaches this challenge from experimental and theoretical points of view. In a forest or fishery, harvesting of wood or food needs to take into account the renewable character of the resource, as well as spatial heterogeneity. Janssen et al. (p. 613 ; see the Perspective by Putterman ) show that communication among the group members is key, both to establishing a maintainable rate of harvesting, as well as enforcement via punishment of noncompliers. Boyd et al. (p. 617 ; see the Perspective by Putterman ) develop a model showing that punishment, which is a costly activity, is most effectively levied when implemented with the approval of group members; that is, coordinated punishment works to the benefit of the whole, whereas individual actions do not.",success,"Given the criteria and procedure outlined above, the hypothesis of interest has been replicated at a significance level of α <5% for the first data collection of the replication experiment",10.1126/science.1183532,10.1038/s41562-018-0399-z
Incidental Haptic Sensations Influence Social Judgments and Decisions,Evaluating the replicability of social science experiments in Nature and Science between 2010 and 2015,"Ackerman, J. M., Nocera, C. C., & Bargh, J. A. (2010). Incidental Haptic Sensations Influence Social Judgments and Decisions. Science, 328(5986), 1712–1715. https://doi.org/10.1126/science.1189993","Camerer, C. F., Dreber, A., Holzmeister, F., Ho, T.-H., Huber, J., Johannesson, M., Kirchler, M., Nave, G., Nosek, B. A., Pfeiffer, T., Altmejd, A., Buttrick, N., Chan, T., Chen, Y., Forsell, E., Gampa, A., Heikensten, E., Hummer, L., Imai, T., … Wu, H. (2018). Evaluating the replicability of social science experiments in Nature and Science between 2010 and 2015. Nature Human Behaviour, 2(9), 637–644. https://doi.org/10.1038/s41562-018-0399-z Individual report available at https://osf.io/9hn4c",Science,16.49,1,"Between a Rock and a Hard Judgment In general terms, our sensory and motor pathways mature sooner than the so-called higher cognitive centers, which become fully operational later in life. Might these early somatic communication channels with the outside world influence and become buried within the higher levels of processing involved in forming impressions of other people and deciding how to behave toward them? Ackerman et al. (p. 1712 ) provide evidence for just such a process by focusing on touch. By manipulating the weight, hardness, or roughness of objects that subjects were exposed to, they were able to bias the social judgments and behaviors of the subjects in unrelated realms, such as assessing the rigidness or seriousness of employees and job applicants.",success,"[stated yes In supplementary table 3, under 'replicated' column] https://osf.io/sva2k",10.1126/science.1189993,10.1038/s41562-018-0399-z
The Social Sense: Susceptibility to Others’ Beliefs in Human Infants and Adults,Evaluating the replicability of social science experiments in Nature and Science between 2010 and 2015,"Kovács, Á. M., Téglás, E., & Endress, A. D. (2010). The Social Sense: Susceptibility to Others’ Beliefs in Human Infants and Adults. Science, 330(6012), 1830–1834. https://doi.org/10.1126/science.1190792","Camerer, C. F., Dreber, A., Holzmeister, F., Ho, T.-H., Huber, J., Johannesson, M., Kirchler, M., Nave, G., Nosek, B. A., Pfeiffer, T., Altmejd, A., Buttrick, N., Chan, T., Chen, Y., Forsell, E., Gampa, A., Heikensten, E., Hummer, L., Imai, T., … Wu, H. (2018). Evaluating the replicability of social science experiments in Nature and Science between 2010 and 2015. Nature Human Behaviour, 2(9), 637–644. https://doi.org/10.1038/s41562-018-0399-z Individual report available at https://osf.io/jnq7e",Science,16.49,1,"Mind Reading One core component of social cognition, especially of the kind practiced by humans, is the capacity to formulate a representation of what someone else believes to be true, even if that belief is not anchored in reality. Holding two such beliefs in mind—one false and one true—is no simple feat, and up until a few years ago, it was generally accepted that such a capacity did not arise until children were 3 to 4 years old. Since then, a flurry of studies, using a variety of interrogation measures, has suggested that much-younger humans might, in fact, possess this capacity, commonly referred to as a theory of mind. Kovács et al. (p. 1830 ) devised an ingenious behavioral paradigm and applied it both to adults and to infants, which suggests that the representations of others' beliefs are indeed formed in the same way in adults and in infants.",success,Yes stated in the Rep. s1 column,10.1126/science.1190792,10.1038/s41562-018-0399-z
Thought for Food: Imagined Consumption Reduces Actual Consumption,Evaluating the replicability of social science experiments in Nature and Science between 2010 and 2015,"Morewedge, C. K., Huh, Y. E., & Vosgerau, J. (2010). Thought for Food: Imagined Consumption Reduces Actual Consumption. Science, 330(6010), 1530–1533. https://doi.org/10.1126/science.1195701","Camerer, C. F., Dreber, A., Holzmeister, F., Ho, T.-H., Huber, J., Johannesson, M., Kirchler, M., Nave, G., Nosek, B. A., Pfeiffer, T., Altmejd, A., Buttrick, N., Chan, T., Chen, Y., Forsell, E., Gampa, A., Heikensten, E., Hummer, L., Imai, T., … Wu, H. (2018). Evaluating the replicability of social science experiments in Nature and Science between 2010 and 2015. Nature Human Behaviour, 2(9), 637–644. https://doi.org/10.1038/s41562-018-0399-z Individual report available at https://osf.io/k2teb",Science,16.49,1,"All in the Mind Pavlov's experiments, in which dogs salivate in anticipation of food, mirror our own imagined experience; that is, thinking about the future consumption of chocolate enhances our desire for it and our motivation to obtain it. After several bites, however, our appetite usually wanes and the offer of a second bar is less appealing than the first. Morewedge et al. (p. 1530 ) show that the decrease in hedonic response can also be induced by having imagined eating the first bar of chocolate. In comparisons of subjects asked to imagine the repetitive consumption of candy or cheese, they observed a specific drop in the amount consumed when subjects were actually offered the previously imagined foods to eat.",success,"Given the criteria and procedure outlinedabove, the hypothesis of interest has beenreplicated at a significance level ofα <5%(p= 0.0006) with a powerπ= 90% to detect75% of the original effect size.",10.1126/science.1195701,10.1038/s41562-018-0399-z
Retrieval Practice Produces More Learning than Elaborative Studying with Concept Mapping,Evaluating the replicability of social science experiments in Nature and Science between 2010 and 2015,"Karpicke, J. D., & Blunt, J. R. (2011). Retrieval Practice Produces More Learning than Elaborative Studying with Concept Mapping. Science, 331(6018), 772–775. https://doi.org/10.1126/science.1199327","Camerer, C. F., Dreber, A., Holzmeister, F., Ho, T.-H., Huber, J., Johannesson, M., Kirchler, M., Nave, G., Nosek, B. A., Pfeiffer, T., Altmejd, A., Buttrick, N., Chan, T., Chen, Y., Forsell, E., Gampa, A., Heikensten, E., Hummer, L., Imai, T., … Wu, H. (2018). Evaluating the replicability of social science experiments in Nature and Science between 2010 and 2015. Nature Human Behaviour, 2(9), 637–644. https://doi.org/10.1038/s41562-018-0399-z Individual report available at https://osf.io/mgjxv",Science,16.49,1,Two different ways of thinking through texts are compared for learning value.,success,Yes stated in the Rep. s1 column,10.1126/science.1199327,10.1038/s41562-018-0399-z
Writing About Testing Worries Boosts Exam Performance in the Classroom,Evaluating the replicability of social science experiments in Nature and Science between 2010 and 2015,"Ramirez, G., & Beilock, S. L. (2011). Writing About Testing Worries Boosts Exam Performance in the Classroom. Science, 331(6014), 211–213. https://doi.org/10.1126/science.1199427","Camerer, C. F., Dreber, A., Holzmeister, F., Ho, T.-H., Huber, J., Johannesson, M., Kirchler, M., Nave, G., Nosek, B. A., Pfeiffer, T., Altmejd, A., Buttrick, N., Chan, T., Chen, Y., Forsell, E., Gampa, A., Heikensten, E., Hummer, L., Imai, T., … Wu, H. (2018). Evaluating the replicability of social science experiments in Nature and Science between 2010 and 2015. Nature Human Behaviour, 2(9), 637–644. https://doi.org/10.1038/s41562-018-0399-z Individual report available at https://osf.io/j8pbk",Science,16.49,1,"Write Your Worries Away Tests and exams are stressful for many people. Students who “choke” at an exam may perform less well than their knowledge base warrants. Such results can accumulate to generate reduced educational achievements and expectations. Studying young adults performing math tests, Ramirez and Beilock (p. 211 ) found that a brief intervention—writing about their anxiety about the upcoming exam—helped students to do better in the exam. Perhaps by acknowledging their fears, students were able to tame distracting emotions.",failure,No stated in the Rep. s1+s2 column,10.1126/science.1199427,10.1038/s41562-018-0399-z
Google Effects on Memory: Cognitive Consequences of Having Information at Our Fingertips,Evaluating the replicability of social science experiments in Nature and Science between 2010 and 2015,"Sparrow, B., Liu, J., & Wegner, D. M. (2011). Google Effects on Memory: Cognitive Consequences of Having Information at Our Fingertips. Science, 333(6043), 776–778. https://doi.org/10.1126/science.1207745","Camerer, C. F., Dreber, A., Holzmeister, F., Ho, T.-H., Huber, J., Johannesson, M., Kirchler, M., Nave, G., Nosek, B. A., Pfeiffer, T., Altmejd, A., Buttrick, N., Chan, T., Chen, Y., Forsell, E., Gampa, A., Heikensten, E., Hummer, L., Imai, T., … Wu, H. (2018). Evaluating the replicability of social science experiments in Nature and Science between 2010 and 2015. Nature Human Behaviour, 2(9), 637–644. https://doi.org/10.1038/s41562-018-0399-z Individual report available at https://osf.io/84fyw",Science,16.49,1,"Owing to Internet search, we are more likely to encode “where” aspects of memory rather than “what.”",failure,"We conclude that the original result did not replicate in the first round of data collection(p= 0.2647; point estimate in the same direc-tion as in the original study) nor in the first and second rounds of data collection pooled(p= 0.4493; point estimate in the same direc-tion as original study), given the criteria and procedure outlined above.",10.1126/science.1207745,10.1038/s41562-018-0399-z
Affirmative Action Policies Promote Women and Do Not Harm Efficiency in the Laboratory,Evaluating the replicability of social science experiments in Nature and Science between 2010 and 2015,"Balafoutas, L., & Sutter, M. (2012). Affirmative Action Policies Promote Women and Do Not Harm Efficiency in the Laboratory. Science, 335(6068), 579–582. https://doi.org/10.1126/science.1211180","Camerer, C. F., Dreber, A., Holzmeister, F., Ho, T.-H., Huber, J., Johannesson, M., Kirchler, M., Nave, G., Nosek, B. A., Pfeiffer, T., Altmejd, A., Buttrick, N., Chan, T., Chen, Y., Forsell, E., Gampa, A., Heikensten, E., Hummer, L., Imai, T., … Wu, H. (2018). Evaluating the replicability of social science experiments in Nature and Science between 2010 and 2015. Nature Human Behaviour, 2(9), 637–644. https://doi.org/10.1038/s41562-018-0399-z Individual report available at https://osf.io/drvhe",Science,16.49,1,"Girl Power The potential of affirmative action policies to reduce overall outcomes because of lower individual performance has been discussed widely and at length. But do quotas or preferential treatment of applicants alter the pool of candidates? Balafoutas and Sutter (p. 579 ; see the Perspective by Villeval ) used an existing laboratory-based task to assess the change in composition of winning candidates and the overall outcome as a function of three affirmative action policies. Policies designed to encourage more women to enter a competitive environment served to recruit enough high-performing individuals to ensure that the efficiency in performing the task was preserved. Beaman et al. (p. 582 , published online 12 January) examined the effects of a constitutionally mandated reservation of village-council and council-leader positions for women in West Bengal after two election cycles (1998 and 2003). The program appeared to narrow the gender gap in aspirations of parents for their children and of children for themselves; in addition, teenage girls spent more time in school and less on household chores. Beliefs and attitudes changed only after the second set of elections—that is, after a longer exposure to female role models—complementing the more rapid policy changes instituted by women council leaders after the first round of elections.",success,Yes stated in the Rep. s1 column,10.1126/science.1211180,10.1038/s41562-018-0399-z
Analytic Thinking Promotes Religious Disbelief,Direct replication of Gervais &amp; Norenzayan (2012): No evidence that analytic thinking decreases religious belief,"Gervais, W. M., & Norenzayan, A. (2012). Analytic Thinking Promotes Religious Disbelief. Science, 336(6080), 493–496. https://doi.org/10.1126/science.1215647","Sanchez, C., Sundermeier, B., Gray, K., & Calin-Jageman, R. J. (2017). Direct replication of Gervais &amp; Norenzayan (2012): No evidence that analytic thinking decreases religious belief. PLOS ONE, 12(2), e0172636. https://doi.org/10.1371/journal.pone.0172636",Science,16.49,2,"Overthinking Religion? Many theories of human cognition make a distinction between System I, which tends to be rapid and to rely on heuristics or rules of thumb, and System II, which tends to be more deliberative and analytic. This dual-process framework, within which both processes may operate simultaneously and competitively, has been used to explain a variety of situational influences upon decision-making. Gervais and Norenzayan (p. 493) studied the application of a dual-process framework to religious disbelief and found that triggering analytic thinking processes through a variety of experimental manipulations resulted in a tendency for subjects to report lower levels of religious belief.",failure,"We observed little to no effect of the experimental manipulation on religious belief (d = 0.07 in the wrong direction, 95% CI[-0.12, 0.25], N = 941). The original finding does not seem to provide reli- able or valid evidence that analytic thinking causes a decrease in religious belief.",10.1126/science.1215647,10.1371/journal.pone.0172636
Analytic Thinking Promotes Religious Disbelief,Evaluating the replicability of social science experiments in Nature and Science between 2010 and 2015,"Gervais, W. M., & Norenzayan, A. (2012). Analytic Thinking Promotes Religious Disbelief. Science, 336(6080), 493–496. https://doi.org/10.1126/science.1215647","Camerer, C. F., Dreber, A., Holzmeister, F., Ho, T.-H., Huber, J., Johannesson, M., Kirchler, M., Nave, G., Nosek, B. A., Pfeiffer, T., Altmejd, A., Buttrick, N., Chan, T., Chen, Y., Forsell, E., Gampa, A., Heikensten, E., Hummer, L., Imai, T., … Wu, H. (2018). Evaluating the replicability of social science experiments in Nature and Science between 2010 and 2015. Nature Human Behaviour, 2(9), 637–644. https://doi.org/10.1038/s41562-018-0399-z Individual report available at https://osf.io/r4dve",Science,16.49,2,"Overthinking Religion? Many theories of human cognition make a distinction between System I, which tends to be rapid and to rely on heuristics or rules of thumb, and System II, which tends to be more deliberative and analytic. This dual-process framework, within which both processes may operate simultaneously and competitively, has been used to explain a variety of situational influences upon decision-making. Gervais and Norenzayan (p. 493) studied the application of a dual-process framework to religious disbelief and found that triggering analytic thinking processes through a variety of experimental manipulations resulted in a tendency for subjects to report lower levels of religious belief.",failure,"Despite high-power and careful adherence to the original study design with feedback from the original authors, we did not observe an effect consistent with the original study",10.1126/science.1215647,10.1038/s41562-018-0399-z
Some Consequences of Having Too Little,Evaluating the replicability of social science experiments in Nature and Science between 2010 and 2015,"Shah, A. K., Mullainathan, S., & Shafir, E. (2012). Some Consequences of Having Too Little. Science, 338(6107), 682–685. https://doi.org/10.1126/science.1222426","Camerer, C. F., Dreber, A., Holzmeister, F., Ho, T.-H., Huber, J., Johannesson, M., Kirchler, M., Nave, G., Nosek, B. A., Pfeiffer, T., Altmejd, A., Buttrick, N., Chan, T., Chen, Y., Forsell, E., Gampa, A., Heikensten, E., Hummer, L., Imai, T., … Wu, H. (2018). Evaluating the replicability of social science experiments in Nature and Science between 2010 and 2015. Nature Human Behaviour, 2(9), 637–644. https://doi.org/10.1038/s41562-018-0399-z Individual report available at https://osf.io/5uw3j",Science,16.49,1,"Poor Choices Two categories of reasons for why poor people make economically unsound choices, such as obtaining a payday loan at an extraordinarily high rate of interest, reflect, first, the environment: Poor people are more likely to be living in poor neighborhoods with higher rates of crime and lower rates of social services. Second, they reflect the individual: People are poor in part because of their own psychological dispositions toward impatience and impulsiveness. For both cases, obtaining causal evidence in controlled experiments has been challenging. Shah et al. (p. 682 ; see the Perpective by Zwane ) propose a third category of reasons whereby being poor exerts a bias on cognitive processes and provide evidence for it in laboratory experiments performed in scenarios of scarcity.",failure,No stated in the Rep. s1+s2 column,10.1126/science.1222426,10.1038/s41562-018-0399-z
"Body Cues, Not Facial Expressions, Discriminate Between Intense Positive and Negative Emotions",Evaluating the replicability of social science experiments in Nature and Science between 2010 and 2015,"Aviezer, H., Trope, Y., & Todorov, A. (2012). Body Cues, Not Facial Expressions, Discriminate Between Intense Positive and Negative Emotions. Science, 338(6111), 1225–1229. https://doi.org/10.1126/science.1224313","Camerer, C. F., Dreber, A., Holzmeister, F., Ho, T.-H., Huber, J., Johannesson, M., Kirchler, M., Nave, G., Nosek, B. A., Pfeiffer, T., Altmejd, A., Buttrick, N., Chan, T., Chen, Y., Forsell, E., Gampa, A., Heikensten, E., Hummer, L., Imai, T., … Wu, H. (2018). Evaluating the replicability of social science experiments in Nature and Science between 2010 and 2015. Nature Human Behaviour, 2(9), 637–644. https://doi.org/10.1038/s41562-018-0399-z Individual report available at https://osf.io/367yu",Science,16.49,1,"Joy or Pain? Face recognition and processing are so completely central to human social interactions that these functions are supported by specialized regions in the brain. One of the fundamental aspects being processed is emotion, particularly whether the emotion being expressed is positive or negative. Nevertheless, neuroimaging studies have documented that perceiving opposite emotions often activates the same or overlapping regions. Aviezer et al. (p. 1225 ) report that the recognition of positive versus negative emotions actually relies on information communicated by the body—the extent to which perceivers identified joy versus grief in composite figures was driven by whether the body came from a joyous (versus grievous) image rather than the face.",success,"Based on a paired-samplet-test,the difference between the average valence rat-ings for winning and losing bodies is statisti-cally significant withp= 0.0001338(t(13) =5.3420). The original result is thus replicated",10.1126/science.1224313,10.1038/s41562-018-0399-z
Poverty Impedes Cognitive Function,Empirical audit and review and an assessment of evidentiary value in research on the psychological consequences of scarcity,"Mani, A., Mullainathan, S., Shafir, E., & Zhao, J. (2013). Poverty Impedes Cognitive Function. Science, 341(6149), 976–980. https://doi.org/10.1126/science.1238041","O’Donnell, M., Dev, A. S., Antonoplis, S., Baum, S. M., Benedetti, A. H., Brown, N. D., Carrillo, B., Choi, A. L., Connor, P., Donnelly, K., Ellwood-Lowe, M. E., Foushee, R., Jansen, R., Jarvis, S. N., Lundell-Creagh, R., Ocampo, J. M., Okafor, G. N., Azad, Z. R., Rosenblum, M., … Nelson, L. D. (2021). Empirical audit and review and an assessment of evidentiary value in research on the psychological consequences of scarcity. Proceedings of the National Academy of Sciences, 118(44). https://doi.org/10.1073/pnas.2103313118",Science,16.49,4,"Burden of Poverty Lacking money or time can lead one to make poorer decisions, possibly because poverty imposes a cognitive load that saps attention and reduces effort. Mani et al. (p. 976 ; see the Perspective by Vohs) gathered evidence from shoppers in a New Jersey mall and from farmers in Tamil Nadu, India. They found that considering a projected financial decision, such as how to pay for a car repair, affects people's performance on unrelated spatial and reasoning tasks. Lower-income individuals performed poorly if the repairs were expensive but did fine if the cost was low, whereas higher-income individuals performed well in both conditions, as if the projected financial burden imposed no cognitive pressure. Similarly, the sugarcane farmers from Tamil Nadu performed these tasks better after harvest than before.",failure,"Contrary to prior results (Mani et al., 2013), there was no robust interaction between income and condition (F(1,224) = 0.17, p = .678).",10.1126/science.1238041,10.1073/pnas.2103313118
Reading Literary Fiction Improves Theory of Mind,Evaluating the replicability of social science experiments in Nature and Science between 2010 and 2015,"Kidd, D. C., & Castano, E. (2013). Reading Literary Fiction Improves Theory of Mind. Science, 342(6156), 377–380. https://doi.org/10.1126/science.1239918","Camerer, C. F., Dreber, A., Holzmeister, F., Ho, T.-H., Huber, J., Johannesson, M., Kirchler, M., Nave, G., Nosek, B. A., Pfeiffer, T., Altmejd, A., Buttrick, N., Chan, T., Chen, Y., Forsell, E., Gampa, A., Heikensten, E., Hummer, L., Imai, T., … Wu, H. (2018). Evaluating the replicability of social science experiments in Nature and Science between 2010 and 2015. Nature Human Behaviour, 2(9), 637–644. https://doi.org/10.1038/s41562-018-0399-z Individual report available at https://osf.io/s73x6",Science,16.49,1,"A Good Read Theory of Mind is the human capacity to comprehend that other people hold beliefs and desires and that these may differ from one's own beliefs and desires. The currently predominant view is that literary fiction—often described as narratives that focus on in-depth portrayals of subjects' inner feelings and thoughts—can be linked to theory of mind processes, especially those that are involved in the understanding or simulation of the affective characteristics of the subjects. Kidd and Castano (p. 377 , published online 3 October) provide experimental evidence that reading passages of literary fiction, in comparison to nonfiction or popular fiction, does indeed enhance the reader's performance on theory of mind tasks.",failure,"[In supplementary table 4, under 'replicated' column, as unsuccessful replications in stage 1, underwent more data collection in stage 2]",10.1126/science.1239918,10.1038/s41562-018-0399-z
Reading Literary Fiction Improves Theory of Mind,Leidt het lezen van literaire fictie tot meer empathie? : een replicatiestudie van Kidd en Castano (2013),"Kidd, D. C., & Castano, E. (2013). Reading Literary Fiction Improves Theory of Mind. Science, 342(6156), 377–380. https://doi.org/10.1126/science.1239918","Dijkstra, K., Verkoeijen, P., van Kuijk, I., Yee Chow, S., Bakker, A., & Zwaan, R. (2015). Leidt het lezen van literaire fictie tot meer empathie? : een replicatiestudie van Kidd en Castano (2013). De Psycholoog, 50(10), 10–21. Retrieved from http://hdl.handle.net/1765/98670",Science,16.49,5,"A Good Read Theory of Mind is the human capacity to comprehend that other people hold beliefs and desires and that these may differ from one's own beliefs and desires. The currently predominant view is that literary fiction—often described as narratives that focus on in-depth portrayals of subjects' inner feelings and thoughts—can be linked to theory of mind processes, especially those that are involved in the understanding or simulation of the affective characteristics of the subjects. Kidd and Castano (p. 377 , published online 3 October) provide experimental evidence that reading passages of literary fiction, in comparison to nonfiction or popular fiction, does indeed enhance the reader's performance on theory of mind tasks.",failure,"The current non-replication of the results casts a further shadow on the conclusions of the Science article... Even when using the exact same selected text samples, methods, and population as Kidd and Castano, one does not necessarily obtain the same results. ... Strong claims such as ‘reading literature makes us better people’ require strong evidence. And it is now quite clear that such strong evidence is completely absent from the research of Kidd and Castano.",10.1126/science.1239918,NA
Just think: The challenges of the disengaged mind,Evaluating the replicability of social science experiments in Nature and Science between 2010 and 2015,"Wilson, T. D., Reinhard, D. A., Westgate, E. C., Gilbert, D. T., Ellerbeck, N., Hahn, C., Brown, C. L., & Shaked, A. (2014). Just think: The challenges of the disengaged mind. Science, 345(6192), 75–77. https://doi.org/10.1126/science.1250830","Camerer, C. F., Dreber, A., Holzmeister, F., Ho, T.-H., Huber, J., Johannesson, M., Kirchler, M., Nave, G., Nosek, B. A., Pfeiffer, T., Altmejd, A., Buttrick, N., Chan, T., Chen, Y., Forsell, E., Gampa, A., Heikensten, E., Hummer, L., Imai, T., … Wu, H. (2018). Evaluating the replicability of social science experiments in Nature and Science between 2010 and 2015. Nature Human Behaviour, 2(9), 637–644. https://doi.org/10.1038/s41562-018-0399-z Individual report available at https://osf.io/qwked",Science,16.49,8,"Don't leave me alone with my thoughts Nowadays, we enjoy any number of inexpensive and readily accessible stimuli, be they books, videos, or social media. We need never be alone, with no one to talk to and nothing to do. Wilson et al. explored the state of being alone with one's thoughts and found that it appears to be an unpleasant experience. In fact, many of the people studied, particularly the men, chose to give themselves a mild electric shock rather than be deprived of external sensory stimuli. Science , this issue p. 75",success,Yes stated in the Rep. s1 column,10.1126/science.1250830,10.1038/s41562-018-0399-z
Avoiding overhead aversion in charity,Evaluating the replicability of social science experiments in Nature and Science between 2010 and 2015,"Gneezy, U., Keenan, E. A., & Gneezy, A. (2014). Avoiding overhead aversion in charity. Science, 346(6209), 632–635. https://doi.org/10.1126/science.1253932","Camerer, C. F., Dreber, A., Holzmeister, F., Ho, T.-H., Huber, J., Johannesson, M., Kirchler, M., Nave, G., Nosek, B. A., Pfeiffer, T., Altmejd, A., Buttrick, N., Chan, T., Chen, Y., Forsell, E., Gampa, A., Heikensten, E., Hummer, L., Imai, T., … Wu, H. (2018). Evaluating the replicability of social science experiments in Nature and Science between 2010 and 2015. Nature Human Behaviour, 2(9), 637–644. https://doi.org/10.1038/s41562-018-0399-z Individual report available at https://osf.io/7ch92",Science,16.49,1,"How to increase charitable donations Charities could raise more money from more people if they were to announce that a startup grant had been used to defray overhead expenses. Gneezy et al. told 40,000 potential donors that an initial donation (half of the target amount) would be used as seed money, as a source of matching funds, or for covering administrative and fundraising costs. When the money was assigned to cover administration, twice as many people made donations. Science , this issue p. 632",success,"Given the criteria and procedure outlined above, the hypothesis of interest was repli-cated at a significance level of α <5%",10.1126/science.1253932,10.1038/s41562-018-0399-z
Rule Learning by Seven-Month-Old Infants,"Robustness of the rule‐learning effect in 7‐month‐old infants: A close, multicenter replication of Marcus et al. (1999)","Marcus, G. F., Vijayan, S., Bandi Rao, S., & Vishton, P. M. (1999). Rule Learning by Seven-Month-Old Infants. Science, 283(5398), 77–80. https://doi.org/10.1126/science.283.5398.77","Geambașu, A., Spit, S., van Renswoude, D., Blom, E., Fikkert, P. J. P. M., Hunnius, S., Junge, C. C. M. M., Verhagen, J., Visser, I., Wijnen, F., & Levelt, C. C. (2022). Robustness of the rule‐learning effect in 7‐month‐old infants: A close, multicenter replication of Marcus et al. (1999). Developmental Science, 26(1). Portico. https://doi.org/10.1111/desc.13244",Science,16.49,2,"A fundamental task of language acquisition is to extract abstract algebraic rules. Three experiments show that 7-month-old infants attend longer to sentences with unfamiliar structures than to sentences with familiar structures. The design of the artificial language task used in these experiments ensured that this discrimination could not be performed by counting, by a system that is sensitive only to transitional probabilities, or by a popular class of simple neural network models. Instead, these results suggest that infants can represent, extract, and generalize abstract algebraic rules.",failure,Our results did not replicate the original findings: infants showed no difference in looking time between test patterns consistent or inconsistent with the familiarization pattern they were exposed to.,10.1126/science.283.5398.77,10.1111/desc.13244
The Framing of Decisions and the Psychology of Choice,Many Labs 2: Investigating Variation in Replicability Across Samples and Settings,"Tversky, A., & Kahneman, D. (1981). The Framing of Decisions and the Psychology of Choice. Science, 211(4481), 453–458. https://doi.org/10.1126/science.7455683","Klein, R. A., Vianello, M., Hasselman, F., Adams, B. G., Adams, R. B., Alper, S., Aveyard, M., Axt, J. R., Babalola, M. T., Bahník, Š., Batra, R., Berkics, M., Bernstein, M. J., Berry, D. R., Bialobrzeska, O., Binan, E. D., Bocian, K., Brandt, M. J., Busching, R., … Nosek, B. A. (2018). Many Labs 2: Investigating Variation in Replicability Across Samples and Settings. Advances in Methods and Practices in Psychological Science, 1(4), 443–490. https://doi.org/10.1177/2515245918810225",Science,16.49,10,"The psychological principles that govern the perception of decision problems and the evaluation of probabilities and outcomes produce predictable shifts of preference when the same problem is framed in different ways. Reversals of preference are demonstrated in choices regarding monetary outcomes, both hypothetical and real, and in questions pertaining to the loss of human lives. The effects of frames on preferences are compared to the effects of perspectives on perceptual appearance. The dependence of preferences on the formulation of decision problems is a significant concern for the theory of rational choice.",success,"In the aggregate replication sample (N = 7,228), participants were more likely to say that they would go to the other branch when the cheap item was on sale (49%) than when the costly item was on sale (32%; p = 1.01e−50, d = 0.40, 95% CI = [0.35, 0.45]; OR = 2.06, 95% CI = [1.87, 2.27]). These results are consistent with the hypothesis that the base cost of a discounted item influences willingness to travel, though the effect was less than half the size of the original (OR = 2.06, 95% CI = [1.87, 2.27], vs. original OR = 4.96).",10.1126/science.7455683,10.1177/2515245918810225
The Framing of Decisions and the Psychology of Choice,Investigating Variation in Replicability,"Tversky, A., & Kahneman, D. (1981). The Framing of Decisions and the Psychology of Choice. Science, 211(4481), 453–458. https://doi.org/10.1126/science.7455683","Klein, R. A., Ratliff, K. A., Vianello, M., Adams, R. B., Bahník, Š., Bernstein, M. J., Bocian, K., Brandt, M. J., Brooks, B., Brumbaugh, C. C., Cemalcilar, Z., Chandler, J., Cheong, W., Davis, W. E., Devos, T., Eisner, M., Frankowska, N., Furrow, D., Galliani, E. M., … Nosek, B. A. (2014). Investigating Variation in Replicability. Social Psychology, 45(3), 142–152. https://doi.org/10.1027/1864-9335/a000178 Individual report available at https://osf.io/y36m8",Science,16.49,1,"The psychological principles that govern the perception of decision problems and the evaluation of probabilities and outcomes produce predictable shifts of preference when the same problem is framed in different ways. Reversals of preference are demonstrated in choices regarding monetary outcomes, both hypothetical and real, and in questions pertaining to the loss of human lives. The effects of frames on preferences are compared to the effects of perspectives on perceptual appearance. The dependence of preferences on the formulation of decision problems is a significant concern for the theory of rational choice.",success,"To test for replication we conducted a chi-square analysis on program choice with condition (gain-frame or loss-frame) as a between-subjects variable: χ2(1) = 516.41, p < .0001, d = .60",10.1126/science.7455683,10.1027/1864-9335/a000178
Mental fatigue impairs physical performance in humans,Does mental fatigue impair physical performance? A replication study,"Marcora, S. M., Staiano, W., & Manning, V. (2009). Mental fatigue impairs physical performance in humans. Journal of Applied Physiology, 106(3), 857–864. https://doi.org/10.1152/japplphysiol.91324.2008","Holgado, D., Troya, E., Perales, J. C., Vadillo, M. A., & Sanabria, D. (2019). Does mental fatigue impair physical performance? A replication study. https://doi.org/10.31236/osf.io/tzn6d",Journal of Applied Physiology,2.47,NA,"Mental fatigue is a psychobiological state caused by prolonged periods of demanding cognitive activity. Although the impact of mental fatigue on cognitive and skilled performance is well known, its effect on physical performance has not been thoroughly investigated. In this randomized crossover study, 16 subjects cycled to exhaustion at 80% of their peak power output after 90 min of a demanding cognitive task (mental fatigue) or 90 min of watching emotionally neutral documentaries (control). After experimental treatment, a mood questionnaire revealed a state of mental fatigue ( P = 0.005) that significantly reduced time to exhaustion (640 ± 316 s) compared with the control condition (754 ± 339 s) ( P = 0.003). This negative effect was not mediated by cardiorespiratory and musculoenergetic factors as physiological responses to intense exercise remained largely unaffected. Self-reported success and intrinsic motivation related to the physical task were also unaffected by prior cognitive activity. However, mentally fatigued subjects rated perception of effort during exercise to be significantly higher compared with the control condition ( P = 0.007). As ratings of perceived exertion increased similarly over time in both conditions ( P &lt; 0.001), mentally fatigued subjects reached their maximal level of perceived exertion and disengaged from the physical task earlier than in the control condition. In conclusion, our study provides experimental evidence that mental fatigue limits exercise tolerance in humans through higher perception of effort rather than cardiorespiratory and musculoenergetic mechanisms. Future research in this area should investigate the common neurocognitive resources shared by physical and mental activity.",failure,Our data seem to challenge the idea that mental fatigue has a negative influence on exercise performance.,10.1152/japplphysiol.91324.2008,10.31236/osf.io/tzn6d
Cognitive Control Predicts Use of Model-based Reinforcement Learning,Eleven years of student replication projects provide evidence on the correlates of replicability in psychology,"Otto, A. R., Skatova, A., Madlon-Kay, S., & Daw, N. D. (2015). Cognitive Control Predicts Use of Model-based Reinforcement Learning. Journal of Cognitive Neuroscience, 27(2), 319–333. https://doi.org/10.1162/jocn_a_00709","Boyce, V., Mathur, M., & Frank, M. C. (2023). Eleven years of student replication projects provide evidence on the correlates of replicability in psychology. Royal Society Open Science, 10(11). https://doi.org/10.1098/rsos.231240 Individual report available at https://github.com/vboyce/251-254-MA/blob/main/reports/otto2014.pdf",Journal of Cognitive Neuroscience,2.55,1,"Accounts of decision-making and its neural substrates have long posited the operation of separate, competing valuation systems in the control of choice behavior. Recent theoretical and experimental work suggest that this classic distinction between behaviorally and neurally dissociable systems for habitual and goal-directed (or more generally, automatic and controlled) choice may arise from two computational strategies for reinforcement learning (RL), called model-free and model-based RL, but the cognitive or computational processes by which one system may dominate over the other in the control of behavior is a matter of ongoing investigation. To elucidate this question, we leverage the theoretical framework of cognitive control, demonstrating that individual differences in utilization of goal-related contextual information—in the service of overcoming habitual, stimulus-driven responses—in established cognitive control paradigms predict model-based behavior in a separate, sequential choice task. The behavioral correspondence between cognitive control and model-based RL compellingly suggests that a common set of processes may underpin the two behaviors. In particular, computational mechanisms originally proposed to underlie controlled behavior may be applicable to understanding the interactions between model-based and model-free choice behavior.",success,"The reduced sample size limits our statistical power, but all results trend towards a successful replication of the main effects first reported by Otto et al.",10.1162/jocn_a_00709,10.1098/rsos.231240
The Folk Concepts of Intention and Intentional Action: A Cross-Cultural Study,Estimating the Reproducibility of Experimental Philosophy,"Knobe, J., & Burra, A. (2006). The Folk Concepts of Intention and Intentional Action: A Cross-Cultural Study. Journal of Cognition and Culture, 6(1–2), 113–132. https://doi.org/10.1163/156853706776931222","Cova, F., Strickland, B., Abatista, A., Allard, A., Andow, J., Attie, M., Beebe, J., Berniūnas, R., Boudesseul, J., Colombo, M., Cushman, F., Diaz, R., N’Djaye Nikolai van Dongen, N., Dranseika, V., Earp, B. D., Torres, A. G., Hannikainen, I., Hernández-Conde, J. V., Hu, W., … Zhou, X. (2018). Estimating the Reproducibility of Experimental Philosophy. Review of Philosophy and Psychology, 12(1), 9–44. https://doi.org/10.1007/s13164-018-0400-9 Individual report available at https://osf.io/p48sa/files/mr3nb",Journal of Cognition and Culture,0.41,1,"Recent studies point to a surprising divergence between people's use of the concept of intention and their use of the concept of acting intentionally. It seems that people's application of the concept of intention is determined by their beliefs about the agent's psychological states whereas their use of the concept of acting intentionally is determined at least in part by their beliefs about the moral status of the behavior itself (i.e., by their beliefs about whether the behavior is morally good or morally bad). These findings raise a number of difficult questions about the relationship between the concept of intention and the concept of acting intentionally. The present paper addresses those questions using a variety of different methods, including conceptual analysis, psychological experimentation, and an examination of people's use of certain expressions in other languages.",success,We report here our successful replication of this experiment.,10.1163/156853706776931222,10.1007/s13164-018-0400-9
Folk Intuitions on Free Will,Estimating the Reproducibility of Experimental Philosophy,"Nichols, S. (2006). Folk Intuitions on Free Will. Journal of Cognition and Culture, 6(1–2), 57–86. https://doi.org/10.1163/156853706776931385","Cova, F., Strickland, B., Abatista, A., Allard, A., Andow, J., Attie, M., Beebe, J., Berniūnas, R., Boudesseul, J., Colombo, M., Cushman, F., Diaz, R., N’Djaye Nikolai van Dongen, N., Dranseika, V., Earp, B. D., Torres, A. G., Hannikainen, I., Hernández-Conde, J. V., Hu, W., … Zhou, X. (2018). Estimating the Reproducibility of Experimental Philosophy. Review of Philosophy and Psychology, 12(1), 9–44. https://doi.org/10.1007/s13164-018-0400-9 Individual report available at https://osf.io/4a7v6",Journal of Cognition and Culture,0.41,3,"This paper relies on experimental methods to explore the psychological underpinnings of folk intuitions about free will and responsibility. In different conditions, people give conflicting responses about agency and responsibility. In some contexts, people treat agency as indeterminist; in other contexts, they treat agency as determinist. Furthermore, in some contexts people treat responsibility as incompatible with determinism, and in other contexts people treat responsibility as compatible with determinism. The paper considers possible accounts of the psychological mechanisms that underlie these conflicting responses.",success,"We succeeded in replicating the original results ( p < .01), though the effect size was lower than the effect size in the original study (.44 against .75).",10.1163/156853706776931385,10.1007/s13164-018-0400-9
Having Control Over and Above Situations: The Influence of Elevated Viewpoints on Risk Taking,[82] Data Replicada #1: Do Elevated Viewpoints Increase Risk Taking?,"Jami, A. (2019). Having Control Over and Above Situations: The Influence of Elevated Viewpoints on Risk Taking. Journal of Marketing Research, 56(2), 230–244. https://doi.org/10.1177/0022243718813544","Simmons, J. &. Nelson, L.D. (2019). [82] Data Replicada #1: Do Elevated Viewpoints Increase Risk Taking? Data Colada.",Journal of Marketing Research,2.11,1b,"This article examines how consumers’ exposure to the viewpoint of high versus low vertical position changes their risk-taking behavior. The author proposes that consumers’ views of scenery from a high physical elevation induce an illusory sense of control, which in turn intensifies risk taking. Multiple studies show that exposure to the viewpoint of high vertical positions increases risk taking in both laboratory settings (Studies 1a, 1b, and 1c) and real settings (Study 4). In addition, the author demonstrates that an illusory sense of control mediates the effect of an elevated viewpoint on risk taking (Study 2) and that the effect of elevation on risk taking is attenuated when people use a low-level mental construal to process visual information (Study 3).",failure,"In sum, using three times the sample size as the original study, we find no evidence that being exposed to an elevated vertical position increases risk taking, at least when risk is operationalized as the likelihood of purchasing new products.",10.1177/0022243718813544,NA
Advertising a Desired Change: When Process Simulation Fosters (vs. Hinders) Credibility and Persuasion,[94] Data Replicada #9: Are Progression Ads More Credible?,"Cian, L., Longoni, C., & Krishna, A. (2020). Advertising a Desired Change: When Process Simulation Fosters (vs. Hinders) Credibility and Persuasion. Journal of Marketing Research, 57(3), 489–508. https://doi.org/10.1177/0022243720904758","Simmons, J. &. Nelson, L.D. (2020). [94] Data Replicada #9: Are Progression Ads More Credible? Data Colada. https://datacolada.org/94",Journal of Marketing Research,2.11,2,"Ads promising a desired change are ubiquitous in the marketplace. These ads typically include visuals of the starting and ending point of the promised change (“before/after” ads). “Progression” ads, which include intermediate steps in addition to starting and ending points, are much rarer in the marketplace. Across several consumer domains, the authors show an ad-type effect: progression ads foster spontaneous simulation of the process through which the change will happen, which makes these ads more credible and, in turn, more persuasive than before/after ads (Studies 1–3). The authors also show that impairing process simulation and high skepticism moderate the ad-type effect (Studies 4–5). Finally, they show effect reversals: if consumers focus on achieving the desired results quickly, and it is possible to do so, progression ads and the associated process simulation backfire in terms of credibility and persuasion (Studies 6–7). These findings contribute to existing research by identifying conditions under which progression ads have beneficial or disadvantageous effects. These findings have managerial implications because they run counter to current marketing practices, which favor before/after over progression ads.",success,this was an unambiguous success,10.1177/0022243720904758,NA
The Left-Digit Bias: When and Why Are Consumers Penny Wise and Pound Foolish?,[92] Data Replicada #8: Is The Left-Digit Bias Stronger When Prices Are Presented Side-By-Side?,"Sokolova, T., Seenivasan, S., & Thomas, M. (2020). The Left-Digit Bias: When and Why Are Consumers Penny Wise and Pound Foolish? Journal of Marketing Research, 57(4), 771–788. https://doi.org/10.1177/0022243720932532","Simmons, J. &. Nelson, L.D. (2020). [92] Data Replicada #8: Is The Left-Digit Bias Stronger When Prices Are Presented Side-By-Side? Data Colada.",Journal of Marketing Research,2.11,1,"Consumers’ price evaluations are influenced by the left-digit bias, wherein consumers judge the difference between $4.00 and $2.99 to be larger than that between $4.01 and $3.00, even though the numeric differences are identical. This research examines when and why consumers are more likely to fall prey to the left-digit bias. The authors propose that the left-digit bias is stronger in stimulus-based price evaluations, wherein people see the focal price and the reference price side by side, and weaker in memory-based price evaluations, wherein people have to retrieve at least one price from memory. This is because in stimulus-based price evaluations, people tend to rely on perceptual representations of prices without rounding them. In memory-based price evaluations, they rely more on conceptual representations, which makes them more likely to round the prices. Results from six studies—five experiments and a scanner panel study—support the hypothesis that the left-digit bias is stronger in stimulus-based evaluations. These results inform managers about when to use left-digit pricing and characterize fundamental differences between stimulus-based and memory-based evaluations.",success,"We find marginally significant support for the authors’ key interaction in both replications. [...] Although the evidence is much weaker than in the original study, we are inclined to believe that the original effect is real.",10.1177/0022243720932532,NA
The Bias Blind Spot: Perceptions of Bias in Self Versus Others,Agency and self-other asymmetries in perceived bias and shortcomings: Replications of the Bias Blind Spot and link to free will beliefs,"Pronin, E., Lin, D. Y., & Ross, L. (2002). The Bias Blind Spot: Perceptions of Bias in Self Versus Others. Personality and Social Psychology Bulletin, 28(3), 369–381. https://doi.org/10.1177/0146167202286008","Chandrashekar, S. P., Yeung, S. K., Yau, K. C., Cheung, C. Y., Agarwal, T. K., Wong, C. Y. J., Pillai, T., Thirlwell, T. N., Leung, W. N., Tse, C., Li, Y. T., Cheng, B. L., Chan, H. Y. C., & Feldman, G. (2021). Agency and self-other asymmetries in perceived bias and shortcomings: Replications of the Bias Blind Spot and link to free will beliefs. Judgment and Decision Making, 16(6), 1392–1412. https://doi.org/10.1017/s1930297500008470",Personality and Social Psychology Bulletin,2.23,NA,"Three studies suggest that individuals see the existence and operation of cognitive and motivational biases much more in others than in themselves. Study 1 provides evidence from three surveys that people rate themselves as less subject to various biases than the “average American,” classmates in a seminar, and fellow airport travelers. Data from the third survey further suggest that such claims arise from the interplay among availability biases and self-enhancement motives. Participants in one follow-up study who showed the better-than-average bias insisted that their self-assessments were accurate and objective even after reading a description of how they could have been affected by the relevant bias. Participants in a final study reported their peer’s self-serving attributions regarding test performance to be biased but their own similarly self-serving attributions to be free of bias. The relevance of these phenomena to naïve realism and to conflict, misunderstanding, and dispute resolution is discussed.",success,"In three pre-registered experiments (overall N = 969), we replicated two experiments of the first demonstration of the phenomenon by Pronin et al. (2002). We found support of the BBS hypotheses, with effects in line with findings in the original study. || In three pre-registered experiments (overall N = 969), we replicated two experiments of the first demonstration of the phenomenon by Pronin et al. (2002). We found support of the BBS hypotheses, with effects in line with findings in the original study",10.1177/0146167202286008,10.1017/s1930297500008470
When Being a Model Minority Is Good . . . and Bad: Realistic Threat Explains Negativity Toward Asian Americans,Eleven years of student replication projects provide evidence on the correlates of replicability in psychology,"Maddux, W. W., Galinsky, A. D., Cuddy, A. J. C., & Polifroni, M. (2008). When Being a Model Minority Is Good . . . and Bad: Realistic Threat Explains Negativity Toward Asian Americans. Personality and Social Psychology Bulletin, 34(1), 74–89. https://doi.org/10.1177/0146167207309195","Boyce, V., Mathur, M., & Frank, M. C. (2023). Eleven years of student replication projects provide evidence on the correlates of replicability in psychology. Royal Society Open Science, 10(11). https://doi.org/10.1098/rsos.231240 Individual report available at https://github.com/vboyce/251-254-MA/blob/main/reports/maddux2008.html",Personality and Social Psychology Bulletin,2.23,3,"The current research explores the hypothesis that realistic threat is one psychological mechanism that can explain how individuals can hold positive stereotypical beliefs toward Asian Americans yet also express negative attitudes and emotions toward them. Study 1 demonstrates that in a realistic threat context, attitudes and emotions toward an anonymous group described by only positive, “model minority” attributes are significantly more negative than when the group was described using other positive attributes. Study 2 demonstrates that realistic threat significantly mediates the relationship between (a) the endorsement of the both the positive and negative stereotypes of Asian Americans and (b) subsequent negative attitudes and emotions toward them. Studies 3 and 4 conceptually replicate this effect in experimental situations involving interactions with Asian Americans in realistic threat contexts. Implications for understanding the nature of stereotyping and prejudice toward Asian Americans and other minority groups are discussed.",success,"1 [In figure 2, authors quantified subjective success on a more nuanced scale from 0, 0.25, 0.5, 0.75 and 1. I am coding 0 as 'failed', 1 as 'success' and anything inbetween as 'mixed']. subjective replication success rating 1",10.1177/0146167207309195,10.1098/rsos.231240
Truth From Language and Truth From Fit: The Impact of Linguistic Concreteness and Level of Construal on Subjective Truth,The Effect of Concrete Wording on Truth Judgements: A Preregistered Replication and Extension of Hansen &amp; Wänke (),"Hansen, J., & Wänke, M. (2010). Truth From Language and Truth From Fit: The Impact of Linguistic Concreteness and Level of Construal on Subjective Truth. Personality and Social Psychology Bulletin, 36(11), 1576–1588. https://doi.org/10.1177/0146167210386238","Henderson, E. L., Vallée-Tourangeau, F., & Simons, D. J. (2019). The Effect of Concrete Wording on Truth Judgements: A Preregistered Replication and Extension of Hansen &amp; Wänke (). Collabra: Psychology, 5(1). https://doi.org/10.1525/collabra.192",Personality and Social Psychology Bulletin,2.23,1,"In four experiments, the impact of concreteness of language on judgments of truth was examined. In Experiments 1 and 2, it was found that statements of the very same content were judged as more probably true when they were written in concrete language than when they were written in abstract language. Findings of Experiment 2 also showed that this linguistic concreteness effect on judgments of truth could most likely be attributed to greater perceived vividness of concrete compared to abstract statements. Two further experiments demonstrated an additional fit effect: The truth advantage of concrete statements occurred especially when participants were primed with a concrete (vs. abstract) mind-set (Experiment 3) or when the statements were presented in a spatially proximal (vs. distant) location (Experiment 4). Implications for communication strategies are discussed.",failure,"In Experiment 1a, the effect of concreteness on judgements of truth (Cohen’sdz = 0.08; 95% CI: [–0.03, 0.18]) was smaller than that of the original study. [...] Collectively, the pattern of results is inconsistent with that of the original study. || Similarly, in Experiment 1b the effect (Cohen’s dz = 0.11; 95% CI [–0.01, 0.22]) was smaller than that of the original study. Collectively, the pattern of results is inconsistent with that of the original study.",10.1177/0146167210386238,10.1525/collabra.192
The Double-Edged Sword of Genetic Accounts of Criminality,Syntax and output files for Cheung &amp; Heine 2015 study 3 replication,"Cheung, B. Y., & Heine, S. J. (2015). The Double-Edged Sword of Genetic Accounts of Criminality. Personality and Social Psychology Bulletin, 41(12), 1723–1738. https://doi.org/10.1177/0146167215610520","Crawford, J. (2016). <i>Syntax and output files for Cheung &amp; Heine 2015 study 3 replication</i>. https://doi.org/10.17605/OSF.IO/E9D3K",Personality and Social Psychology Bulletin,2.23,3,"Much debate exists surrounding the applicability of genetic information in the courtroom, making the psychological processes underlying how people consider this information important to explore. This article addresses how people think about different kinds of causal explanations in legal decision-making contexts. Three studies involving a total of 600 Mechanical Turk and university participants found that genetic, versus environmental, explanations of criminal behavior lead people to view the applicability of various defense claims differently, perceive the perpetrator’s mental state differently, and draw different causal attributions. Moreover, mediation and path analyses highlight the double-edged nature of genetic attributions—they simultaneously reduce people’s perception of the perpetrator’s sense of control while increasing people’s tendencies to attribute the cause to internal factors and to expect the perpetrator to reoffend. These countervailing relations, in turn, predict sentencing in opposite directions, although no overall differences in sentencing or ultimate verdicts were found.",success,[Coded by authors as succcess in post-completion registration: https://osf.io/e9d3k.] The pattern of findings in the replication study was either identical or quite similar to the pattern of findings from the original study on eleven of the thirteen ANCOVA analyses.,10.1177/0146167215610520,10.17605/osf.io/e9d3k
A Cross-Cultural Investigation of Metamotivational Beliefs About Regulatory Focus Task-Motivation Fit,Beliefs about the Usefulness of Promotion and Prevention Focus: Replications of the American-Independent Conditions of Nguyen et al.’s (2021) Studies 2 and 3,"Nguyen, T., Togawa, T., Scholer, A. A., Miele, D. B., & Fujita, K. (2021). A Cross-Cultural Investigation of Metamotivational Beliefs About Regulatory Focus Task-Motivation Fit. Personality and Social Psychology Bulletin, 48(5), 807–820. https://doi.org/10.1177/01461672211025423","Vaughn, L. A., Chun, D., & Ruddy, G. (2023). Beliefs about the Usefulness of Promotion and Prevention Focus: Replications of the American-Independent Conditions of Nguyen et al.’s (2021) Studies 2 and 3. https://doi.org/10.31234/osf.io/fmdqe",Personality and Social Psychology Bulletin,2.23,2,"Recent metamotivation research revealed that Westerners recognize that promotion versus prevention motivations benefit performance on eager versus vigilant tasks, respectively; that is, they know how to create task-motivation fit with respect to regulatory focus. Westerners also believe that, across tasks, promotion is more beneficial than prevention (i.e., a promotion bias). Adopting a cross-cultural approach, we examined whether beliefs about task-motivation fit generalize across cultures, whether Easterners exhibit a contrasting prevention bias, and the role of independence/interdependence in these beliefs. Results revealed cross-cultural similarities in metamotivational beliefs. Moreover, Easterners and Westerners alike often exhibited a promotion bias, suggesting that this effect may not be shaped by culture. One potential cultural difference did emerge: Easterners appeared to recognize how to create task-motivation fit for both independent and interdependent outcomes, whereas Westerners only recognized how to do so for independent outcomes. We discuss the role of culture in shaping metamotivation.",success,Effect sizes and directions of effects tended to be large and were in the same directions and had similar magnitudes in as the original experiments. || Effect sizes and directions of effects tended to be large and were in the same directions and had similar magnitudes in as the original experiments.,10.1177/01461672211025423,10.31234/osf.io/fmdqe
Measures of Anchoring in Estimation Tasks,Investigating Variation in Replicability,"Jacowitz, K. E., & Kahneman, D. (1995). Measures of Anchoring in Estimation Tasks. Personality and Social Psychology Bulletin, 21(11), 1161–1166. https://doi.org/10.1177/01461672952111004","Klein, R. A., Ratliff, K. A., Vianello, M., Adams, R. B., Bahník, Š., Bernstein, M. J., Bocian, K., Brandt, M. J., Brooks, B., Brumbaugh, C. C., Cemalcilar, Z., Chandler, J., Cheong, W., Davis, W. E., Devos, T., Eisner, M., Frankowska, N., Furrow, D., Galliani, E. M., … Nosek, B. A. (2014). Investigating Variation in Replicability. Social Psychology, 45(3), 142–152. https://doi.org/10.1027/1864-9335/a000178 Individual report available at https://osf.io/y36m8",Personality and Social Psychology Bulletin,2.23,1,"The authors describe a method for the quantitative study of anchoring effects in estimation tasks. A calibration group provides estimates of a set of uncertain quantities. Subjects in the anchored condition first judge whether a specified number (the anchor) is higher or lower than the true value before estimating each quantity. The anchors are set at predetermined percentiles of the distribution of estimates in the calibration group (15th and 85th percentiles in this study). This procedure permits the transformation of anchored estimates into percentiles in the calibration group, allows pooling of results across problems, and provides a natural measure of the size of the effect. The authors illustrate the method by a demonstration that the initial judgment of the anchor is susceptible to an anchoring-like bias and by an analysis of the relation between anchoring and subjective confidence.",success,"In the aggregate, 10 effects replicated consistently. One effect – imagined contact reducing prejudice – showed weak support for replicability. And two effects – flag priming influencing conservatism and currency priming influencing system justification – did not replicate.",10.1177/01461672952111004,10.1027/1864-9335/a000178
Name Your Favorite Musician,"Effects of the Generic Masculine and its Alternatives in Germanophone countries - A Multi-lab Replication and Extension of Stahlberg, Sczesny, and Braun, 2001","Stahlberg, D., Sczesny, S., & Braun, F. (2001). Name Your Favorite Musician. Journal of Language and Social Psychology, 20(4), 464–469. https://doi.org/10.1177/0261927x01020004004","Brohmer, H., Hofer, G., Bauch, S. A., Beitner, J., Berkessel, J., Corcoran, K., Garcia, D., Gruber, F. M., Giuliani, F., Jauk, E., Krammer, G., Malkoc, S., Metzler, H., Mües, H. M., Otto, K., Rahal, R.-M., Salwender, M., Stahlberg, D., Sczesny, S., … Athenstaedt, U. (2024). Effects of the Generic Masculine and its Alternatives in Germanophone countries - A Multi-lab Replication and Extension of Stahlberg, Sczesny, and Braun, 2001. https://doi.org/10.31219/osf.io/q56rk",Journal of Language and Social Psychology,1.26,2,This article reports on two experiments waith native speakers of German that were conducted to determine the influence of different types of German generics on the cognitive inclusion of women. The results of these studies show that masculine versus other types of generics influence the retrieval of male and female exemplars from memory. This is the first piece of empirical evidence for this kind of effect with regard to the German language.,success,"Our data from twelve labs and N = 2,697 participants replicated the original effect: when prompted with gender-inclusive forms participants mentioned more women than when the generic masculine and the control form were used.",10.1177/0261927x01020004004,10.31219/osf.io/q56rk
Name Your Favorite Musician,Ladies First or Ladies Last: Do Masculine Generics Evoke a Reduced and Later Retrieval of Female Exemplars?,"Stahlberg, D., Sczesny, S., & Braun, F. (2001). Name Your Favorite Musician. Journal of Language and Social Psychology, 20(4), 464–469. https://doi.org/10.1177/0261927x01020004004","Keith, N., Hartwig, K., & Richter, T. (2022). Ladies First or Ladies Last: Do Masculine Generics Evoke a Reduced and Later Retrieval of Female Exemplars? Collabra: Psychology, 8(1). https://doi.org/10.1525/collabra.32964",Journal of Language and Social Psychology,1.26,2,This article reports on two experiments waith native speakers of German that were conducted to determine the influence of different types of German generics on the cognitive inclusion of women. The results of these studies show that masculine versus other types of generics influence the retrieval of male and female exemplars from memory. This is the first piece of empirical evidence for this kind of effect with regard to the German language.,success,"Despite 20 years of societal changes, results were remarkably similar, underscoring the high degree of automaticity involved in language comprehension (large effects of 0.71 to 1.12 of a standard deviation).",10.1177/0261927x01020004004,10.1525/collabra.32964
Sweet Future,Sweet delusion. Glucose drinks fail to counteract ego depletion,"Wang, X. T., & Dvorak, R. D. (2010). Sweet Future. Psychological Science, 21(2), 183–188. https://doi.org/10.1177/0956797609358096","Lange, F., & Eggert, F. (2014). Sweet delusion. Glucose drinks fail to counteract ego depletion. Appetite, 75, 54–63. https://doi.org/10.1016/j.appet.2013.12.020",Psychological Science,4.49,NA,"This study explored metabolic mechanisms of future (delay) discounting, a choice phenomenon where people value present goods over future goods. Using fluctuating blood glucose as an index of body-energy budget, optimal discounting should regulate choice among rewards as a function of temporal caloric requirement. We identified this novel link between blood glucose levels measured in the lab and future-discounting rates of participants, who made choices between a “smaller and sooner” reward and a “larger but later” option, with possible actual monetary rewards. A group of participants who drank a soft drink that contained sugar showed a reduced rate of future discounting afterward, when we controlled for sex, age, body mass index, and the taste of the drink. In contrast, a group of participants who drank a soft drink that contained artificial sweetener showed an increased rate of future discounting. Blood glucose levels not only varied as a result of caloric intake but also regulated the rate of future discounting, according to participants’ dynamic body-energy budget.",failure,"Despite applying powerful research designs, no effect of sugar sensing or ingestion on ego depletion could be detected.",10.1177/0956797609358096,10.1016/j.appet.2013.12.020
Keep Your Fingers Crossed!,Replication of the Superstition and Performance Study by,"Damisch, L., Stoberock, B., & Mussweiler, T. (2010). Keep Your Fingers Crossed! Psychological Science, 21(7), 1014–1020. https://doi.org/10.1177/0956797610372631","Calin-Jageman, R. J., & Caldwell, T. L. (2014). Replication of the Superstition and Performance Study by. Social Psychology, 45(3), 239–245. https://doi.org/10.1027/1864-9335/a000190",Psychological Science,4.49,1,"Superstitions are typically seen as inconsequential creations of irrational minds. Nevertheless, many people rely on superstitious thoughts and practices in their daily routines in order to gain good luck. To date, little is known about the consequences and potential benefits of such superstitions. The present research closes this gap by demonstrating performance benefits of superstitions and identifying their underlying psychological mechanisms. Specifically, Experiments 1 through 4 show that activating good-luck-related superstitions via a common saying or action (e.g., “break a leg,” keeping one’s fingers crossed) or a lucky charm improves subsequent performance in golfing, motor dexterity, memory, and anagram games. Furthermore, Experiments 3 and 4 demonstrate that these performance benefits are produced by changes in perceived self-efficacy. Activating a superstition boosts participants’ confidence in mastering upcoming tasks, which in turn improves performance. Finally, Experiment 4 shows that increased task persistence constitutes one means by which self-efficacy, enhanced by superstition, improves performance.",failure,"We conducted two high-powered and precise replications [...] We found that the effect of superstition on performance is elusive: Participants told they had a lucky ball performed almost identically to controls. Our failure to replicate the target study was not due to lack of impact, lack of statistical power, differences in task difficulty, nor differences in participant belief in luck.",10.1177/0956797610372631,10.1027/1864-9335/a000190
Learning About What Others Were Doing,Registered Replication Report,"Hart, W., & Albarracín, D. (2010). Learning About What Others Were Doing. Psychological Science, 22(2), 261–266. https://doi.org/10.1177/0956797610395393","Eerland, A., Sherrill, A. M., Magliano, J. P., Zwaan, R. A., Arnal, J. D., Aucoin, P., Berger, S. A., Birt, A. R., Capezza, N., Carlucci, M., Crocker, C., Ferretti, T. R., Kibbe, M. R., Knepp, M. M., Kurby, C. A., Melcher, J. M., Michael, S. W., Poirier, C., & Prenoveau, J. M. (2016). Registered Replication Report. Perspectives on Psychological Science, 11(1), 158–171. https://doi.org/10.1177/1745691615605826",Psychological Science,4.49,3,"Scientists have long been interested in understanding how language shapes the way people relate to others, yet it remains unclear how formal aspects of language influence person perception. We tested whether the attribution of intentionality to a person is influenced by whether the person’s behaviors are described as what the person was doing or as what the person did (imperfective vs. perfective aspect). In three experiments, participants who read what a person was doing showed enhanced accessibility of intention-related concepts and attributed more intentionality to the person, compared with participants who read what the person did. This effect of the imperfective aspect was mediated by a more detailed set of imagined actions from which to infer the person’s intentions and was found for both mundane and criminal behaviors. Understanding the possible intentions of others is fundamental to social interaction, and our findings show that verb aspect can profoundly influence this process.",failure,This RRR did not find that grammatical aspect affects intentionality ( d between 0 and −0.24) or imagery ( d = −0.08).,10.1177/0956797610395393,10.1177/1745691615605826
A Bad Taste in the Mouth,"Reexamining the Effect of Gustatory Disgust on Moral Judgment: A Multilab Direct Replication of Eskine, Kacinik, and Prinz (2011)","Eskine, K. J., Kacinik, N. A., & Prinz, J. J. (2011). A Bad Taste in the Mouth. Psychological Science, 22(3), 295–299. https://doi.org/10.1177/0956797611398497","Ghelfi, E., Christopherson, C. D., Urry, H. L., Lenne, R. L., Legate, N., Ann Fischer, M., Wagemans, F. M. A., Wiggins, B., Barrett, T., Bornstein, M., de Haan, B., Guberman, J., Issa, N., Kim, J., Na, E., O’Brien, J., Paulk, A., Peck, T., Sashihara, M., … Sullivan, D. (2020). Reexamining the Effect of Gustatory Disgust on Moral Judgment: A Multilab Direct Replication of Eskine, Kacinik, and Prinz (2011). Advances in Methods and Practices in Psychological Science, 3(1), 3–23. https://doi.org/10.1177/2515245919881152",Psychological Science,4.49,NA,"Can sweet-tasting substances trigger kind, favorable judgments about other people? What about substances that are disgusting and bitter? Various studies have linked physical disgust to moral disgust, but despite the rich and sometimes striking findings these studies have yielded, no research has explored morality in conjunction with taste, which can vary greatly and may differentially affect cognition. The research reported here tested the effects of taste perception on moral judgments. After consuming a sweet beverage, a bitter beverage, or water, participants rated a variety of moral transgressions. Results showed that taste perception significantly affected moral judgments, such that physical disgust (induced via a bitter taste) elicited feelings of moral disgust. Further, this effect was more pronounced in participants with politically conservative views than in participants with politically liberal views. Taken together, these differential findings suggest that embodied gustatory experiences may affect moral processing more than previously thought.",failure,"Some were in the opposite of the predicted direction; all had 95% confidence intervals containing zero, and all were smaller than the effect size the original authors could have meaningfully detected. [...] Bayes factor tests revealed greater relative support for the null than for the replication hypothesis. The overall pattern provides little to no support for the theory that physical disgust via taste perception harshens judgments of moral wrongness.",10.1177/0956797611398497,10.1177/2515245919881152
Dirty Liberals!,"Are liberals really dirty? Two failures to replicate Helzer and Pizarro’s (2011) study 1, with meta-analysis.","Helzer, E. G., & Pizarro, D. A. (2011). Dirty Liberals! Psychological Science, 22(4), 517–522. https://doi.org/10.1177/0956797611402514","Burnham, B. R. (2020). Are liberals really dirty? Two failures to replicate Helzer and Pizarro’s (2011) study 1, with meta-analysis. Journal of Personality and Social Psychology, 119(6), e38–e42. https://doi.org/10.1037/pspa0000238",Psychological Science,4.49,NA,"Many moral codes place a special emphasis on bodily purity, and manipulations that directly target bodily purity have been shown to influence a variety of moral judgments. Across two studies, we demonstrated that reminders of physical purity influence specific moral judgments regarding behaviors in the sexual domain as well as broad political attitudes. In Study 1, individuals in a public setting who were given a reminder of physical cleansing reported being more politically conservative than did individuals who were not given such a reminder. In Study 2, individuals reminded of physical cleansing in the laboratory demonstrated harsher moral judgments toward violations of sexual purity and were more likely to report being politically conservative than control participants. Together, these experiments provide further evidence of a deep link between physical purity and moral judgment, and they offer preliminary evidence that manipulations of physical purity can influence general (and putatively stable) political attitudes.",failure,The present study reports 2 failed attempts to replicate the results of Study 1 in Helzer and Pizarro (2011).,10.1177/0956797611402514,10.1037/pspa0000238
Culturally Divergent Responses to Mortality Salience,Tolerating dissimilar other when primed with death: neural evidence of self-control engaged by interdependent people in Japan,"Ma-Kellams, C., & Blascovich, J. (2011). Culturally Divergent Responses to Mortality Salience. Psychological Science, 22(8), 1019–1024. https://doi.org/10.1177/0956797611413935","Yanagisawa, K., Kashima, E. S., Moriya, H., Masui, K., Furutani, K., Yoshida, H., Ura, M., & Nomura, M. (2017). Tolerating dissimilar other when primed with death: neural evidence of self-control engaged by interdependent people in Japan. Social Cognitive and Affective Neuroscience, 12(6), 910–917. https://doi.org/10.1093/scan/nsx012",Psychological Science,4.49,1,"Two experiments compared the effects of death thoughts, or mortality salience, on European and Asian Americans. Research on terror management theory has demonstrated that in Western cultural groups, individuals typically employ self-protective strategies in the face of death-related thoughts. Given fundamental East-West differences in self-construal (i.e., the independent vs. interdependent self), we predicted that members of Eastern cultural groups would affirm other people, rather than defend and affirm the self, after encountering conditions of mortality salience. We primed European Americans and Asian Americans with either a death or a control prime and examined the effect of this manipulation on attitudes about a person who violates cultural norms (Study 1) and on attributions about the plight of an innocent victim (Study 2). Mortality salience promoted culturally divergent responses, leading European Americans to defend the self and Asian Americans to defend other people.",success,"In the present study, we demonstrated that Japanese individuals who are high on interdependent SC in- deed show greater tolerance toward worldview-threatening other in the MS (vs control) condition, thus replicating the prior research.",10.1177/0956797611413935,10.1093/scan/nsx012
A Single Exposure to the American Flag Shifts Support Toward Republicanism up to 8 Months Later,Investigating Variation in Replicability,"Carter, T. J., Ferguson, M. J., & Hassin, R. R. (2011). A Single Exposure to the American Flag Shifts Support Toward Republicanism up to 8 Months Later. Psychological Science, 22(8), 1011–1018. https://doi.org/10.1177/0956797611414726","Klein, R. A., Ratliff, K. A., Vianello, M., Adams, R. B., Bahník, Š., Bernstein, M. J., Bocian, K., Brandt, M. J., Brooks, B., Brumbaugh, C. C., Cemalcilar, Z., Chandler, J., Cheong, W., Davis, W. E., Devos, T., Eisner, M., Frankowska, N., Furrow, D., Galliani, E. M., … Nosek, B. A. (2014). Investigating Variation in Replicability. Social Psychology, 45(3), 142–152. https://doi.org/10.1027/1864-9335/a000178 Individual report available at https://osf.io/y36m8",Psychological Science,4.49,2,"There is scant evidence that incidental cues in the environment significantly alter people’s political judgments and behavior in a durable way. We report that a brief exposure to the American flag led to a shift toward Republican beliefs, attitudes, and voting behavior among both Republican and Democratic participants, despite their overwhelming belief that exposure to the flag would not influence their behavior. In Experiment 1, which was conducted online during the 2008 U.S. presidential election, a single exposure to an American flag resulted in a significant increase in participants’ Republican voting intentions, voting behavior, political beliefs, and implicit and explicit attitudes, with some effects lasting 8 months after the exposure to the prime. In Experiment 2, we replicated the findings more than a year into the current Democratic presidential term. These results constitute the first evidence that nonconscious priming effects from exposure to a national flag can bias the citizenry toward one political party and can have considerable durability.",failure,And two effects – flag priming influencing conservatism and currency priming influencing system justification – did not replicate.,10.1177/0956797611414726,10.1027/1864-9335/a000178
The Local-Ladder Effect,Many Labs 2: Investigating Variation in Replicability Across Samples and Settings,"Anderson, C., Kraus, M. W., Galinsky, A. D., & Keltner, D. (2012). The Local-Ladder Effect. Psychological Science, 23(7), 764–771. https://doi.org/10.1177/0956797611434537","Klein, R. A., Vianello, M., Hasselman, F., Adams, B. G., Adams, R. B., Alper, S., Aveyard, M., Axt, J. R., Babalola, M. T., Bahník, Š., Batra, R., Berkics, M., Bernstein, M. J., Berry, D. R., Bialobrzeska, O., Binan, E. D., Bocian, K., Brandt, M. J., Busching, R., … Nosek, B. A. (2018). Many Labs 2: Investigating Variation in Replicability Across Samples and Settings. Advances in Methods and Practices in Psychological Science, 1(4), 443–490. https://doi.org/10.1177/2515245918810225",Psychological Science,4.49,3,"Dozens of studies in different nations have revealed that socioeconomic status only weakly predicts an individual’s subjective well-being (SWB). These results imply that although the pursuit of social status is a fundamental human motivation, achieving high status has little impact on one’s SWB. However, we propose that sociometric status—the respect and admiration one has in face-to-face groups (e.g., among friends or coworkers)—has a stronger effect on SWB than does socioeconomic status. Using correlational, experimental, and longitudinal methodologies, four studies found consistent evidence for a local-ladder effect: Sociometric status significantly predicted satisfaction with life and the experience of positive and negative emotions. Longitudinally, as sociometric status rose or fell, SWB rose or fell accordingly. Furthermore, these effects were driven by feelings of power and social acceptance. Overall, individuals’ sociometric status matters more to their SWB than does their socioeconomic status.",failure,"This result did not support the hypothesis that subjective well-being is higher for participants exposed to descriptions of higher SMS. The effect was small in magnitude, much smaller than the original effect, and in the opposite direction (d = −0.04, 95% CI = [−0.09, 0.004], vs. original d = 0.57).",10.1177/0956797611434537,10.1177/2515245918810225
The Moral Roots of Environmental Attitudes,Eleven years of student replication projects provide evidence on the correlates of replicability in psychology,"Feinberg, M., & Willer, R. (2012). The Moral Roots of Environmental Attitudes. Psychological Science, 24(1), 56–62. https://doi.org/10.1177/0956797612449177","Boyce, V., Mathur, M., & Frank, M. C. (2023). Eleven years of student replication projects provide evidence on the correlates of replicability in psychology. Royal Society Open Science, 10(11). https://doi.org/10.1098/rsos.231240 Individual report available at https://github.com/vboyce/251-254-MA/blob/main/reports/feinberg2013.pdf",Psychological Science,4.49,3,"Americans’ attitudes about the environment are highly polarized, but it is unclear why this is the case. We conducted five studies to examine this issue. Studies 1a and 1b demonstrated that liberals, but not conservatives, view the environment in moral terms and that this tendency partially explains the relation between political ideology and environmental attitudes. Content analyses of newspaper op-eds (Study 2a) and public-service announcements (Study 2b) found that contemporary environmental discourse is based largely on moral concerns related to harm and care, which are more deeply held by liberals than by conservatives. However, we found that reframing proenvironmental rhetoric in terms of purity, a moral value resonating primarily among conservatives, largely eliminated the difference between liberals’ and conservatives’ environmental attitudes (Study 3). These results establish the importance of moralization as a cause of polarization on environmental attitudes and suggest that reframing environmental discourse in different moral terms can reduce the gap between liberals and conservatives in environmental concern.",failure,The replication failed to find a difference between reported levels of participants disgust in the harm and purity conditions,10.1177/0956797612449177,10.1098/rsos.231240
Aging 5 Years in 5 Minutes,Eleven years of student replication projects provide evidence on the correlates of replicability in psychology,"Hughes, M. L., Geraci, L., & De Forrest, R. L. (2013). Aging 5 Years in 5 Minutes. Psychological Science, 24(12), 2481–2488. https://doi.org/10.1177/0956797613494853","Boyce, V., Mathur, M., & Frank, M. C. (2023). Eleven years of student replication projects provide evidence on the correlates of replicability in psychology. Royal Society Open Science, 10(11). https://doi.org/10.1098/rsos.231240 Individual report available at https://github.com/vboyce/251-254-MA/blob/main/reports/hughes2013.html",Psychological Science,4.49,3,"How old one feels—one’s subjective age—has been shown to predict important psychological and health outcomes. The current studies examined the effect of taking a standard memory test on older adults’ subjective age. Study 1 showed that older adults felt older after taking a standard neuropsychological screening test and participating in a free-recall experiment than they felt at baseline. Study 2 showed that the effect was selective to older adults: Younger adults’ subjective age was not affected by participating in the memory experiment. Study 3 showed that the subjective-aging effect was specific to memory, as taking a vocabulary test for a similar amount of time did not affect older adults’ subjective age. Finally, Study 4 showed that simply expecting to take a memory test subjectively aged older adults. The results indicate that being in a memory-testing context affects older adults’ self-perception by making them feel older.",success,"1 [In figure 2, authors quantified subjective success on a more nuanced scale from 0, 0.25, 0.5, 0.75 and 1. I am coding 0 as 'failed', 1 as 'success' and anything inbetween as 'mixed']. subjective replication success rating 1",10.1177/0956797613494853,10.1098/rsos.231240
The Sound of Power,Eleven years of student replication projects provide evidence on the correlates of replicability in psychology,"Ko, S. J., Sadler, M. S., & Galinsky, A. D. (2014). The Sound of Power. Psychological Science, 26(1), 3–14. https://doi.org/10.1177/0956797614553009","Boyce, V., Mathur, M., & Frank, M. C. (2023). Eleven years of student replication projects provide evidence on the correlates of replicability in psychology. Royal Society Open Science, 10(11). https://doi.org/10.1098/rsos.231240",Psychological Science,4.49,2,"The current research examined the relationship between hierarchy and vocal acoustic cues. Using Brunswik’s lens model as a framework, we explored how hierarchical rank influences the acoustic properties of a speaker’s voice and how these hierarchy-based acoustic cues affect perceivers’ inferences of a speaker’s rank. By using objective measurements of speakers’ acoustic cues and controlling for baseline cue levels, we were able to precisely capture the relationship between acoustic cues and hierarchical rank, as well as the covariation among the cues. In Experiment 1, analyses controlling for speakers’ baseline cue levels found that the voices of individuals in the high-rank condition were higher in pitch and loudness variability but lower in pitch variability, compared with the voices of individuals in the low-rank condition. In Experiment 2, perceivers used higher pitch, greater loudness, and greater loudness variability to make accurate inferences of speakers’ hierarchical rank. These experiments demonstrate that acoustic cues are systematically used to reflect and detect hierarchy.",success,"1 [In figure 2, authors quantified subjective success on a more nuanced scale from 0, 0.25, 0.5, 0.75 and 1. I am coding 0 as 'failed', 1 as 'success' and anything inbetween as 'mixed']. subjective replication success rating 1",10.1177/0956797614553009,10.1098/rsos.231240
Anticipating Divine Protection? Reminders of God Can Increase Nonmoral Risk Taking,"Do Religious Primes Increase Risk Taking? Evidence Against “Anticipating Divine Protection” in Two Preregistered Direct Replications of Kupor, Laurin, and Levav (2015)","Kupor, D. M., Laurin, K., & Levav, J. (2015). Anticipating Divine Protection? Reminders of God Can Increase Nonmoral Risk Taking. Psychological Science, 26(4), 374–384. https://doi.org/10.1177/0956797614563108","Gervais, W. M., McKee, S. E., & Malik, S. (2020). Do Religious Primes Increase Risk Taking? Evidence Against “Anticipating Divine Protection” in Two Preregistered Direct Replications of Kupor, Laurin, and Levav (2015). Psychological Science, 31(7), 858–864. https://doi.org/10.1177/0956797620922477",Psychological Science,4.49,1a,"Religiosity and participation in religious activities have been linked with decreased risky behavior. In the current research, we hypothesized that exposure to the concept of God can actually increase people’s willingness to engage in certain types of risks. Across seven studies, reminders of God increased risk taking in nonmoral domains. This effect was mediated by the perceived danger of a risky option and emerged more strongly among individuals who perceive God as a reliable source of safety and protection than among those who do not. Moreover, in an eighth study, when participants were first reminded of God and then took a risk that produced negative consequences (i.e., when divine protection failed to materialize), participants reported feeling more negatively toward God than did participants in the same situation who were not first reminded of God. This research contributes to an understanding of the divergent effects that distinct components of religion can exert on behavior.",failure,the totality of evidence speaks against the possibility that religious primes increased nonmoral risk taking in these designs,10.1177/0956797614563108,10.1177/0956797620922477
Scarcity Frames Value,Empirical audit and review and an assessment of evidentiary value in research on the psychological consequences of scarcity,"Shah, A. K., Shafir, E., & Mullainathan, S. (2015). Scarcity Frames Value. Psychological Science, 26(4), 402–412. https://doi.org/10.1177/0956797614563958","O’Donnell, M., Dev, A. S., Antonoplis, S., Baum, S. M., Benedetti, A. H., Brown, N. D., Carrillo, B., Choi, A. L., Connor, P., Donnelly, K., Ellwood-Lowe, M. E., Foushee, R., Jansen, R., Jarvis, S. N., Lundell-Creagh, R., Ocampo, J. M., Okafor, G. N., Azad, Z. R., Rosenblum, M., … Nelson, L. D. (2021). Empirical audit and review and an assessment of evidentiary value in research on the psychological consequences of scarcity. Proceedings of the National Academy of Sciences, 118(44). https://doi.org/10.1073/pnas.2103313118 Individual report available at https://osf.io/a2e96/",Psychological Science,4.49,6,"Economic models of decision making assume that people have a stable way of thinking about value. In contrast, psychology has shown that people’s preferences are often malleable and influenced by normatively irrelevant contextual features. Whereas economics derives its predictions from the assumption that people navigate a world of scarce resources, recent psychological work has shown that people often do not attend to scarcity. In this article, we show that when scarcity does influence cognition, it renders people less susceptible to classic context effects. Under conditions of scarcity, people focus on pressing needs and recognize the trade-offs that must be made against those needs. Those trade-offs frame perception more consistently than irrelevant contextual cues, which exert less influence. The results suggest that scarcity can align certain behaviors more closely with traditional economic predictions.",failure,"A 2 (scarcity condition) × 2 (account condition) analysis of variance revealed no significant interaction, F(1, 203) = 1.69, p = .19.",10.1177/0956797614563958,10.1073/pnas.2103313118
You Call It “Self-Exuberance”; I Call It “Bragging”,Eleven years of student replication projects provide evidence on the correlates of replicability in psychology,"Scopelliti, I., Loewenstein, G., & Vosgerau, J. (2015). You Call It “Self-Exuberance”; I Call It “Bragging.” Psychological Science, 26(6), 903–914. https://doi.org/10.1177/0956797615573516","Boyce, V., Mathur, M., & Frank, M. C. (2023). Eleven years of student replication projects provide evidence on the correlates of replicability in psychology. Royal Society Open Science, 10(11). https://doi.org/10.1098/rsos.231240 Individual report available at https://rpubs.com/jackie_schwartz/341565",Psychological Science,4.49,2,"People engage in self-promotional behavior because they want others to hold favorable images of them. Self-promotion, however, entails a trade-off between conveying one’s positive attributes and being seen as bragging. We propose that people get this trade-off wrong because they erroneously project their own feelings onto their interaction partners. As a consequence, people overestimate the extent to which recipients of their self-promotion will feel proud of and happy for them, and underestimate the extent to which recipients will feel annoyed (Experiments 1 and 2). Because people tend to promote themselves excessively when trying to make a favorable impression on others, such efforts often backfire, causing targets of self-promotion to view self-promoters as less likeable and as braggarts (Experiment 3).",success,"The primary result I aimed to replicate was the condition x emotion interaction, F(6,912)=10.90, p<.001, 𝜂2𝑝 = 0.07. The condition x emotion interaction based on my confirmatory analysis is in fact significant, F(6,288) = 3.63, p = 0.002, 𝜂2𝑝 = 0.07, such that self-promoters and recipients differed in their ratings of emotion. Based on my analysis plan, I consider the replication successful.",10.1177/0956797615573516,10.1098/rsos.231240
When Knowledge Knows No Bounds,Eleven years of student replication projects provide evidence on the correlates of replicability in psychology,"Atir, S., Rosenzweig, E., & Dunning, D. (2015). When Knowledge Knows No Bounds. Psychological Science, 26(8), 1295–1303. https://doi.org/10.1177/0956797615588195","Boyce, V., Mathur, M., & Frank, M. C. (2023). Eleven years of student replication projects provide evidence on the correlates of replicability in psychology. Royal Society Open Science, 10(11). https://doi.org/10.1098/rsos.231240 Individual report available at https://osf.io/d5e7b",Psychological Science,4.49,NA,"People overestimate their knowledge, at times claiming knowledge of concepts, events, and people that do not exist and cannot be known, a phenomenon called overclaiming. What underlies assertions of such impossible knowledge? We found that people overclaim to the extent that they perceive their personal expertise favorably. Studies 1a and 1b showed that self-perceived financial knowledge positively predicts claiming knowledge of nonexistent financial concepts, independent of actual knowledge. Study 2 demonstrated that self-perceived knowledge within specific domains (e.g., biology) is associated specifically with overclaiming within those domains. In Study 3, warning participants that some of the concepts they saw were fictitious did not reduce the relationship between self-perceived knowledge and overclaiming, which suggests that this relationship is not driven by impression management. In Study 4, boosting self-perceived expertise in geography prompted assertions of familiarity with nonexistent places, which supports a causal role for self-perceived expertise in claiming impossible knowledge.",success,"1 [In figure 2, authors quantified subjective success on a more nuanced scale from 0, 0.25, 0.5, 0.75 and 1. I am coding 0 as 'failed', 1 as 'success' and anything inbetween as 'mixed']. subjective replication success rating 1",10.1177/0956797615588195,10.1098/rsos.231240
Opportunity Cost Neglect Attenuates the Effect of Choices on Preferences,Eleven years of student replication projects provide evidence on the correlates of replicability in psychology,"Greenberg, A. E., & Spiller, S. A. (2015). Opportunity Cost Neglect Attenuates the Effect of Choices on Preferences. Psychological Science, 27(1), 103–113. https://doi.org/10.1177/0956797615608267","Boyce, V., Mathur, M., & Frank, M. C. (2023). Eleven years of student replication projects provide evidence on the correlates of replicability in psychology. Royal Society Open Science, 10(11). https://doi.org/10.1098/rsos.231240",Psychological Science,4.49,1,"The idea that choices alter preferences has been widely studied in psychology, yet prior research has focused primarily on choices for which all alternatives were salient at the time of choice. Opportunity costs capture the value of the best forgone alternative and should be considered as part of any decision process, yet people often neglect them. How does the salience of opportunity costs at the time of choice influence subsequent evaluations of chosen and forgone options? In three experiments, we found that there was a larger postchoice spread between evaluations of focal options and opportunity costs when opportunity costs were explicit at the time of choice than when they remained implicit.",success,"1 [In figure 2, authors quantified subjective success on a more nuanced scale from 0, 0.25, 0.5, 0.75 and 1. I am coding 0 as 'failed', 1 as 'success' and anything inbetween as 'mixed']. subjective replication success rating 1",10.1177/0956797615608267,10.1098/rsos.231240
Inferring Identity From Language,Eleven years of student replication projects provide evidence on the correlates of replicability in psychology,"Porter, S. C., Rheinschmidt-Same, M., & Richeson, J. A. (2015). Inferring Identity From Language. Psychological Science, 27(1), 94–102. https://doi.org/10.1177/0956797615612202","Boyce, V., Mathur, M., & Frank, M. C. (2023). Eleven years of student replication projects provide evidence on the correlates of replicability in psychology. Royal Society Open Science, 10(11). https://doi.org/10.1098/rsos.231240 Individual report available at https://github.com/psych251/porter2016/blob/master/writeup/Replication%20of%20Study%201%20by%20Porter%20et%20al.Rmd",Psychological Science,4.49,1a,"The present research examined whether a communicator’s verbal, implicit message regarding a target is used as a cue for inferring that communicator’s social identity. Previous research has found linguistic intergroup bias (LIB) in individuals’ speech: They use abstract language to describe in-group targets’ desirable behaviors and concrete language to describe their undesirable behaviors (favorable LIB), but use concrete language for out-group targets’ desirable behaviors and abstract language for their undesirable behaviors (unfavorable LIB). Consequently, one can infer the type of language a communicator is likely to use to describe in-group and out-group targets. We hypothesized and found evidence for the reverse inference. Across four studies, individuals inferred a communicator’s social identity on the basis of the communicator’s use of an LIB. Specifically, participants more strongly believed that a communicator and target shared a social identity when the communicator used the favorable, rather than the unfavorable, LIB in describing that target.",failure,"Hence, this analysis failed to replicate the original result.",10.1177/0956797615612202,10.1098/rsos.231240
More Similar but Less Satisfying,Eleven years of student replication projects provide evidence on the correlates of replicability in psychology,"Huh, Y. E., Vosgerau, J., & Morewedge, C. K. (2016). More Similar but Less Satisfying. Psychological Science, 27(6), 894–903. https://doi.org/10.1177/0956797616640705","Boyce, V., Mathur, M., & Frank, M. C. (2023). Eleven years of student replication projects provide evidence on the correlates of replicability in psychology. Royal Society Open Science, 10(11). https://doi.org/10.1098/rsos.231240 Individual report available at https://rpubs.com/dzboles/341582",Psychological Science,4.49,1,"When people cannot get what they want, they often satisfy their desire by consuming a substitute. Substitutes can originate from within the taxonomic category of the desired stimulus (i.e., within-category substitutes) or from a different taxonomic category that serves the same basic goal (i.e., cross-category substitutes). Both a store-brand chocolate (within-category substitute) and a granola bar (cross-category substitute), for example, can serve as substitutes for gourmet chocolate. Here, we found that people believe that within-category substitutes, which are more similar to desired stimuli, will more effectively satisfy their cravings than will cross-category substitutes (Experiments 1, 2a, and 2b). However, because within-category substitutes are more similar than cross-category substitutes to desired stimuli, they are more likely to evoke an unanticipated negative contrast effect. As a result, unless substitutes are equivalent in quality to the desired stimulus, cross-category substitutes more effectively satisfy cravings for the desired stimulus (Experiments 3 and 4).",success,"1 [In figure 2, authors quantified subjective success on a more nuanced scale from 0, 0.25, 0.5, 0.75 and 1. I am coding 0 as 'failed', 1 as 'success' and anything inbetween as 'mixed']. subjective replication success rating 1",10.1177/0956797616640705,10.1098/rsos.231240
Why Do People Tend to Infer “Ought” From “Is”? The Role of Biases in Explanation,Eleven years of student replication projects provide evidence on the correlates of replicability in psychology,"Tworek, C. M., & Cimpian, A. (2016). Why Do People Tend to Infer “Ought” From “Is”? The Role of Biases in Explanation. Psychological Science, 27(8), 1109–1122. https://doi.org/10.1177/0956797616650875","Boyce, V., Mathur, M., & Frank, M. C. (2023). Eleven years of student replication projects provide evidence on the correlates of replicability in psychology. Royal Society Open Science, 10(11). https://doi.org/10.1098/rsos.231240 Individual report available at https://rstudio-pubs-static.s3.amazonaws.com/426870_bb10c991135648a19be27ad27cb36a15.html",Psychological Science,4.49,NA,"People tend to judge what is typical as also good and appropriate—as what ought to be. What accounts for the prevalence of these judgments, given that their validity is at best uncertain? We hypothesized that the tendency to reason from “is” to “ought” is due in part to a systematic bias in people’s (nonmoral) explanations, whereby regularities (e.g., giving roses on Valentine’s Day) are explained predominantly via inherent or intrinsic facts (e.g., roses are beautiful). In turn, these inherence-biased explanations lead to value-laden downstream conclusions (e.g., it is good to give roses). Consistent with this proposal, results from five studies ( N = 629 children and adults) suggested that, from an early age, the bias toward inherence in explanations fosters inferences that imbue observed reality with value. Given that explanations fundamentally determine how people understand the world, the bias toward inherence in these judgments is likely to exert substantial influence over sociomoral understanding.",success,"The result of this replication attempt partially replicated the original result in Tworek & Cimpian 2016, Experiment 1.",10.1177/0956797616650875,10.1098/rsos.231240
Your Understanding Is My Understanding,Eleven years of student replication projects provide evidence on the correlates of replicability in psychology,"Sloman, S. A., & Rabb, N. (2016). Your Understanding Is My Understanding. Psychological Science, 27(11), 1451–1460. https://doi.org/10.1177/0956797616662271","Boyce, V., Mathur, M., & Frank, M. C. (2023). Eleven years of student replication projects provide evidence on the correlates of replicability in psychology. Royal Society Open Science, 10(11). https://doi.org/10.1098/rsos.231240 Individual report available at https://rpubs.com/hrlarry/YUIMU-final",Psychological Science,4.49,2,"In four experiments, we tested the community-of-knowledge hypothesis, that people fail to distinguish their own knowledge from other people’s knowledge. In all the experiments, despite the absence of any actual explanatory information, people rated their own understanding of novel natural phenomena as higher when they were told that scientists understood the phenomena than when they were told that scientists did not yet understand them. In Experiment 2, we found that this occurs only when people have ostensible access to the scientists’ explanations; the effect does not occur when the explanations exist but are held in secret. In Experiment 3, we further ruled out two classes of alternative explanations (one appealing to task demands and the other proposing that judgments were mediated by inferences about a phenomenon’s understandability). In Experiment 4, we ruled out the possibility that the effect could be attributed to a pragmatic inference.",success,subjective replication success: 1,10.1177/0956797616662271,10.1098/rsos.231240
A Tale of Two Types of Perspective Taking,Eleven years of student replication projects provide evidence on the correlates of replicability in psychology,"Tarampi, M. R., Heydari, N., & Hegarty, M. (2016). A Tale of Two Types of Perspective Taking. Psychological Science, 27(11), 1507–1516. https://doi.org/10.1177/0956797616667459","Boyce, V., Mathur, M., & Frank, M. C. (2023). Eleven years of student replication projects provide evidence on the correlates of replicability in psychology. Royal Society Open Science, 10(11). https://doi.org/10.1098/rsos.231240 Individual report available at https://rpubs.com/chuqihu8/pilot",Psychological Science,4.49,1,"Sex differences in favor of males have been documented in measures of spatial perspective taking. In this research, we examined whether social factors (i.e., stereotype threat and the inclusion of human figures in tasks) account for these differences. In Experiment 1, we evaluated performance when perspective-taking tests were framed as measuring either spatial or social (empathetic) perspective-taking abilities. In the spatial condition, tasks were framed as measures of spatial ability on which males have an advantage. In the social condition, modified tasks contained human figures and were framed as measures of empathy on which females have an advantage. Results showed a sex difference in favor of males in the spatial condition but not the social condition. Experiments 2 and 3 indicated that both stereotype threat and including human figures contributed to these effects. Results suggest that females may underperform on spatial tests in part because of negative performance expectations and the character of the spatial tests rather than because of actual lack of abilities.",failure,subjective replication success: 0,10.1177/0956797616667459,10.1098/rsos.231240
From Power to Inaction,Eleven years of student replication projects provide evidence on the correlates of replicability in psychology,"Durso, G. R. O., Briñol, P., & Petty, R. E. (2016). From Power to Inaction. Psychological Science, 27(12), 1660–1666. https://doi.org/10.1177/0956797616669947","Boyce, V., Mathur, M., & Frank, M. C. (2023). Eleven years of student replication projects provide evidence on the correlates of replicability in psychology. Royal Society Open Science, 10(11). https://doi.org/10.1098/rsos.231240 Individual report available at https://rpubs.com/zainabh/427094",Psychological Science,4.49,1,"Research has shown that people who feel powerful are more likely to act than those who feel powerless, whereas people who feel ambivalent are less likely to act than those whose reactions are univalent (entirely positive or entirely negative). But what happens when powerful people also are ambivalent? On the basis of the self-validation theory of judgment, we hypothesized that power and ambivalence would interact to predict individuals’ action. Because power can validate individuals’ reactions, we reasoned that feeling powerful strengthens whatever reactions people have during a decision. It can strengthen univalent reactions and increase action orientation, as shown in past research. Among people who hold an ambivalent judgment, however, those who feel powerful would be less action oriented than those who feel powerless. Two experiments provide evidence for this hypothesized interactive effect of power and ambivalence on individuals’ action tendencies during both positive decisions (promoting an employee; Experiment 1) and negative decisions (firing an employee; Experiment 2). In summary, when individuals’ reactions are ambivalent, power increases the likelihood of inaction.",failure,This demonstrates that our results did not replicate because our main analysis of interest was in the interaction between ambivalence and power state. The effect of the ambivalent state was expected and therefore its significance does not point to a replication.,10.1177/0956797616669947,10.1098/rsos.231240
Why Do We Hate Hypocrites? Evidence for a Theory of False Signaling,Eleven years of student replication projects provide evidence on the correlates of replicability in psychology,"Jordan, J. J., Sommers, R., Bloom, P., & Rand, D. G. (2017). Why Do We Hate Hypocrites? Evidence for a Theory of False Signaling. Psychological Science, 28(3), 356–368. https://doi.org/10.1177/0956797616685771","Boyce, V., Mathur, M., & Frank, M. C. (2023). Eleven years of student replication projects provide evidence on the correlates of replicability in psychology. Royal Society Open Science, 10(11). https://doi.org/10.1098/rsos.231240 Individual report available at https://github.com/vboyce/251-254-MA/blob/main/reports/jordan2017_2.html",Psychological Science,4.49,4,"Why do people judge hypocrites, who condemn immoral behaviors that they in fact engage in, so negatively? We propose that hypocrites are disliked because their condemnation sends a false signal about their personal conduct, deceptively suggesting that they behave morally. We show that verbal condemnation signals moral goodness (Study 1) and does so even more convincingly than directly stating that one behaves morally (Study 2). We then demonstrate that people judge hypocrites negatively—even more negatively than people who directly make false statements about their morality (Study 3). Finally, we show that “honest” hypocrites—who avoid false signaling by admitting to committing the condemned transgression—are not perceived negatively even though their actions contradict their stated values (Study 4). Critically, the same is not true of hypocrites who engage in false signaling but admit to unrelated transgressions (Study 5). Together, our results support a false-signaling theory of hypocrisy.",success,This project’s results show a successful replication of Study 4 of Jordan 2017.,10.1177/0956797616685771,10.1098/rsos.231240
Black and White Lies: Race-Based Biases in Deception Judgments,Eleven years of student replication projects provide evidence on the correlates of replicability in psychology,"Lloyd, E. P., Hugenberg, K., McConnell, A. R., Kunstman, J. W., & Deska, J. C. (2017). Black and White Lies: Race-Based Biases in Deception Judgments. Psychological Science, 28(8), 1125–1136. https://doi.org/10.1177/0956797617705399","Boyce, V., Mathur, M., & Frank, M. C. (2023). Eleven years of student replication projects provide evidence on the correlates of replicability in psychology. Royal Society Open Science, 10(11). https://doi.org/10.1098/rsos.231240 Individual report available at https://github.com/vboyce/251-254-MA/blob/main/reports/lloyd2017.html",Psychological Science,4.49,1c,"In six studies ( N = 605), participants made deception judgments about videos of Black and White targets who told truths and lies about interpersonal relationships. In Studies 1a, 1b, 1c, and 2, White participants judged that Black targets were telling the truth more often than they judged that White targets were telling the truth. This truth bias was predicted by Whites’ motivation to respond without prejudice. For Black participants, however, motives to respond without prejudice did not moderate responses (Study 2). In Study 3, we found similar effects with a manipulation of the targets’ apparent race. Finally, in Study 4, we used eye-tracking techniques to demonstrate that Whites’ truth bias for Black targets is likely the result of late-stage correction processes: Despite ultimately judging that Black targets were telling the truth more often than White targets, Whites were faster to fixate on the on-screen “lie” response box when targets were Black than when targets were White. These systematic race-based biases have important theoretical implications (e.g., for lie detection and improving intergroup communication and relations) and practical implications (e.g., for reducing racial bias in law enforcement).",success,"1 [In figure 2, authors quantified subjective success on a more nuanced scale from 0, 0.25, 0.5, 0.75 and 1. I am coding 0 as 'failed', 1 as 'success' and anything inbetween as 'mixed']. subjective replication success rating 1",10.1177/0956797617705399,10.1098/rsos.231240
Healthy Out-Group Members Are Represented Psychologically as Infected In-Group Members,Eleven years of student replication projects provide evidence on the correlates of replicability in psychology,"Petersen, M. B. (2017). Healthy Out-Group Members Are Represented Psychologically as Infected In-Group Members. Psychological Science, 28(12), 1857–1863. https://doi.org/10.1177/0956797617728270","Boyce, V., Mathur, M., & Frank, M. C. (2023). Eleven years of student replication projects provide evidence on the correlates of replicability in psychology. Royal Society Open Science, 10(11). https://doi.org/10.1098/rsos.231240 Individual report available at https://rpubs.com/kl2018/432454",Psychological Science,4.49,1,"A range of studies have demonstrated that people implicitly treat out-groups as the carriers of pathogens and that considerable prejudice against out-groups is driven by concerns about pathogens. Yet the psychological categories that are involved and the selection pressures that underlie these categories remain unclear. A common view is that human pathogen-avoidance psychology is specifically adapted to avoid out-groups because of their potentially different pathogens. However, the series of studies reported here shows that there is no dedicated category for reasoning about out-groups in terms of pathogens. Specifically, a memory-confusion experiment conducted with two large-scale samples of Americans (one nationally representative) yielded strong, replicable evidence that healthy out-group members are represented using the same psychological category that is used to represent manifestly infected in-group members. This suggests that the link between out-group prejudice and pathogen concerns is a by-product of general mechanisms for treating any unfamiliar appearance as an infection cue.",failure,"Our confirmatory analysis did not replicate. We did not find an increase in between-group errors, b=.37, p=.13, 95% CI=[-0.11, 0.84]. That would suggest that participants did not confuse in-group members with out-group members when the presented in-group members were infected. || Our confirmatory analysis did not replicate",10.1177/0956797617728270,10.1098/rsos.231240
The Link Between Self-Dehumanization and Immoral Behavior,Eleven years of student replication projects provide evidence on the correlates of replicability in psychology,"Kouchaki, M., Dobson, K. S. H., Waytz, A., & Kteily, N. S. (2018). The Link Between Self-Dehumanization and Immoral Behavior. Psychological Science, 29(8), 1234–1246. https://doi.org/10.1177/0956797618760784","Boyce, V., Mathur, M., & Frank, M. C. (2023). Eleven years of student replication projects provide evidence on the correlates of replicability in psychology. Royal Society Open Science, 10(11). https://doi.org/10.1098/rsos.231240 Individual report available at https://github.com/vboyce/251-254-MA/blob/main/reports/kouchaki2018.html",Psychological Science,4.49,1a,"People perceive morality to be distinctively human, with immorality representing a lack of full humanness. In eight experiments, we examined the link between immorality and self-dehumanization, testing both (a) the causal role of immoral behavior on self-dehumanization and (b) the causal role of self-dehumanization on immoral behavior. Studies 1a to 1d showed that people feel less human after behaving immorally and that these effects were not driven by having a negative experience but were unique to experiences of immorality (Study 1d). Studies 2a to 2c showed that self-dehumanization can lead to immoral and antisocial behavior. Study 3 highlighted how self-dehumanization can sometimes produce downward spirals of immorality, demonstrating initial unethical behavior leading to self-dehumanization, which in turn promotes continued dishonesty. These results demonstrate a clear relationship between self-dehumanization and unethical behavior, and they extend previous theorizing on dehumanization.",success,"1 [In figure 2, authors quantified subjective success on a more nuanced scale from 0, 0.25, 0.5, 0.75 and 1. I am coding 0 as 'failed', 1 as 'success' and anything inbetween as 'mixed']. subjective replication success rating 1",10.1177/0956797618760784,10.1098/rsos.231240
Inferring Whether Officials Are Corruptible From Looking at Their Faces,Eleven years of student replication projects provide evidence on the correlates of replicability in psychology,"Lin, C., Adolphs, R., & Alvarez, R. M. (2018). Inferring Whether Officials Are Corruptible From Looking at Their Faces. Psychological Science, 29(11), 1807–1823. https://doi.org/10.1177/0956797618788882","Boyce, V., Mathur, M., & Frank, M. C. (2023). Eleven years of student replication projects provide evidence on the correlates of replicability in psychology. Royal Society Open Science, 10(11). https://doi.org/10.1098/rsos.231240",Psychological Science,4.49,1,"While inferences of traits from unfamiliar faces prominently reveal stereotypes, some facial inferences also correlate with real-world outcomes. We investigated whether facial inferences are associated with an important real-world outcome closely linked to the face bearer’s behavior: political corruption. In four preregistered studies ( N = 325), participants made trait judgments of unfamiliar government officials on the basis of their photos. Relative to peers with clean records, federal and state officials convicted of political corruption (Study 1) and local officials who violated campaign finance laws (Study 2) were perceived as more corruptible, dishonest, selfish, and aggressive but similarly competent, ambitious, and masculine (Study 3). Mediation analyses and experiments in which the photos were digitally manipulated showed that participants’ judgments of how corruptible an official looked were causally influenced by the face width of the stimuli (Study 4). The findings shed new light on the complex causal mechanisms linking facial appearances with social behavior.",success,"1 [In figure 2, authors quantified subjective success on a more nuanced scale from 0, 0.25, 0.5, 0.75 and 1. I am coding 0 as 'failed', 1 as 'success' and anything inbetween as 'mixed']. subjective replication success rating 1",10.1177/0956797618788882,10.1098/rsos.231240
You That Read Wrong Again! A Transposed-Word Effect in Grammaticality Judgments,Eleven years of student replication projects provide evidence on the correlates of replicability in psychology,"Mirault, J., Snell, J., & Grainger, J. (2018). You That Read Wrong Again! A Transposed-Word Effect in Grammaticality Judgments. Psychological Science, 29(12), 1922–1929. https://doi.org/10.1177/0956797618806296","Boyce, V., Mathur, M., & Frank, M. C. (2023). Eleven years of student replication projects provide evidence on the correlates of replicability in psychology. Royal Society Open Science, 10(11). https://doi.org/10.1098/rsos.231240 Individual report available at https://github.com/vboyce/251-254-MA/blob/main/reports/mirault2018.html",Psychological Science,4.49,2,"We report a novel transposed-word effect in speeded grammaticality judgments made about five-word sequences. The critical ungrammatical test sequences were formed by transposing two adjacent words from either a grammatical base sequence (e.g., “The white cat was big” became “The white was cat big”) or an ungrammatical base sequence (e.g., “The white cat was slowly” became “The white was cat slowly”). These were intermixed with an equal number of correct sentences for the purpose of the grammaticality judgment task. In a laboratory experiment ( N = 57) and an online experiment ( N = 94), we found that ungrammatical decisions were harder to make when the ungrammatical sequence originated from a grammatically correct base sequence. This provides the first demonstration that the encoding of word order retains a certain amount of uncertainty. We further argue that the novel transposed-word effect reflects parallel processing of words during written sentence comprehension combined with top-down constraints from sentence-level structures.",success,"Given that the effects are in the same direction and of a similar magnitude with the original study, the results did replicate successfully.",10.1177/0956797618806296,10.1098/rsos.231240
The Illusion of Consensus: A Failure to Distinguish Between True and False Consensus,Eleven years of student replication projects provide evidence on the correlates of replicability in psychology,"Yousif, S. R., Aboody, R., & Keil, F. C. (2019). The Illusion of Consensus: A Failure to Distinguish Between True and False Consensus. Psychological Science, 30(8), 1195–1204. https://doi.org/10.1177/0956797619856844","Boyce, V., Mathur, M., & Frank, M. C. (2023). Eleven years of student replication projects provide evidence on the correlates of replicability in psychology. Royal Society Open Science, 10(11). https://doi.org/10.1098/rsos.231240 Individual report available at http://rpubs.com/ayodeledada/559724",Psychological Science,4.49,NA,"When evaluating information, we cannot always rely on what has been presented as truth: Different sources might disagree with each other, and sometimes there may be no underlying truth. Accordingly, we must use other cues to evaluate information—perhaps the most salient of which is consensus. But what counts as consensus? Do we attend only to surface-level indications of consensus, or do we also probe deeper and consider why sources agree? Four experiments demonstrated that individuals evaluate consensus only superficially: Participants were equally confident in conclusions drawn from a true consensus (derived from independent primary sources) and a false consensus (derived from only one primary source). This phenomenon was robust, occurring even immediately after participants explicitly stated that a true consensus was more believable than a false consensus. This illusion of consensus reveals a powerful means by which misinformation may spread.",failure,"Based on the eventual finding in the original study, we conclude that this test did not replicate.",10.1177/0956797619856844,10.1098/rsos.231240
"Development and Initial Test of the Safety Behaviors in Test Anxiety Questionnaire: Superstitious Behavior, Reassurance Seeking, Test Anxiety, and Test Performance",Reassurance seeking and spoiled answers on academic tests,"Knoll, R. W., Valentiner, D. P., & Holzman, J. B. (2016). Development and Initial Test of the Safety Behaviors in Test Anxiety Questionnaire: Superstitious Behavior, Reassurance Seeking, Test Anxiety, and Test Performance. Assessment, 26(2), 271–280. https://doi.org/10.1177/1073191116686685","Valentiner, D. P., Kingzette, A., & Snyder, A. E. (2020). Reassurance seeking and spoiled answers on academic tests. Anxiety, Stress, &amp; Coping, 33(5), 560–568. https://doi.org/10.1080/10615806.2020.1763140",Assessment,0.98,2,"The purpose of the current studies is to identify safety behavior dimensions relevant to test anxiety, to develop a questionnaire to assess those dimensions, and to examine the validity of that questionnaire. Items were generated from interviews with college students ( N = 24). Another sample ( N = 301) completed an initial 33-item measure. Another sample ( N = 151) completed the final 19-item version the Safety Behaviors in Test Anxiety Questionnaire and provided access to their academic records. Interviews and expert evaluations were used to select items for the initial pool. An examination of item distributions and exploratory factor analysis were used to identify dimensions and reduce the item pool. Confirmatory factor analyses were used to validate the factorial structure. Correlational analyses were used to examine criterion validity of the final measure. The Safety Behaviors in Test Anxiety Questionnaire consists of a 9-item “Superstitious Behaviors” scale and a 10-item “Reassurance Seeking.” The measure shows good content validity, factorial validity, internal consistency, and convergent and discriminant validity. Only the Reassurance Seeking scale showed good incremental criterion validity. Overall, these findings suggest that reassurance seeking may be a neglected target for interventions that might increase performance on high stakes tests.",success,"Replicating results from a prior study, reassurance seeking predicted underperformance on the ACT",10.1177/1073191116686685,10.1080/10615806.2020.1763140
Maltreatment Profiles Among Incarcerated Boys With Callous-Unemotional Traits,Gender Differences in Callous Unemotional Trait Profiles in an Undergraduate Sample,"Kimonis, E. R., Fanti, K. A., Isoma, Z., & Donoghue, K. (2013). Maltreatment Profiles Among Incarcerated Boys With Callous-Unemotional Traits. Child Maltreatment, 18(2), 108–121. https://doi.org/10.1177/1077559513483002","Awada, S. R., Ellis, R. A., Shelleby, E. C., & Orcutt, H. K. (2022). Gender Differences in Callous Unemotional Trait Profiles in an Undergraduate Sample. Journal of Aggression, Maltreatment &amp; Trauma, 31(7), 888–909. https://doi.org/10.1080/10926771.2022.2038753",Child Maltreatment,1.44,1,"Callous-unemotional (CU) traits in youth are believed to be a developmental precursor to adult psychopathy, tapping its affective dimension. There is growing support for the existence of variants of psychopathy that can be distinguished based on the presence of anxiety, maltreatment histories, and comorbid psychopathology. The purpose of the present study was to examine whether primary and secondary variants of CU traits could be differentiated according to their experiences of distinct types of childhood maltreatment among a sample of 227 incarcerated adolescent boys. Results indicated that variants of youth scoring high on CU traits could be identified which were consistent with theory and prior research. Greater sexual abuse histories, violent and property delinquency, and a sexually motivated index offense distinguished secondary variants, whereas greater neglect distinguished primary variants of youth with CU traits. Psychopathy variants were behaviorally indistinguishable with respect to their levels of aggression and drug delinquency, although they differed in several important ways from youth scoring low on CU traits. Variants also showed distinct patterns of scores on the measure of CU traits. These findings are important to informing developmental theories of psychopathy and have practical and policy implications for intervening with maltreated and antisocial youth.",success,We aimed to replicate findings that individuals in the secondary CU group demonstrate higher PTSS. [...] PTSS was highest in secondary CU variant groups.,10.1177/1077559513483002,10.1080/10926771.2022.2038753
Not Pollyannas,"A Registered Conceptual Replication and Extension of Carter and Weber (2010): Generalized Trust, Lie Prevalence, and Deception Detection","Carter, N. L., & Mark Weber, J. (2010). Not Pollyannas. Social Psychological and Personality Science, 1(3), 274–279. https://doi.org/10.1177/1948550609360261","Levine, T. R., Markowitz, D. M., Serota, K. B., & Brunn, M. V. (2024). A Registered Conceptual Replication and Extension of Carter and Weber (2010): Generalized Trust, Lie Prevalence, and Deception Detection. Social Psychological and Personality Science, 16(7), 835–840. https://doi.org/10.1177/19485506241298340",Social Psychological and Personality Science,2.61,1,"This research used a job interview context to investigate the relationship between peoples’ degrees of generalized trust—their default assessments of the likely trustworthiness of others—and their ability to detect lies. Participants watched videos of eight simulated job interviews: Half of the interviewees were completely truthful; half told a variety of lies to make themselves more attractive job candidates. Contrary to lay wisdom, high trusters were significantly better than low trusters were at detecting lies. This finding extends a growing body of theoretical and empirical work suggesting that high trusters are far from foolish Pollyannas and that low trusters’ defensiveness incurs significant costs.",failure,"As anticipated, Carter and Weber’s finding were not replicated. Neither generalized trust nor lie prevalence predicted deception detection accuracy or truth bias.",10.1177/1948550609360261,10.1177/19485506241298340
Testing the Death Thought Suppression and Rebound Hypothesis,Registered Replication Report: Study 3 From Trafimow and Hughes (2012),"Trafimow, D., & Hughes, J. S. (2012). Testing the Death Thought Suppression and Rebound Hypothesis. Social Psychological and Personality Science, 3(5), 622–629. https://doi.org/10.1177/1948550611432938","Rife, S. C., Lambert, Q., Calin-Jageman, R., Adamkovič, M., Banik, G., Barberia, I., Beaudry, J., Bernauer, H., Calvillo, D., Chopik, W. J., David, L., de Beijer, I., Evans, T. R., Hartanto, A., Kačmár, P., Legate, N., Martončik, M., Massar, K., McCabe, S., … Wiggins, B. (2025). Registered Replication Report: Study 3 From Trafimow and Hughes (2012). Advances in Methods and Practices in Psychological Science, 8(2). https://doi.org/10.1177/25152459251328334",Social Psychological and Personality Science,2.61,3,"It is an important hypothesis of terror management theory that death thoughts are suppressed immediately following a mortality salience treatment but that, after a short delay during which suppression ceases, death thoughts become more accessible. Although there is much indirect empirical support for this idea, there are few direct tests. Our goal was to test this hypothesis with simple experiments. Thus, after mortality was made salient, death thought accessibility was measured immediately or after a delay. The results contradicted the prediction that death thought accessibility should be higher in the delay condition than in the no delay condition.",success,"We successfully replicate Trafimow and Hughes (2012), and demonstrate that it is possible to prime death-related thoughts,",10.1177/1948550611432938,10.1177/25152459251328334
Knowing Who You Are and Adding to It,Empirical audit and review and an assessment of evidentiary value in research on the psychological consequences of scarcity,"Emery, L. F., Walsh, C., & Slotter, E. B. (2014). Knowing Who You Are and Adding to It. Social Psychological and Personality Science, 6(3), 259–266. https://doi.org/10.1177/1948550614555029","O’Donnell, M., Dev, A. S., Antonoplis, S., Baum, S. M., Benedetti, A. H., Brown, N. D., Carrillo, B., Choi, A. L., Connor, P., Donnelly, K., Ellwood-Lowe, M. E., Foushee, R., Jansen, R., Jarvis, S. N., Lundell-Creagh, R., Ocampo, J. M., Okafor, G. N., Azad, Z. R., Rosenblum, M., … Nelson, L. D. (2021). Empirical audit and review and an assessment of evidentiary value in research on the psychological consequences of scarcity. Proceedings of the National Academy of Sciences, 118(44). https://doi.org/10.1073/pnas.2103313118",Social Psychological and Personality Science,2.61,3,"People are generally motivated to increase the diversity of their self-concepts, within their relationships and outside of them. Self-expansion enhances both individual and relationship well-being; however, almost no research has investigated what circumstances attenuate people’s desire for self-expansion. The present research addressed this question by testing the central hypothesis that experiencing lower self-concept clarity would predict less interest in self-expansion. Across three studies, the present research demonstrated that individuals primed with low self-concept clarity expressed less interest in self-expansion outside of romantic relationships (Studies 1–2) and were less likely to actually self-expand by incorporating attributes from a potential romantic partner into the self (Study 3). Despite the benefits of self-expansion, certain situations may reduce people’s desire to add content to the self.",failure,"We next examined the primary hypothesis that the manipulation influenced participants’ spontaneous self-expansion. A between-subjects analysis of covariance revealed a non- significant effect of condition on self-ratings of the target attribute participants generated at the beginning of the study after viewing the dating profile controlling for initial self- ratings, F(2, 138) = 0.9377, p = .394, partial 𝜂2 = 0.0134.",10.1177/1948550614555029,10.1073/pnas.2103313118
The Dark Side of a Smiley,The Dark Versus Bright Side of a Smiley: A Preregistered Replication of Experiment 3 in Glikson et al. (2018) “The Dark Side of a Smiley”,"Glikson, E., Cheshin, A., & Kleef, G. A. van. (2017). The Dark Side of a Smiley. Social Psychological and Personality Science, 9(5), 614–625. https://doi.org/10.1177/1948550617720269","Lai, L., & Mayiwar, L. (2023). The Dark Versus Bright Side of a Smiley: A Preregistered Replication of Experiment 3 in Glikson et al. (2018) “The Dark Side of a Smiley.” Collabra: Psychology, 9(1). https://doi.org/10.1525/collabra.90195",Social Psychological and Personality Science,2.61,3,"First impressions are heavily influenced by emotional expressions such as smiles. In face-to-face contact, smiling individuals are perceived as warmer and as more competent than nonsmiling individuals. In computer-mediated communication, which is primarily text-based, the “smiley” (☺) constitutes the digital representation of a smile. But is a smiley a suitable replacement for a smile? We conducted three experiments to examine the impact of smiley use on virtual first impressions in work-related contexts. Our findings provide first-time evidence that, contrary to actual smiles, smileys do not increase perceptions of warmth and actually decrease perceptions of competence. Perceptions of low competence in turn undermined information sharing. The adverse effects of smiley use are moderated by the formality of the social context and mediated by perceptions of message appropriateness. These results indicate that a smiley is not a smile. The findings have implications for theorizing on the social functionality of virtual emotional expressions.",failure,"The authors of the original study reported support for their proposition that [...] the use of smileys may backfire and produce less favorable perceptions of competence in a formal work-related setting, yet more favorable perceptions of warmth in an informal work-related setting. Our results, in contrast, indicated that smileys produce a negative effect on perceptions of competence and a positive effect on perceptions of warmth, regardless of the level of formality.",10.1177/1948550617720269,10.1525/collabra.90195
"Ignoring History, Denying Racism: Mounting Evidence for the Marley Hypothesis and Epistemologies of Ignorance",Ignorance of History and Perceptions of Racism: Another Look at the Marley Hypothesis,"Bonam, C. M., Nair Das, V., Coleman, B. R., & Salter, P. (2018). Ignoring History, Denying Racism: Mounting Evidence for the Marley Hypothesis and Epistemologies of Ignorance. Social Psychological and Personality Science, 10(2), 257–265. https://doi.org/10.1177/1948550617751583","Strickhouser, J. E., Zell, E., & Harris, K. E. (2018). Ignorance of History and Perceptions of Racism: Another Look at the Marley Hypothesis. Social Psychological and Personality Science, 10(7), 977–985. https://doi.org/10.1177/1948550618808863",Social Psychological and Personality Science,2.61,NA,"In demonstration of the Marley hypothesis, Nelson, Adams, and Salter showed that differences in critical historical knowledge (i.e., knowledge of past racism) and motivation to protect group esteem predicted present-day racism perceptions among Whites and Blacks attending different, racially homogenous universities. The present Study 1 conceptually replicates these findings among Whites and Blacks attending the same racially diverse university. Consistent with previous findings, Whites (vs. Blacks) displayed less critical historical knowledge, explaining their greater denial of systemic racism. Moreover, stronger racial identity among Whites predicted greater systemic racism denial. A brief Study 2 intervention boosts Whites’ racism perceptions. People who learned the critical history of U.S. housing policy (vs. a control group) acknowledged more systemic racism. The present work interrupts seemingly normal and neutral dominant perspectives, provides mounting evidence for an epistemologies of ignorance framework, and suggests that learning critical history can help propel anti-racist understandings of the present.",failure,the present research failed to replicate the mediation effect found in prior studies,10.1177/1948550617751583,10.1177/1948550618808863
Mechanisms of Selective Attention in Generalized Anxiety Disorder,"Generalized anxiety disorder and selective attention: An unsuccessful replication of Yiend et al., (2015) in a student population","Yiend, J., Mathews, A., Burns, T., Dutton, K., Fernández-Martín, A., Georgiou, G. A., Luckie, M., Rose, A., Russo, R., & Fox, E. (2014). Mechanisms of Selective Attention in Generalized Anxiety Disorder. Clinical Psychological Science, 3(5), 758–771. https://doi.org/10.1177/2167702614545216","MacDonald, J., Lee, S., & Wilbiks, J. (2023). Generalized anxiety disorder and selective attention: An unsuccessful replication of Yiend et al., (2015) in a student population. Visual Cognition, 31(10), 722–730. https://doi.org/10.1080/13506285.2024.2343157",Clinical Psychological Science,2.96,NA,"A well-established literature has identified different selective attentional orienting mechanisms underlying anxiety-related attentional bias, such as engagement and disengagement of attention. These mechanisms are thought to contribute to the onset and maintenance of anxiety disorders. However, conclusions to date have relied heavily on experimental work from subclinical samples. We therefore investigated individuals with diagnosed generalized anxiety disorder (GAD), healthy volunteers, and individuals with high trait anxiety (but not meeting GAD diagnostic criteria). Across two experiments we found faster disengagement from negative (angry and fearful) faces in GAD groups, an effect opposite to that expected on the basis of the subclinical literature. Together these data challenge current assumptions that we can generalize, to those with GAD, the pattern of selective attentional orienting to threat found in subclinical groups. We suggest a decisive two-stage experiment identifying stimuli of primary salience in GAD, then using these to reexamine orienting mechanisms across groups.",failure,None of the findings reported by Yiend and colleagues (Experiment 1; 2015) were replicated in a student sample.,10.1177/2167702614545216,10.1080/13506285.2024.2343157
The Dishonesty of Honest People: A Theory of Self-Concept Maintenance,"Registered Replication Report on Mazar, Amir, and Ariely (2008)","Mazar, N., Amir, O., & Ariely, D. (2008). The Dishonesty of Honest People: A Theory of Self-Concept Maintenance. Journal of Marketing Research, 45(6), 633–644. https://doi.org/10.1509/jmkr.45.6.633","Verschuere, B., Meijer, E. H., Jim, A., Hoogesteyn, K., Orthey, R., McCarthy, R. J., Skowronski, J. J., Acar, O. A., Aczel, B., Bakos, B. E., Barbosa, F., Baskin, E., Bègue, L., Ben-Shakhar, G., Birt, A. R., Blatz, L., Charman, S. D., Claesen, A., Clay, S. L., … Yıldız, E. (2018). Registered Replication Report on Mazar, Amir, and Ariely (2008). Advances in Methods and Practices in Psychological Science, 1(3), 299–317. https://doi.org/10.1177/2515245918781032",Journal of Marketing Research,2.11,1,"People like to think of themselves as honest. However, dishonesty pays—and it often pays well. How do people resolve this tension? This research shows that people behave dishonestly enough to profit but honestly enough to delude themselves of their own integrity. A little bit of dishonesty gives a taste of profit without spoiling a positive self-view. Two mechanisms allow for such self-concept maintenance: inattention to moral standards and categorization malleability. Six experiments support the authors’ theory of self-concept maintenance and offer practical applications for curbing dishonesty in everyday life.",failure,"In the primary meta-analysis (19 replications, total n = 4,674), participants who were given an opportunity to cheat reported solving 0.11 more matrices if they were given a moral reminder than if they were given a neutral reminder (95% confidence interval = [−0.09, 0.31]). This small effect was numerically in the opposite direction of the effect observed in the original study (Cohen’s d = −0.04).",10.1509/jmkr.45.6.633,10.1177/2515245918781032
This Logo Moves Me: Dynamic Imagery from Static Images,Evaluating replicability of ten influential research on sensory marketing,"Cian, L., Krishna, A., & Elder, R. S. (2014). This Logo Moves Me: Dynamic Imagery from Static Images. Journal of Marketing Research, 51(2), 184–197. https://doi.org/10.1509/jmr.13.0023","Motoki, K., & Iseki, S. (2022). Evaluating replicability of ten influential research on sensory marketing. Frontiers in Communication, 7. https://doi.org/10.3389/fcomm.2022.1048896",Journal of Marketing Research,2.11,1,"The authors propose that static visuals can evoke a perception of movement (i.e., dynamic imagery) and thereby affect consumer engagement and attitudes. Focusing on brand logos as the static visual element, the authors measure the perceived movement evoked by the logo and demonstrate that the evoked dynamic imagery affects the level of consumer engagement with the brand logo. They measure consumer engagement through both self-report measures and eye-tracking technology and find that engagement affects consumer attitudes toward the brand. The authors also show that the perceived movement–engagement–attitude effect is moderated by the congruence between perceived movement and brand characteristics. These findings suggest that dynamic imagery is an important aspect of logo design, and if used carefully, it can enhance brand attitudes.",failure,"Our replication attempts successfully replicated two findings (Klink, 2000; Shrum et al., 2012) and partially replicated one of them (Yorkston and Menon, 2004). [...] Only 20% (2/10) of study findings could be successfully replicated",10.1509/jmr.13.0023,10.3389/fcomm.2022.1048896
Scarcity Polarizes Preferences: The Impact on Choice among Multiple Items in a Product Class,Empirical audit and review and an assessment of evidentiary value in research on the psychological consequences of scarcity,"Zhu, M., & Ratner, R. K. (2015). Scarcity Polarizes Preferences: The Impact on Choice among Multiple Items in a Product Class. Journal of Marketing Research, 52(1), 13–26. https://doi.org/10.1509/jmr.13.0451","O’Donnell, M., Dev, A. S., Antonoplis, S., Baum, S. M., Benedetti, A. H., Brown, N. D., Carrillo, B., Choi, A. L., Connor, P., Donnelly, K., Ellwood-Lowe, M. E., Foushee, R., Jansen, R., Jarvis, S. N., Lundell-Creagh, R., Ocampo, J. M., Okafor, G. N., Azad, Z. R., Rosenblum, M., … Nelson, L. D. (2021). Empirical audit and review and an assessment of evidentiary value in research on the psychological consequences of scarcity. Proceedings of the National Academy of Sciences, 118(44). https://doi.org/10.1073/pnas.2103313118",Journal of Marketing Research,2.11,2,"This research examines how the salience of scarcity influences choices of individual items from a product class. The authors propose that overall perception of scarcity versus overall perception of abundance increases choice share of the most-preferred item from a product class. They argue that this phenomenon occurs because scarcity induces arousal and the heightened arousal polarizes the evaluations of individual items contained in the choice set. The results from five experiments show that scarcity versus abundance broadens the discrepancy between the liking of the favorite and nonfavorite items and leads to a greater choice share of the favorite item. The findings provide support for the arousal-based explanation, showing that the effect of scarcity salience on choices is mediated by consumers’ reported arousal level and moderated by an experimentally induced arousal state.",failure,"Results suggested that there was no significant difference between the scarce (M = 2.92, SD = 0.96) and abundant (M = 2.86, SD = 1.04) conditions on the number of different vegetables chosen, ZMann–Whitney = -0.22, p = 0.83.",10.1509/jmr.13.0451,10.1073/pnas.2103313118
Effects of Perceived Scarcity on Financial Decision Making,Empirical audit and review and an assessment of evidentiary value in research on the psychological consequences of scarcity,"Cook, L. A., & Sadeghein, R. (2018). Effects of Perceived Scarcity on Financial Decision Making. Journal of Public Policy &amp; Marketing, 37(1), 68–87. https://doi.org/10.1509/jppm.16.157","O’Donnell, M., Dev, A. S., Antonoplis, S., Baum, S. M., Benedetti, A. H., Brown, N. D., Carrillo, B., Choi, A. L., Connor, P., Donnelly, K., Ellwood-Lowe, M. E., Foushee, R., Jansen, R., Jarvis, S. N., Lundell-Creagh, R., Ocampo, J. M., Okafor, G. N., Azad, Z. R., Rosenblum, M., … Nelson, L. D. (2021). Empirical audit and review and an assessment of evidentiary value in research on the psychological consequences of scarcity. Proceedings of the National Academy of Sciences, 118(44). https://doi.org/10.1073/pnas.2103313118",Journal of Public Policy &amp; Marketing,NA,3,"How are financial decisions compromised as scarcity increases? Extant research focuses mostly on the consequences of financial scarcity; moreover, this factor is treated simply as a lack of liquidity. Using a mixed-method approach, the authors investigate the dimensions of perceived scarcity and the ways they work in tandem to negatively influence perceptions and decisions. Internal influences (including perceived consequences) and external influences (including decreased lending options) lead to results described in this article as the “triple scarcity effect.” Experimental results show how perceived financial scarcity undermines loan decisions, particularly for consumers at the greatest financial risk. Next, qualitative data collected from the Consumer Financial Protection Bureau are used for a between-method triangulation of the earlier findings. Understanding the multidimensionality of perceived financial scarcity is important for designing preventive measures that improve decisions (e.g., not reborrowing) and decision making (e.g., accurately calculating cost). Results from two interventions demonstrate how these improvements are made when consumers' perceptions of scarcity are reduced. Finally, the authors discuss the welfare impact for lenders, marketers, and policy makers, and they offer an agenda for future research.",success,"We submitted participants responses to an ANOVA predicting the amount participants borrowed from their condition assignment (all three factors plus their interaction), which returned a significant three-way interaction, (F(1, 497) = 9.75, p = 0.002, partial2p= .019).",10.1509/jppm.16.157,10.1073/pnas.2103313118
The Gender Asymmetric Effect of Intimate Partner Violence on Relationship Satisfaction,The Relevance of Relationship Satisfaction and Continuation to the Gender Symmetry Debate,"Ackerman, J., & Field, L. (2011). The Gender Asymmetric Effect of Intimate Partner Violence on Relationship Satisfaction. Violence and Victims, 26(6), 703–724. https://doi.org/10.1891/0886-6708.26.6.703","Ackerman, J. M. (2012). The Relevance of Relationship Satisfaction and Continuation to the Gender Symmetry Debate. Journal of Interpersonal Violence, 27(18), 3579–3600. https://doi.org/10.1177/0886260512447579",Violence and Victims,0.55,NA,"Our research examined the association between intimate partner violence and relationship satisfaction among victims. The negative association between victimization and relationship satisfaction was substantially stronger for females than for males. Comparisons between respondents reporting about same-sex relationships with those reporting about opposite-sex relationships provided evidence that the amplified victimization/satisfaction association among female victims is a victim-gender effect rather than an actor-gender effect. In other words, our findings suggest that aggression harms the quality of the intimate partnerships of females much more so than the partnerships of males regardless of whether a male or a female is the perpetrator. We supplemented dialogue about the direct implications of our findings with discussions about how these results may raise conceptual questions about the adequacy of the instruments scholars use to study partner aggression.",success,The current research replicated those findings on a different sample of men and women. In addition to confirming past findings,10.1891/0886-6708.26.6.703,10.1177/0886260512447579
When failure is not an option: a police firearms training concept for improving decision-making in shoot/don’t shoot scenarios,Blended police firearms training improves performance in shoot/don't shoot scenarios: a systematic replication with police cadets,"Olma, J., Sutter, C., & Sülzenbrück, S. (2024). When failure is not an option: a police firearms training concept for improving decision-making in shoot/don’t shoot scenarios. Frontiers in Psychology, 15. https://doi.org/10.3389/fpsyg.2024.1335892","Olma, J., Sutter, C., & Sülzenbrück, S. (2024). Blended police firearms training improves performance in shoot/don’t shoot scenarios: a systematic replication with police cadets. Frontiers in Psychology, 15. https://doi.org/10.3389/fpsyg.2024.1495812",Frontiers in Psychology,2.74,1,"Sometimes, policing requires a quick and correct assessment of potentially hazardous situations. The training of tactical gaze control and visual attention, and its positive impact on efficient shoot/don’t shoot decisions in police cadets’ use of firearms has recently been demonstrated. On this basis, we designed an individual videobased police firearms training that was grounded on the Four-Component Instructional Design Model (4C/ID). We shifted toward an individual blended learning approach where we applied an intervention training focused on situational awareness, tactical gaze control, and visual attention. In a preregistered lab experiment, N = 45 senior police officers were randomly allocated to the intervention training or an active control training that resembled a traditional police firearms training. Both groups watched a self-produced educational video before proceeding to the practical training in our indoor firing range. In a pre- and post-test, they engaged in realistic shoot/don’t shoot video scenarios. Both groups did very well regarding decision-making, the optimal muzzle position, and the tactical conduct to keep both eyes open before shooting. Although both groups performed on a comparable level in the pre-test’s shoot scenarios, the intervention group significantly improved their response times and time until the first hit. Overall, we were able to provide an adapted, didactically based police firearms training that supplements current standards. We demonstrated that experts are still susceptible to innovative training concepts and therefore substantiate the recommendation to devote more attention to approaches that emphasize the importance of situational awareness, tactical gaze control, and visual attention in police firearms training.",success,"Overall, the previous findings were replicated: Baseline levels of performance were elevated, yet the intervention group significantly improved their response time and time until the first hit.",10.3389/fpsyg.2024.1335892,10.3389/fpsyg.2024.1495812
A bimodal extension of the Eriksen flanker task,Bimodal Flanker: Audio vs. Visual,"Ulrich, R., Prislan, L., & Miller, J. (2020). A bimodal extension of the Eriksen flanker task. Attention, Perception, &amp; Psychophysics, 83(2), 790–799. https://doi.org/10.3758/s13414-020-02150-8","Papenmeier, F., & Rebholz, T. R. (2023, September). Bimodal Flanker: Audio vs. Visual. Retrieved from https://osf.io/8nzfm/","Attention, Perception, &amp; Psychophysics",NA,2,"The Eriksen flanker task is a traditional conflict paradigm for studying the influence of task-irrelevant information on the processing of task-relevant information. In this task, participants are asked to respond to a visual target item (e.g., a letter) that is flanked by task-irrelevant items (e.g., also letters). Responses are typically faster and more accurate when the task-irrelevant information is response-congruent with the visual target than when it is incongruent. Several researchers have attributed the starting point of this flanker effect to poor selective filtering at a perceptual level (e.g., spotlight models), which subsequently produces response competition at post-perceptual stages. The present study examined whether a flanker-like effect could also be established within a bimodal analog of the flanker task with auditory irrelevant letters and visual target letters, which must be processed along different processing routes. The results of two experiments revealed that a flanker-like effect is also present with bimodal stimuli. In contrast to the unimodal flanker task, however, the effect only emerged when flankers and targets shared the same letter name, but not when they were different letters mapped onto the same response. We conclude that the auditory flankers can influence the time needed to recognize visual targets but do not directly activate their associated responses.",success,"In summary, we found significant evidence for bimodal Flanker effects, F(2, 292) = 83.94, p < .001, np2 = .37, and a significant interaction of congruency and flanker modality, F(2, 292) = 4.28, p = .015, np2 = .03.",10.3758/s13414-020-02150-8,NA
Rich false memories of autobiographical events can be reversed,Can Rich False Memories of Autobiographical Events Be Reversed Again? An Extended Replication of Oeberst et al. (2021),"Oeberst, A., Wachendörfer, M. M., Imhoff, R., & Blank, H. (2021). Rich false memories of autobiographical events can be reversed. Proceedings of the National Academy of Sciences, 118(13). https://doi.org/10.1073/pnas.2026447118","Wachendörfer, M. M., Heinz, J. K., & Oeberst, A. (2025). Can Rich False Memories of Autobiographical Events Be Reversed Again? An Extended Replication of Oeberst et al. (2021). Applied Cognitive Psychology, 39(6). Portico. https://doi.org/10.1002/acp.70124",Proceedings of the National Academy of Sciences,6.95,NA,"Significance Human memory is fallible and malleable. In forensic settings in particular, this poses a challenge because people may falsely remember events with legal implications that never actually happened. Despite an urgent need for remedies, however, research on whether and how rich false autobiographical memories can be reversed under realistic conditions (i.e., using reversal strategies that can be applied in real-world settings) is virtually nonexistent. The present study therefore not only replicates and extends previous demonstrations of false memories but, crucially, documents their reversibility after the fact: Employing two ecologically valid strategies, we show that rich but false autobiographical memories can mostly be undone. Importantly, reversal was specific to false memories (i.e., did not occur for true memories).",success,both reversal techniques reduced false memories without affecting the quality of true memories.,10.1073/pnas.2026447118,10.1002/acp.70124
Comparing the Effectiveness of Restricted-Operant and Free-Operant Teaching Arrangements on Measures of Acquisition and Fluency Outcomes,A systematic replication investigating the efficiency and effectiveness of restricted‐ and free‐operant programming,"Bulla, A., Wertalik, J., & Yakabovits, L. (2024). Comparing the Effectiveness of Restricted-Operant and Free-Operant Teaching Arrangements on Measures of Acquisition and Fluency Outcomes. Single Case in the Social Sciences, 1(1), 15–35. https://doi.org/10.15763/issn.1936-9298.2024.1.1.15-35","Bulla, A. J., Bradley, A. S., Wertalik, J. L., & Sullivan, A. (2026). A systematic replication investigating the efficiency and effectiveness of restricted‐ and free‐operant programming. Journal of Applied Behavior Analysis, 59(1). Portico. https://doi.org/10.1002/jaba.70048",Single Case in the Social Sciences,0.68,NA,"Discrete-trial teaching (DTT), a restricted-operant teaching arrangement, and frequency-building instruction (FBI), a free-operant teaching arrangement, represent two instructional strategies derived from operant conditioning. Researchers and practicing behavior analysts have used both to establish and firm up novel stimulus-behavior relations. Despite the effectiveness of both procedures, few studies have compared the two techniques and assessed the effects on the emergence of fluent responding. The current study extends the research to typically developing college students to directly compare DTT and FBI. We taught participants the numerals 0-10 in unknown foreign languages (i.e., Mandarin, Arabic, and Hindi) using both procedures. Under both conditions, we held constant the number of practice trials and frequency of reinforcement. Results found quicker acquisition under restricted-operant conditions for all participants, though none of the participants met the desired frequency aim prior to the end of the study. We discuss the results of the study in the context of planning for learning across three stages of learning.",success,Results suggest that participants acquired novel discriminations more quickly under restricted‐operant arrangements.,10.15763/issn.1936-9298.2024.1.1.15-35,10.1002/jaba.70048
A RANDOMIZED TRIAL OF MOTIVATIONAL INTERVIEWING TO IMPROVE MIDDLE SCHOOL STUDENTS’ ACADEMIC PERFORMANCE,MOTIVATIONAL INTERVIEWING TO IMPROVE MIDDLE SCHOOL STUDENTS’ ACADEMIC PERFORMANCE: A REPLICATION STUDY,"Strait, G. G., Smith, B. H., McQuillin, S., Terry, J., Swan, S., & Malone, P. S. (2012). A RANDOMIZED TRIAL OF MOTIVATIONAL INTERVIEWING TO IMPROVE MIDDLE SCHOOL STUDENTS’ ACADEMIC PERFORMANCE. Journal of Community Psychology, 40(8), 1032–1039. Portico. https://doi.org/10.1002/jcop.21511","Terry, J., Smith, B., Strait, G., & McQuillin, S. (2013). MOTIVATIONAL INTERVIEWING TO IMPROVE MIDDLE SCHOOL STUDENTS’ ACADEMIC PERFORMANCE: A REPLICATION STUDY. Journal of Community Psychology, 41(7), 902–909. Portico. https://doi.org/10.1002/jcop.21574",Journal of Community Psychology,1.3,NA,"Motivational interviewing (MI) is an effective method of promoting change in adults, but research on adolescents is limited. This study tests the efficacy of MI for promoting academic achievement in middle school students. Participants were 103 6th‐, 7th, and 8th‐grade students randomly assigned to either a MI (n = 50) or a waitlist control condition (n = 53). Students in the MI condition participated in a single MI session during the 7 th or 8 th week of the second semester. In comparison to the control group, students who received MI demonstrated significant improvements in their class participation, overall positive academic behavior, and significantly higher 4 th quarter math grades. Thus, consistent with other studies finding single session effects of MI, a single MI session can have beneficial effects on academic behaviors. Pending further study and replication of these findings, MI could become an efficient and effective new counseling approach for improving academic performance.",success,"As with the original MI study, there was a positive main effect on math grades. Effect sizes on academic behavioral outcomes were also similar.",10.1002/jcop.21511,10.1002/jcop.21574
"Age-Related Differences in Maximal and Rapid Torque Characteristics of the Hip Extensors and Dynamic Postural Balance in Healthy, Young and Old Females",Estimating the Replicability of Sports and Exercise Science Research,"Palmer, T. B., Thiele, R. M., & Thompson, B. J. (2017). Age-Related Differences in Maximal and Rapid Torque Characteristics of the Hip Extensors and Dynamic Postural Balance in Healthy, Young and Old Females. Journal of Strength and Conditioning Research, 31(2), 480–488. https://doi.org/10.1519/jsc.0000000000001503","Murphy, J., Caldwell, A. R., Mesquida, C., Ladell, A. J. M., Encarnación-Martínez, A., Tual, A., Denys, A., Cameron, B., Van Hooren, B., Parr, B., DeLucia, B., Mason, B. R. J., Clark, B., Egan, B., Brown, C., Ade, C., Sforza, C., Taber, C. B., Kirk, C., … Warne, J. P. (2025). Estimating the Replicability of Sports and Exercise Science Research. Sports Medicine, 55(10), 2659–2679. https://doi.org/10.1007/s40279-025-02201-w",Journal of Strength and Conditioning Research,1.86,NA,"Palmer, TB, Thiele, RM, and Thompson, BJ. Age-related differences in maximal and rapid torque characteristics of the hip extensors and dynamic postural balance in healthy, young and old females. J Strength Cond Res 31(2): 480–488, 2017—The purpose of this study was to examine age-related differences in maximal and rapid torque characteristics of the hip extensor muscles and dynamic postural balance in healthy, young and older females. Eleven younger (age, 26 ± 8 years) and 11 older (age, 67 ± 8 years) females performed 2 isometric maximal voluntary contractions (MVCs) of the hip extensor muscles. Absolute and relative peak torque (PT) and rate of torque development (RTD) at early (0–50 ms) and late (0–200 ms) phases of muscle contraction were examined during each MVC. Dynamic postural balance was assessed using a commercially designed balance testing device, which provides a measurement of dynamic stability based on the overall stability index (OSI). Results indicated that absolute PT and early (RTD50) and late (RTD200) RTD variables were lower ( p = 0.009–0.050), and postural OSI was higher ( p = 0.011) in the old compared with the younger females; however, no differences were observed for relative PT or RTD variables ( p = 0.113–0.895). A significant relationship was also observed in the older ( r = −0.601; p = 0.050) but not the younger ( r = −0.132; p = 0.698) females between RTD50 and OSI. The lower absolute PT and RTD and higher OSI values for the old females may contribute to the increased functional limitations often observed in older adults. The significant relationship observed in the older females between OSI and RTD50 perhaps suggests that these age-related declines in explosive strength may be an important characteristic relevant to dynamic balance scores, especially in older populations.",failure,"Replication non-significant or opposite direction, effect sizes incompatible (z=2.16, p=0.02)",10.1519/jsc.0000000000001503,10.1007/s40279-025-02201-w
Does the Local Candidate Matter? Candidate Effects in the Canadian Election of 2000,Reassessing Local Candidate Effects,"Blais, A., Gidengil, E., Dobrzynska, A., Nevitte, N., & Adeau, R. (2003). Does the Local Candidate Matter? Candidate Effects in the Canadian Election of 2000. Canadian Journal of Political Science, 36(3), 657–664. https://doi.org/10.1017/s0008423903778810","Sevi, S., Mendoza Aviña, M., & Blais, A. (2022). Reassessing Local Candidate Effects. Canadian Journal of Political Science, 55(2), 480–485. https://doi.org/10.1017/s000842392200004x",Canadian Journal of Political Science,0.53,2000,"This article ascertains the impact of local candidates on vote choice in the 2000 Canadian election. The authors show that 44 per cent of Canadian voters formed a preference for a local candidate and that this preference had an effect on vote choice independent of how people felt about the parties and the leaders. The findings suggest that the local candidate was a decisive consideration for 5 per cent of Canadian voters, 6 per cent outside Quebec and 2 per cent in Quebec. Although preference for a local candidate had a similar effect on urban and rural voters, as well as on voters of varying degrees of sophistication, the findings revealed that rural voters and more sophisticated voters were more likely to have formed a preference for their local candidate. As a consequence, the local candidate was more likely to be a decisive consideration for more sophisticated rural voters.",success,Local candidates are a decisive consideration for about 5 to 8 per cent of voters outside Quebec and for about 2 to 5 per cent of voters in Quebec.,10.1017/s0008423903778810,10.1017/s000842392200004x
Language Matters: The Study of Canadian Politics through an Exploration of Syllabi and Comprehensive Exams,Replicating “Language Matters”: Taking Baselines into Account,"Daoust, J.-F., Gagnon, A.-G., & Galipeau, T. (2022). Language Matters: The Study of Canadian Politics through an Exploration of Syllabi and Comprehensive Exams. Canadian Journal of Political Science, 55(4), 897–915. https://doi.org/10.1017/s0008423922000749","Ouellet, C., Brie, E., & Montigny, É. (2024). Replicating “Language Matters”: Taking Baselines into Account. Canadian Journal of Political Science, 57(3), 521–531. https://doi.org/10.1017/s0008423924000234",Canadian Journal of Political Science,0.53,NA,"The representation of Canada's two main linguistic groups in the teaching of Canadian politics is crucial, but we know little about it. In this article, we analyze the systemic underrepresentation of francophone authors in Canadian political science by examining the research that students are exposed to. Based on data from 351 syllabi across 42 Canadian universities, as well as data from the reading list of the doctoral qualifying field exams in Canadian politics, our findings show that francophone authors are systemically underrepresented (when not totally absent). About 38 per cent of Canadian politics courses include no francophone authors in their reading lists. Our findings suggest that Canadian politics is not an inclusive and comprehensive field. This result entails important implications not only for current professors and students but also for the profession more generally, given that the students who will make up tomorrow's faculties in Canadian universities are shaped by these biases.",success,"Our findings extend Daoust et al.'s (2022) contribution by highlighting a similar language-based bias in overall citation practices among Canadian scholars,",10.1017/s0008423922000749,10.1017/s0008423924000234
Experiencing Physical Warmth Promotes Interpersonal Warmth,Replication of “Experiencing Physical Warmth Promotes Interpersonal Warmth” by,"Williams, L. E., & Bargh, J. A. (2008). Experiencing Physical Warmth Promotes Interpersonal Warmth. Science, 322(5901), 606–607. https://doi.org/10.1126/science.1162548","Lynott, D., Corker, K. S., Wortman, J., Connell, L., Donnellan, M. B., Lucas, R. E., & O’Brien, K. (2014). Replication of “Experiencing Physical Warmth Promotes Interpersonal Warmth” by. Social Psychology, 45(3), 216–222. https://doi.org/10.1027/1864-9335/a000187",Science,16.49,NA,"“Warmth” is the most powerful personality trait in social judgment, and attachment theorists have stressed the importance of warm physical contact with caregivers during infancy for healthy relationships in adulthood. Intriguingly, recent research in humans points to the involvement of the insula in the processing of both physical temperature and interpersonal warmth (trust) information. Accordingly, we hypothesized that experiences of physical warmth (or coldness) would increase feelings of interpersonal warmth (or coldness), without the person's awareness of this influence. In study 1, participants who briefly held a cup of hot (versus iced) coffee judged a target person as having a “warmer” personality (generous, caring); in study 2, participants holding a hot (versus cold) therapeutic pad were more likely to choose a gift for a friend instead of for themselves.",failure,We did not replicate the effect in any individual laboratory or when considering the results of the three replications together (total N = 861).,10.1126/science.1162548,10.1027/1864-9335/a000187
Sinning Saints and Saintly Sinners,Three Attempts to Replicate the Moral Licensing Effect,"Sachdeva, S., Iliev, R., & Medin, D. L. (2009). Sinning Saints and Saintly Sinners. Psychological Science, 20(4), 523–528. https://doi.org/10.1111/j.1467-9280.2009.02326.x","Blanken, I., van de Ven, N., Zeelenberg, M., & Meijers, M. H. C. (2014). Three Attempts to Replicate the Moral Licensing Effect. Social Psychology, 45(3), 232–238. https://doi.org/10.1027/1864-9335/a000189",Psychological Science,4.49,NA,"The question of why people are motivated to act altruistically has been an important one for centuries, and across various disciplines. Drawing on previous research on moral regulation, we propose a framework suggesting that moral (or immoral) behavior can result from an internal balancing of moral self-worth and the cost inherent in altruistic behavior. In Experiment 1 , participants were asked to write a self-relevant story containing words referring to either positive or negative traits. Participants who wrote a story referring to the positive traits donated one fifth as much as those who wrote a story referring to the negative traits. In Experiment 2 , we showed that this effect was due specifically to a change in the self-concept. In Experiment 3 , we replicated these findings and extended them to cooperative behavior in environmental decision making. We suggest that affirming a moral identity leads people to feel licensed to act immorally. However, when moral identity is threatened, moral behavior is a means to regain some lost self-worth.",failure,"The third replication attempt (MTurk sample, 95% power based on a meta-analysis on self-licensing, N = 940) also did not confirm the moral licensing effect.",10.1111/j.1467-9280.2009.02326.x,10.1027/1864-9335/a000189
Reducing the Racial Achievement Gap: A Social-Psychological Intervention,New evidence on self-affirmation effects and theorized sources of heterogeneity from large-scale replications.,"Cohen, G. L., Garcia, J., Apfel, N., & Master, A. (2006). Reducing the Racial Achievement Gap: A Social-Psychological Intervention. Science, 313(5791), 1307–1310. https://doi.org/10.1126/science.1128317","Hanselman, P., Rozek, C. S., Grigg, J., & Borman, G. D. (2017). New evidence on self-affirmation effects and theorized sources of heterogeneity from large-scale replications. Journal of Educational Psychology, 109(3), 405–424. https://doi.org/10.1037/edu0000141",Science,16.49,NA,"Two randomized field experiments tested a social-psychological intervention designed to improve minority student performance and increase our understanding of how psychological threat mediates performance in chronically evaluative real-world environments. We expected that the risk of confirming a negative stereotype aimed at one's group could undermine academic performance in minority students by elevating their level of psychological threat. We tested whether such psychological threat could be lessened by having students reaffirm their sense of personal adequacy or “self-integrity.” The intervention, a brief in-class writing assignment, significantly improved the grades of African American students and reduced the racial achievement gap by 40%. These results suggest that the racial achievement gap, a major social concern in the United States, could be ameliorated by the use of timely and targeted social-psychological interventions.",failure,We found no evidence of effects in this replication study and estimates were precise enough to reject benefits larger than an effect size of 0.10.,10.1126/science.1128317,10.1037/edu0000141
Promoting Interest and Performance in High School Science Classes,Making connections: Replicating and extending the utility value intervention in the classroom.,"Hulleman, C. S., & Harackiewicz, J. M. (2009). Promoting Interest and Performance in High School Science Classes. Science, 326(5958), 1410–1412. https://doi.org/10.1126/science.1177067","Hulleman, C. S., Kosovich, J. J., Barron, K. E., & Daniel, D. B. (2017). Making connections: Replicating and extending the utility value intervention in the classroom. Journal of Educational Psychology, 109(3), 387–404. https://doi.org/10.1037/edu0000146",Science,16.49,NA,"For the Love of Science Which is a better predictor of a student's continued participation in science, facile understanding or personal interest? Hulleman and Harackiewicz (p. 1410 ) designed an experiment to find out what drives high-school students. First-year high-school students were asked either to write about what they had just learned or about how what they had just learned connected to some facet of their personal lives. Connections of personal relevance were stronger than good grades for predicting interest in further science courses and future science careers. This low-cost intervention seemed to have its largest effect on students who began the class with the least amount of confidence in their abilities.",success,increased both interest and performance of low-performing students in a college general education course.,10.1126/science.1177067,10.1037/edu0000146
"Agency‐Communion and Self‐Esteem Relations Are Moderated by Culture, Religiosity, Age, and Sex: Evidence for the “Self‐Centrality Breeds Self‐Enhancement” Principle",The religiosity as social value hypothesis: A multi-method replication and extension across 65 countries and three levels of spatial aggregation.,"Gebauer, J. E., Wagner, J., Sedikides, C., & Neberich, W. (2013). Agency‐Communion and Self‐Esteem Relations Are Moderated by Culture, Religiosity, Age, and Sex: Evidence for the “Self‐Centrality Breeds Self‐Enhancement” Principle. Journal of Personality, 81(3), 261–275. Portico. https://doi.org/10.1111/j.1467-6494.2012.00807.x","Gebauer, J. E., Sedikides, C., Schönbrodt, F. D., Bleidorn, W., Rentfrow, P. J., Potter, J., & Gosling, S. D. (2017). The religiosity as social value hypothesis: A multi-method replication and extension across 65 countries and three levels of spatial aggregation. Journal of Personality and Social Psychology, 113(3), e18–e39. https://doi.org/10.1037/pspp0000104",Journal of Personality,2.23,NA,"Objective Who has high self‐esteem? Is it ambitious, competitive, outgoing people—agentic personalities? Or is it caring, honest, understanding people—communal personalities? The literature on agency‐communion and self‐esteem is sparse, indirect, and inconsistent. Based on William James's theorizing, we propose the “self‐centrality breeds self‐enhancement” principle. Accordingly, agency will be linked to self‐esteem, if agency is self‐central. Conversely, communion will be linked to self‐esteem, if communion is self‐central. But what determines the self‐centrality of agency and communion? The literature suggests that agency is self‐central in agentic cultures, as well as among nonreligious individuals, men, and younger adults. Communion is self‐central in communal cultures, as well as among religious individuals, women, and older adults. Method This study examined 187,957 people (47% female; mean age = 37.49 years, SD = 12.22) from 11 cultures. The large sample size afforded us the opportunity to test simultaneously the effect of all four moderators in a single two‐level model (participants nested in cultures). Results Results supported the unique moderating effect of culture, religiosity, age, and sex on the relation between agency‐communion and self‐esteem. Conclusions Agentic and communal people can both have high self‐esteem, depending on self‐centrality of agency and communion.",success,Our results fully and firmly replicated and extended prior evidence for cross-cultural differences in religious adjustment benefits.,10.1111/j.1467-6494.2012.00807.x,10.1037/pspp0000104
God Is Watching You,The effects of implicit religious primes on dictator game allocations: A preregistered replication experiment.,"Shariff, A. F., & Norenzayan, A. (2007). God Is Watching You. Psychological Science, 18(9), 803–809. https://doi.org/10.1111/j.1467-9280.2007.01983.x","Gomes, C. M., & McCullough, M. E. (2015). The effects of implicit religious primes on dictator game allocations: A preregistered replication experiment. Journal of Experimental Psychology: General, 144(6), e94–e104. https://doi.org/10.1037/xge0000027",Psychological Science,4.49,NA,"We present two studies aimed at resolving experimentally whether religion increases prosocial behavior in the anonymous dictator game. Subjects allocated more money to anonymous strangers when God concepts were implicitly activated than when neutral or no concepts were activated. This effect was at least as large as that obtained when concepts associated with secular moral institutions were primed. A trait measure of self-reported religiosity did not seem to be associated with prosocial behavior. We discuss different possible mechanisms that may underlie this effect, focusing on the hypotheses that the religious prime had an ideomotor effect on generosity or that it activated a felt presence of supernatural watchers. We then discuss implications for theories positing religion as a facilitator of the emergence of early large-scale societies of cooperators.",failure,We did not find a statistically significant effect for religious priming.,10.1111/j.1467-9280.2007.01983.x,10.1037/xge0000027
Social Vulnerability to Environmental Hazards<sup>*</sup>,Replicating and Adapting an Index of Social Vulnerability to a New Context: A Comparison Study for Norway,"Cutter, S. L., Boruff, B. J., & Shirley, W. L. (2003). Social Vulnerability to Environmental Hazards*. Social Science Quarterly, 84(2), 242–261. Portico. https://doi.org/10.1111/1540-6237.8402002","Holand, I. S., & Lujala, P. (2013). Replicating and Adapting an Index of Social Vulnerability to a New Context: A Comparison Study for Norway. The Professional Geographer, 65(2), 312–328. https://doi.org/10.1080/00330124.2012.681509",Social Science Quarterly,1.21,NA,"Objective. County‐level socioeconomic and demographic data were used to construct an index of social vulnerability to environmental hazards, called the Social Vulnerability Index (SoVI) for the United States based on 1990 data. Methods. Using a factor analytic approach, 42 variables were reduced to 11 independent factors that accounted for about 76 percent of the variance. These factors were placed in an additive model to compute a summary score—the Social Vulnerability Index. Results. There are some distinct spatial patterns in the SoVI, with the most vulnerable counties clustered in metropolitan counties in the east, south Texas, and the Mississippi Delta region. Conclusion. Those factors that contribute to the overall score often are different for each county, underscoring the interactive nature of social vulnerability—some components increase vulnerability; others moderate the effects.",failure,Our results indicate only a moderate correlation between the replicated and adapted vulnerability indexes and for several municipalities the difference between the indexes is considerable.,10.1111/1540-6237.8402002,10.1080/00330124.2012.681509
Reading Literary Fiction Improves Theory of Mind,Does a single session of reading literary fiction prime enhanced mentalising performance? Four replication experiments of Kidd and Castano (2013),"Kidd, D. C., & Castano, E. (2013). Reading Literary Fiction Improves Theory of Mind. Science, 342(6156), 377–380. https://doi.org/10.1126/science.1239918","Samur, D., Tops, M., & Koole, S. L. (2017). Does a single session of reading literary fiction prime enhanced mentalising performance? Four replication experiments of Kidd and Castano (2013). Cognition and Emotion, 32(1), 130–144. https://doi.org/10.1080/02699931.2017.1279591",Science,16.49,NA,"A Good Read Theory of Mind is the human capacity to comprehend that other people hold beliefs and desires and that these may differ from one's own beliefs and desires. The currently predominant view is that literary fiction—often described as narratives that focus on in-depth portrayals of subjects' inner feelings and thoughts—can be linked to theory of mind processes, especially those that are involved in the understanding or simulation of the affective characteristics of the subjects. Kidd and Castano (p. 377 , published online 3 October) provide experimental evidence that reading passages of literary fiction, in comparison to nonfiction or popular fiction, does indeed enhance the reader's performance on theory of mind tasks.",failure,In none of the experiments did reading literary fiction have any effect on mentalising relative to control conditions.,10.1126/science.1239918,10.1080/02699931.2017.1279591
Experimental Philosophy,On gender and philosophical intuition: Failure of replication and other negative results,"Knobe, J. (2012). Experimental Philosophy. In E. Margolis, R. Samuels, & S. P. Stich (Eds.), Oxford Handbooks Online. Oxford University Press. https://doi.org/10.1093/oxfordhb/9780195309799.013.0022","Seyedsayamdost, H. (2014). On gender and philosophical intuition: Failure of replication and other negative results. Philosophical Psychology, 28(5), 642–673. https://doi.org/10.1080/09515089.2014.893288",Oxford Handbooks Online,NA,NA,"The aim of the article is to review existing work in experimental philosophy. The experimental philosophy seeks to examine the phenomena that have been traditionally associated with philosophy using the methods that have more recently been developed within cognitive science. Conceptual analysis frequently relies on appeals to intuition, but it is rarely made clear precisely whose intuitions are being discussed. The emphasis in cross-cultural work in experimental philosophy has been shifting toward the study of moral judgments, with papers exploring cross-cultural differences in intuitions about consequentialism and moral responsibility. Philosophers have been working on the relationship between moral responsibility and determinism. One of the key points of contention is whether moral responsibility and determinism are compatible or incompatible. Philosophers working within the framework of the analytic project have long engaged in the study of people's intuitions, but their real interest has not typically been in human beings and the way they think. They work to understand the true nature of the properties and relations that people's concepts pick out. Some philosophers believe that the most important and fundamental issues are somehow getting overlooked as researchers turn more and more to empirically informed work in cognitive science.",failure,We failed to replicate the results using several different sources for data collection (one being identical to the original procedures).,10.1093/oxfordhb/9780195309799.013.0022,10.1080/09515089.2014.893288
"At 6–9 months, human infants know the meanings of many common nouns",Early Word Comprehension in Infants: Replication and Extension,"Bergelson, E., & Swingley, D. (2012). At 6–9 months, human infants know the meanings of many common nouns. Proceedings of the National Academy of Sciences, 109(9), 3253–3258. https://doi.org/10.1073/pnas.1113380109","Bergelson, E., & Swingley, D. (2014). Early Word Comprehension in Infants: Replication and Extension. Language Learning and Development, 11(4), 369–380. https://doi.org/10.1080/15475441.2014.979387",Proceedings of the National Academy of Sciences,6.95,6,"It is widely accepted that infants begin learning their native language not by learning words, but by discovering features of the speech signal: consonants, vowels, and combinations of these sounds. Learning to understand words, as opposed to just perceiving their sounds, is said to come later, between 9 and 15 mo of age, when infants develop a capacity for interpreting others’ goals and intentions. Here, we demonstrate that this consensus about the developmental sequence of human language learning is flawed: in fact, infants already know the meanings of several common words from the age of 6 mo onward. We presented 6- to 9-mo-old infants with sets of pictures to view while their parent named a picture in each set. Over this entire age range, infants directed their gaze to the named pictures, indicating their understanding of spoken words. Because the words were not trained in the laboratory, the results show that even young infants learn ordinary words through daily experience with language. This surprising accomplishment indicates that, contrary to prevailing beliefs, either infants can already grasp the referential intentions of adults at 6 mo or infants can learn words before this ability emerges. The precocious discovery of word meanings suggests a perspective in which learning vocabulary and learning the sound structure of spoken language go hand in hand as language acquisition begins.",success,We demonstrate anew that infants understand common words by 6-9 months,10.1073/pnas.1113380109,10.1080/15475441.2014.979387
Action Anticipation Through Attribution of False Belief by 2-Year-Olds,"A two-lab direct replication attempt of Southgate, Senju and Csibra (2007)","Southgate, V., Senju, A., & Csibra, G. (2007). Action Anticipation Through Attribution of False Belief by 2-Year-Olds. Psychological Science, 18(7), 587–592. https://doi.org/10.1111/j.1467-9280.2007.01944.x","Kampis, D., Kármán, P., Csibra, G., Southgate, V., & Hernik, M. (2021). A two-lab direct replication attempt of Southgate, Senju and Csibra (2007). Royal Society Open Science, 8(8), 210190. https://doi.org/10.1098/rsos.210190",Psychological Science,4.49,2,"Two-year-olds engage in many behaviors that ostensibly require the attribution of mental states to other individuals. Yet the overwhelming consensus has been that children of this age are unable to attribute false beliefs. In the current study, we used an eyetracker to record infants' looking behavior while they watched actions on a computer monitor. Our data demonstrate that 25-month-old infants correctly anticipate an actor's actions when these actions can be predicted only by attributing a false belief to the actor.",failure,We found no evidence for action anticipation: only roughly half of the infants looked to the location of an agent's impending action when action prediction did not require taking into account the agent's beliefs,10.1111/j.1467-9280.2007.01944.x,10.1098/rsos.210190
How Guilt and Pride Shape Subsequent Self-Control,Investigating the Relationship Between Guilt and Self‐control Using Experience Sampling Method in Japan: Replication of Hofmann &amp; Fisher (2012) and Additional Investigations,"Hofmann, W., & Fisher, R. R. (2012). How Guilt and Pride Shape Subsequent Self-Control. Social Psychological and Personality Science, 3(6), 682–690. https://doi.org/10.1177/1948550611435136","Furukawa, Y. (2025). Investigating the Relationship Between Guilt and Self‐control Using Experience Sampling Method in Japan: Replication of Hofmann &amp; Fisher (2012) and Additional Investigations. Japanese Psychological Research, 68(1), 71–91. Portico. https://doi.org/10.1111/jpr.70014",Social Psychological and Personality Science,2.61,NA,"The present research utilized experience sampling data to investigate how guilt and pride experiences in response to self-control failure versus success affect future self-control when encountering the same type of temptation (thematic self-control). Guilt showed signs of a “mixed blessing” such that previous guilt led to an increase in subsequent self-regulatory goal importance and conflict awareness; however, accounting for these beneficial effects, guilt also had a detrimental residual effect on the successful inhibition of recurring temptation. Pride, in contrast, had uniformly positive effects on subsequent self-control in the form of increased goal importance, increased conflict, and increased likelihood to use self-control to resist temptation. These results contrasted in theoretically important ways from an analysis of short-term spillover effects of incidental guilt and pride on thematically unrelated subsequent self-control. Potential mechanisms and implications of these findings are discussed.",success,"In addition to replicating Hofmann and Fisher's results (2012), we also examined whether cultural factors moderated the effects of self‐conscious emotions on subsequent self‐control,",10.1177/1948550611435136,10.1111/jpr.70014
"Motivation, Vision, and Gender: A Survey of Learners of English in China","Reexamining the Role of Vision in Second Language Motivation: A Preregistered Conceptual Replication of You, Dörnyei, and Csizér (2016)","You, C. (Julia), Dörnyei, Z., & Csizér, K. (2015). Motivation, Vision, and Gender: A Survey of Learners of English in China. Language Learning, 66(1), 94–123. Portico. https://doi.org/10.1111/lang.12140","Hiver, P., & Al‐Hoorie, A. H. (2019). Reexamining the Role of Vision in Second Language Motivation: A Preregistered Conceptual Replication of You, Dörnyei, and Csizér (2016). Language Learning, 70(1), 48–102. Portico. https://doi.org/10.1111/lang.12371",Language Learning,3.16,NA,"This study reports on the second phase of a large‐scale stratified survey in China, examining the role of vision and imagery in the learners’ motivation to learn English as a foreign language. Understanding visualization has been a featured area of recent developments in second language (L2) motivation theory, and this study is the first to offer a broad overview of the extent to which the capacity of vision contributes to the overall motivational setup of a whole language learning community. Besides surveying several imagery‐related variables in an extensive sample of Chinese secondary school and university students ( N &gt; 10,000) by comparing male and female Chinese L2 learners’ (often different) motivational dispositions with and without any prior visualization experience, the study also explores the visionary trajectories of learners who reported positive and negative changes in their imagery capacity over time, thereby examining the impact of the change in vision on motivational development. Open Practices This article has been awarded an Open Materials badge. All materials are publicly accessible in the IRIS digital repository at http://www.iris‐database.org . Learn more about the Open Practices badges from the Center for Open Science: https://osf.io/tvyxz/wiki",failure,found support for an alternative model where the Intended Effort scale showed a better fit as a predictor of motivation than as an outcome variable.,10.1111/lang.12140,10.1111/lang.12371
The Effects of the Timing of Corrective Feedback on the Acquisition of a New Linguistic Structure,"What Is the Ideal Time to Provide Corrective Feedback? An Approximate Replication of Li, Zhu, and Ellis (2016)","LI, S., ZHU, Y., & ELLIS, R. (2016). The Effects of the Timing of Corrective Feedback on the Acquisition of a New Linguistic Structure. The Modern Language Journal, 100(1), 276–295. Portico. https://doi.org/10.1111/modl.12315","Li, S., Li, J., & Qian, J. (2025). What Is the Ideal Time to Provide Corrective Feedback? An Approximate Replication of Li, Zhu, and Ellis (2016). Language Learning. Portico. https://doi.org/10.1111/lang.70019",The Modern Language Journal,0.04,NA,"The article reports on a study investigating the comparative effects of immediate and delayed corrective feedback in learning the English past passive construction, a linguistic structure of which the learners had little prior knowledge. A total of 120 learners of English as a foreign language (EFL) from 4 intact classes at a Chinese middle school were randomly assigned to conditions: immediate feedback, delayed feedback, task‐only, and control. The 3 experimental groups attended a 2‐hour treatment session where they performed 2 dictogloss (narrative) tasks in groups, each followed by a reporting phase in which they took turns telling the narrative to the class. The 2 feedback groups received either immediate or delayed corrective feedback in the form of a prompt, followed by recasts of utterances containing errors in their use of the target structure. No effect for the corrective feedback was found on elicited imitation test scores, but both the immediate and delayed feedback resulted in gains in grammaticality judgment test scores, with immediate feedback showing some advantage over delayed feedback. We interpret these results as showing that the feedback only aided the development of declarative/explicit knowledge and that the advantage found for immediate feedback was due to the learners using the feedback progressively in the production of new past passive sentences, whereas this did not occur in the delayed feedback condition.",success,Results showed an advantage for interim over delayed feedback for explicit knowledge on the immediate posttest,10.1111/modl.12315,10.1111/lang.70019
"Representative Bureaucracy: A Lever to Enhance Social Equity, Coproduction, and Democracy",A replication of “Representative bureaucracy and the willingness to coproduce”,"Riccucci, N. M., & Van Ryzin, G. G. (2016). Representative Bureaucracy: A Lever to Enhance Social Equity, Coproduction, and Democracy. Public Administration Review, 77(1), 21–30. Portico. https://doi.org/10.1111/puar.12649","Sievert, M. (2021). A replication of “Representative bureaucracy and the willingness to coproduce.” Public Administration, 99(3), 616–632. Portico. https://doi.org/10.1111/padm.12743",Public Administration Review,2.64,NA,"Scholars and practitioners have long questioned whether the race, ethnicity, and gender of public bureaucrats matter to the efficacy and legitimacy of public services. Representative bureaucracy theory and research provide a growing body of empirical evidence that it does. This article examines some of the rich scholarly work that has been generated on representative bureaucracy and its implications for practice. A significant aspect of recent research focuses on the notion of symbolic representation, whereby the mere existence of a passively represented bureaucracy can itself improve outcomes by influencing the attitudes and behaviors of clients, regardless of bureaucratic actions or results. This article is intended to help both students and public managers understand the importance of representativeness in public organizations for a broad spectrum of practices and goals, from the coproduction of services to democratic rule .",failure,The results do not confirm a positive effect of symbolic gender representation on willingness to co‐produce.,10.1111/puar.12649,10.1111/padm.12743
The Effects of Making Public Service Employees Aware of Their Prosocial and Societal Impact: A Microintervention study,A replication of “the effects of making public service employees aware of their prosocial and societal impact”,"Vogel, D., & Willems, J. (2022). The Effects of Making Public Service Employees Aware of Their Prosocial and Societal Impact: A Microintervention study. https://doi.org/10.31235/osf.io/xatcn","Hansen, P. (2022). A replication of “the effects of making public service employees aware of their prosocial and societal impact.” Public Administration, 101(1), 352–365. Portico. https://doi.org/10.1111/padm.12913",NA,NA,NA,"Over the past decade, practitioners and scholars have intensified the discussions around people’s expectations from their jobs and how public and private organizations can succeed in the war for talent. In this context, it has become obvious that people not only seek high salaries and career opportunities but also meaningfulness in their daily tasks. Although many public service jobs offer opportunities to help others (prosocial impact) or contribute to society (societal impact), employees tend to become accustomed to these positive aspects or forget about them. This article tests whether a microintervention that emphasizes employees’ prosocial or societal impact can positively affect their well-being, intention to stay in the job, and willingness to recommend their respective jobs to others. The combined results of three preregistered experiments reveal that microinterventions can indeed have these effects, particularly if they focus on creating awareness about the jobs’ societal impact.",failure,Our findings suggest that the effect sizes of recall tasks are likely relatively smaller when deployed “in the wild.”,10.31235/osf.io/xatcn,10.1111/padm.12913
Interpreting Performance Information: Motivated Reasoning or Unbiased Comprehension,Interpreting performance information: Motivated reasoning or unbiased comprehension? A replication and extension,"Baekgaard, M., & Serritzlew, S. (2015). Interpreting Performance Information: Motivated Reasoning or Unbiased Comprehension. Public Administration Review, 76(1), 73–82. Portico. https://doi.org/10.1111/puar.12406","Brogaard, L., Madsen, J. K., & Petersen, O. H. (2023). Interpreting performance information: Motivated reasoning or unbiased comprehension? A replication and extension. Public Administration, 102(1), 318–340. Portico. https://doi.org/10.1111/padm.12970",Public Administration Review,2.64,NA,"A main rationale of performance information is to empower citizens to make informed decisions by presenting them with unambiguous information about the performance of institutions. However, even objective, clear, and unambiguous performance information is subject to biased interpretation depending on whether the information is consistent with the prior beliefs held by those who receive the information. Integrating the theory of motivated reasoning with the literature on performance information, the authors hypothesize that performance information that is inconsistent with prior beliefs is less likely to be interpreted correctly than belief‐consistent information. Using randomized survey experiments in which respondents were presented with quantitative performance data, the authors show that subjects systematically interpret performance information in ways that conform with their prior beliefs. The findings question the assumption that providing performance information automatically increases knowledge about government performance, let alone improves political decisions.",success,"we find that citizens' sector preference does indeed impact their interpretation of performance information, corresponding to the original study.",10.1111/puar.12406,10.1111/padm.12970
The steroid metabolome in women with premenstrual dysphoric disorder during GnRH agonist-induced ovarian suppression: effects of estradiol and progesterone addback,Differential Effects of Ovarian Steroids in Women With and Without Premenstrual Dysphoric Disorder: A Replication and Extension of Findings,"Nguyen, T. V., Reuter, J. M., Gaikwad, N. W., Rotroff, D. M., Kucera, H. R., Motsinger-Reif, A., Smith, C. P., Nieman, L. K., Rubinow, D. R., Kaddurah-Daouk, R., & Schmidt, P. J. (2017). The steroid metabolome in women with premenstrual dysphoric disorder during GnRH agonist-induced ovarian suppression: effects of estradiol and progesterone addback. Translational Psychiatry, 7(8), e1193–e1193. https://doi.org/10.1038/tp.2017.146","Wei, S.-M., Wakim, P., Martinez, P. E., Nieman, L. K., Rubinow, D. R., & Schmidt, P. J. (2025). Differential Effects of Ovarian Steroids in Women With and Without Premenstrual Dysphoric Disorder: A Replication and Extension of Findings. American Journal of Psychiatry, 182(10), 922–934. https://doi.org/10.1176/appi.ajp.20240596",Translational Psychiatry,5.48,NA,"Clinical evidence suggests that symptoms in premenstrual dysphoric disorder (PMDD) reflect abnormal responsivity to ovarian steroids. This differential steroid sensitivity could be underpinned by abnormal processing of the steroid signal. We used a pharmacometabolomics approach in women with prospectively confirmed PMDD ( n =15) and controls without menstrual cycle-related affective symptoms ( n =15). All were medication-free with normal menstrual cycle lengths. Notably, women with PMDD were required to show hormone sensitivity in an ovarian suppression protocol. Ovarian suppression was induced for 6 months with gonadotropin-releasing hormone (GnRH)-agonist (Lupron); after 3 months all were randomized to 4 weeks of estradiol (E2) or progesterone (P4). After a 2-week washout, a crossover was performed. Liquid chromatography/tandem mass spectrometry measured 49 steroid metabolites in serum. Values were excluded if &gt;40% were below the limit of detectability ( n =21). Analyses were performed with Wilcoxon rank-sum tests using false-discovery rate ( q &lt;0.2) for multiple comparisons. PMDD and controls had similar basal levels of metabolites during Lupron and P4-derived neurosteroids during Lupron or E2/P4 conditions. Both groups had significant increases in several steroid metabolites compared with the Lupron alone condition after treatment with E2 (that is, estrone-SO 4 ( q =0.039 and q =0.002, respectively) and estradiol-3-SO 4 ( q =0.166 and q =0.001, respectively)) and after treatment with P4 (that is, allopregnanolone ( q =0.001 for both PMDD and controls), pregnanediol ( q =0.077 and q =0.030, respectively) and cortexone ( q =0.118 and q =0.157, respectively). Only sulfated steroid metabolites showed significant diagnosis-related differences. During Lupron plus E2 treatment, women with PMDD had a significantly attenuated increase in E2-3-sulfate ( q =0.035) compared with control women, and during Lupron plus P4 treatment a decrease in DHEA-sulfate ( q =0.07) compared with an increase in controls. Significant effects of E2 addback compared with Lupron were observed in women with PMDD who had significant decreases in DHEA-sulfate ( q =0.065) and pregnenolone sulfate ( q =0.076), whereas controls had nonsignificant increases (however, these differences did not meet statistical significance for a between diagnosis effect). Alterations of sulfotransferase activity could contribute to the differential steroid sensitivity in PMDD. Importantly, no differences in the formation of P4-derived neurosteroids were observed in this otherwise highly selected sample of women studied under controlled hormone exposures.",success,The study confirmed that ovarian suppression in women with PMDD eliminated symptom cyclicity,10.1038/tp.2017.146,10.1176/appi.ajp.20240596
Are Schools the Great Equalizer? Cognitive Inequality during the Summer Months and the School Year,"Inequality in Reading and Math Skills Forms Mainly before Kindergarten: A Replication, and Partial Correction, of “Are Schools the Great Equalizer?”","Downey, D. B., von Hippel, P. T., & Broh, B. A. (2004). Are Schools the Great Equalizer? Cognitive Inequality during the Summer Months and the School Year. American Sociological Review, 69(5), 613–635. https://doi.org/10.1177/000312240406900501","von Hippel, P. T., Workman, J., & Downey, D. B. (2018). Inequality in Reading and Math Skills Forms Mainly before Kindergarten: A Replication, and Partial Correction, of “Are Schools the Great Equalizer?” Sociology of Education, 91(4), 323–357. https://doi.org/10.1177/0038040718801760",American Sociological Review,4.75,NA,"How does schooling affect inequality in cognitive skills? Reproductionist theorists have argued that schooling plays an important role in reproducing and even exacerbating existing disparities. But seasonal comparison research has shown that gaps in reading and math skills grow primarily during summer vacation, suggesting that non-school factors (e.g., family and neighborhood) are the main source of inequality. Using the Early Childhood Longitudinal Study—Kindergarten Cohort of 1998–99, this article improves upon past seasonal estimates of school and non-school effects on cognitive skill gains. Like past research, this study considers how socioeconomic and racial/ethnic gaps in skills change when school is in session versus when it is not. This study goes beyond past research, however, by examining the considerable inequality in learning that is not associated with socioeconomic status and race. This “unexplained” inequality is more than 90 percent of the total inequality in learning rates, and it is much smaller during school than during summer. The results suggest, therefore, that schools serve as important equalizers: nearly every gap grows faster during summer than during school. The black/white gap, however, represents a conspicuous exception.",failure,"When we use the new test scores, we find that variance is substantial at the start of kindergarten and does not grow but actually shrinks over the next two to three years.",10.1177/000312240406900501,10.1177/0038040718801760
CORRECTIVE FEEDBACK AND LEARNER UPTAKE,Raising teachers’ awareness about corrective feedback through research replication,"Lyster, R., & Ranta, L. (1997). CORRECTIVE FEEDBACK AND LEARNER UPTAKE. Studies in Second Language Acquisition, 19(1), 37–66. https://doi.org/10.1017/s0272263197001034","Vásquez, C., & Harvey, J. (2010). Raising teachers’ awareness about corrective feedback through research replication. Language Teaching Research, 14(4), 421–443. https://doi.org/10.1177/1362168810375365",Studies in Second Language Acquisition,3.34,NA,"This article presents a study of corrective feedback and learner uptake (i.e., responses to feedback) in four immersion classrooms at the primary level. Transcripts totaling 18.3 hours of classroom interaction taken from 14 subject-matter lessons and 13 French language arts lessons were analyzed using a model developed for the study and comprising the various moves in an error treatment sequence. Results include the frequency and distribution of the six different feedback types used by the four teachers, in addition to the frequency and distribution of different types of learner uptake following each feedback type. The findings indicate an overwhelming tendency for teachers to use recasts in spite of the latter's ineffectiveness at eliciting student-generated repair. Four other feedback types—elicitation, metalinguistic feedback, clarification requests, and repetition—lead to student-generated repair more successfully and are thus able to initiate what the authors characterize as the negotiation of form.",success,"an appreciation for the relationship between corrective feedback, student uptake, and error type.",10.1017/s0272263197001034,10.1177/1362168810375365
Gauging the effects of exercises on verb–noun collocations,"Comparing the effectiveness of phrase-focused exercises: A partial replication of Boers, Demecheleer, Coxhead, and Webb (2014)","Boers, F., Demecheleer, M., Coxhead, A., & Webb, S. (2013). Gauging the effects of exercises on verb–noun collocations. Language Teaching Research, 18(1), 54–74. https://doi.org/10.1177/1362168813505389","Boers, F., Dang, T. C. T., & Strong, B. (2016). Comparing the effectiveness of phrase-focused exercises: A partial replication of Boers, Demecheleer, Coxhead, and Webb (2014). Language Teaching Research, 21(3), 362–380. https://doi.org/10.1177/1362168816651464",Language Teaching Research,2.62,NA,"Many contemporary textbooks for English as a foreign language (EFL) and books for vocabulary study contain exercises with a focus on collocations, with verb–noun collocations (e.g. make a mistake) being particularly popular as targets for collocation learning. Common exercise formats used in textbooks and other pedagogic materials require learners to establish appropriate matches between sets of verbs and nouns. However, matching exercises almost inevitably carry a risk of erroneous connections, and despite corrective feedback these might leave undesirable traces in the learner’s memory. We report four small-scale trials (total n = 135) in which the learning gains obtained from verb–noun matching exercises are compared with the learning gains obtained from a format in which the target collocations are presented to the learners as intact wholes. Pre-test to post-test gains turned out small in all of the conditions, owing in part to the learners’ substitution of initially correct choices by distracters from the exercises. The latter, negative side-effect was attested more often in the matching exercises than in the exercises where the learners worked with collocations as intact wholes.",success,In both regards the exercise where learners worked with intact phrases generated the best results.,10.1177/1362168813505389,10.1177/1362168816651464
The impact of news media and digital platform use on awareness of and belief in COVID-19 misinformation,News Informs and Boosts Discernment: A Replication in France and Germany,"Altay, S., Nielsen, R. K., & Fletcher, R. (2022). The impact of news media and digital platform use on awareness of and belief in COVID-19 misinformation. https://doi.org/10.31234/osf.io/7tm3s","Altay, S., Hoes, E., & Wojcieszak, M. (2025). News Informs and Boosts Discernment: A Replication in France and Germany. The International Journal of Press/Politics. https://doi.org/10.1177/19401612251378969",NA,NA,19,"Does the news media exacerbate or reduce misinformation problems? Although some news media deliberately try to counter misinformation, it has been suggested that they might also inadvertently, and sometimes purposefully, amplify it. We conducted a two-wave panel survey in Brazil, India, and the UK (N = 4732) to investigate the effect of news and digital platform use, on awareness of and belief in COVID-19 misinformation over time. We found little support for the idea that the news exacerbates misinformation problems. News use broadened people’s awareness of false claims, but did not increase the likelihood that people would believe them—and in some cases, news use actually weakened false belief acquisition, depending on access mode (online or offline) and outlet type. In line with previous research, we also find that news use strengthens political knowledge gain over time, again depending on outlets used. The effect of digital platforms was inconsistent across countries, and in most cases not significant—though some, like Twitter, were associated with positive outcomes while a few others were associated with negative outcomes. Overall, our findings challenge the notion that news media, by reporting on false and misleading claims, ultimately leave the public more misinformed, and support the idea that news helps people become more informed and, in some cases, more resilient to misinformation.",success,The replication reinforces the conclusions of the original study,10.31234/osf.io/7tm3s,10.1177/19401612251378969
Stability and change in the opinion-policy relationship: Evidence from state minimum wage laws,Stability and change in the opinion–policy relationship: Evidence from minimum wage laws,"Simonovits, G., & Bor, A. (2020). Stability and change in the opinion-policy relationship: Evidence from state minimum wage laws. https://doi.org/10.31235/osf.io/3ye4b","Simonovits, G., & Bor, A. (2023). Stability and change in the opinion–policy relationship: Evidence from minimum wage laws. Research &amp; Politics, 10(3). https://doi.org/10.1177/20531680231188262",NA,NA,NA,"Recent studies have documented large discrepancies between mass preferences and policies in U.S. states consistent with theories that highlight the oversized influence of affluent Americans on policymaking. In this note, we replicate and extend a recent such study \citep{simonovits2019responsiveness} to assess how policy bias evolves in time. Specifically, relying on novel data and methods, we construct measures of minimum wage preferences and compare them to observed policies in each state for the years of 2014, 2016, 2019, and 2021. We demonstrate that, averaged across states, policy change closely tracked a pronounced increase in preferences for higher minimum wages, but the size of policy bias remained relatively stable. However, this national pattern hides an increasingly polarized policy landscape: in many states, insufficient responsiveness led to an increasing deviation between preferences and policies, while in other states policy changes -- larger than preference changes -- closed initial policy bias.",success,"We demonstrate that, averaged across states, policy change closely tracked a pronounced increase in preferences for higher minimum wages, but the size of policy bias remained relatively stable.",10.31235/osf.io/3ye4b,10.1177/20531680231188262
Ideology and Specific Support for the Supreme Court,Reevaluating ideological asymmetries in specific support for the Supreme Court,"Haglin, K., Jordan, S., Merrill, A. H., & Ura, J. D. (2020). Ideology and Specific Support for the Supreme Court. Political Research Quarterly, 74(4), 955–969. https://doi.org/10.1177/1065912920950482","Haglin, K., Jordan, S., Merrill, A. H., & Ura, J. D. (2025). Reevaluating ideological asymmetries in specific support for the Supreme Court. Research &amp; Politics, 12(3). https://doi.org/10.1177/20531680251355253",Political Research Quarterly,1.55,NA,We develop and assess an account of ideological asymmetries in public support for the Supreme Court. We find that specific support for the Supreme Court is more strongly negatively related to perceptions that the Court is overly liberal than perceptions that the Court is overly conservative. Our findings provide a more complete theoretical account of dynamics in specific support for the Supreme Court and indicate a mechanism behind the recent decline in the Supreme Court’s public standing.,failure,We find that asymmetries in the association between Supreme Court approval and Americans’ ideological disagreement with the Court have changed substantially and abruptly,10.1177/1065912920950482,10.1177/20531680251355253
Progressive Supranuclear Palsy,Replication of progressive supranuclear palsy genome-wide association study identifies SLCO1A2 and DUSP10 as new susceptibility loci,"Thurtell, M. J., Tomsak, R. L., & Daroff, R. B. (2011). Progressive Supranuclear Palsy. Neuro-Ophthalmology, 106–109. https://doi.org/10.1093/med/9780195390841.003.0021","Sanchez-Contreras, M. Y., Kouri, N., Cook, C. N., Serie, D. J., Heckman, M. G., Finch, N. A., Caselli, R. J., Uitti, R. J., Wszolek, Z. K., Graff-Radford, N., Petrucelli, L., Wang, L.-S., Schellenberg, G. D., Dickson, D. W., Rademakers, R., & Ross, O. A. (2018). Replication of progressive supranuclear palsy genome-wide association study identifies SLCO1A2 and DUSP10 as new susceptibility loci. Molecular Neurodegeneration, 13(1). https://doi.org/10.1186/s13024-018-0267-3",Neuro-Ophthalmology,0.9,NA,"Patients with progressive supranuclear palsy, a sporadic akinetic-rigid syndrome, often have visual complaints and abnormal eye movements. We review the neuro-ophthalmic signs of progressive supranuclear palsy and present a practical approach to the management of its common visual symptoms, such as reading difficulty.",success,"Our findings validate the known association of loci at MAPT, MOBP, EIF2AK3 and STX6 with risk of PSP",10.1093/med/9780195390841.003.0021,10.1186/s13024-018-0267-3
Keeping One's Distance,Priming of Social Distance? Failure to Replicate Effects on Social and Food Judgments,"Williams, L. E., & Bargh, J. A. (2008). Keeping One’s Distance. Psychological Science, 19(3), 302–308. https://doi.org/10.1111/j.1467-9280.2008.02084.x","Pashler, H., Coburn, N., & Harris, C. R. (2012). Priming of Social Distance? Failure to Replicate Effects on Social and Food Judgments. PLoS ONE, 7(8), e42510. https://doi.org/10.1371/journal.pone.0042510",Psychological Science,4.49,NA,"Current conceptualizations of psychological distance (e.g., construal-level theory) refer to the degree of overlap between the self and some other person, place, or point in time. We propose a complementary view in which perceptual and motor representations of physical distance influence people's thoughts and feelings without reference to the self, extending research and theory on the effects of distance into domains where construal-level theory is silent. Across four experiments, participants were primed with either spatial closeness or spatial distance by plotting an assigned set of points on a Cartesian coordinate plane. Compared with the closeness prime, the distance prime produced greater enjoyment of media depicting embarrassment (Study 1), less emotional distress from violent media (Study 2), lower estimates of the number of calories in unhealthy food (Study 3), and weaker reports of emotional attachments to family members and hometowns (Study 4). These results support a broader conceptualization of distance-mediated effects on judgment and affect.",failure,The results showed no hint of the priming effects reported by Williams and Bargh (2008).,10.1111/j.1467-9280.2008.02084.x,10.1371/journal.pone.0042510
"Preferences, Constraints, and the Process of Sex Segregation in College Majors: A Choice Analysis",Assessing the Importance of Sample Choice and Selectivity for Sex Segregation in<b> College Majors: A Replication of Ochsenfeld (2016)</b>,"Ochsenfeld, F. (2017). Preferences, Constraints, and the Process of Sex Segregation in College Majors:  A Choice Analysis. https://doi.org/10.31235/osf.io/93eyz","Patzina, A., & Toussaint, C. (2023). Assessing the Importance of Sample Choice and Selectivity for Sex Segregation in College Majors: A Replication of Ochsenfeld (2016). Zeitschrift Für Soziologie, 52(4), 425–439. https://doi.org/10.1515/zfsoz-2023-2029",NA,NA,NA,"The persistence of horizontal sex segregation in higher education continues to puzzle social scientists. To help resolve this puzzle, we analyze a sample of college entrants in Germany with a discrete choice design that allows for social learning from the experiences of others. We make at least two contributions to the state of research. First, we test whether essentialist gender stereotypes affect major selection mostly through internalization or rather as external constraints that high school graduates adapt their behavior to. Empirically, we find that internalized vocational interests better explain gendered major choices than conformance with friends’ and parents’ expectations does. Second, we scrutinize whether segregation results from women’s anticipation of gendered family roles or from their anticipation of sex-based discrimination, but we find no evidence for either of these hypotheses. As in most previous studies, differences in mathematics achievement fail to explain gendered patterns of selection into college majors.",success,Our analyses demonstrate the validity of prior research.,10.31235/osf.io/93eyz,10.1515/zfsoz-2023-2029
Rostral Anterior Cingulate Thickness Predicts the Emotional Psilocybin Experience,Regional Specificity of the Cingulate Cortex Thickness Association with the Intensity of Psilocybin Experience: A Replication Study,"Lewis, C. R., Preller, K. H., Braden, B. B., Riecken, C., & Vollenweider, F. X. (2020). Rostral Anterior Cingulate Thickness Predicts the Emotional Psilocybin Experience. Biomedicines, 8(2), 34. https://doi.org/10.3390/biomedicines8020034","Greguš, D., Hlinka, J., Tylš, F., Viktorin, V., Viktorinová, M., Bravermanová, A., Androvičová, R., Andrashko, V., Korčák, J., Nikolič, M., Adámek, P., Beneš, M., Páleníček, T., & Horáček, J. (2025). Regional Specificity of the Cingulate Cortex Thickness Association with the Intensity of Psilocybin Experience: A Replication Study. https://doi.org/10.21203/rs.3.rs-7544401/v1",Biomedicines,3.69,NA,"Psilocybin is the psychoactive compound of mushrooms in the psilocybe species. Psilocybin directly affects a number of serotonin receptors, with highest affinity for the serotonin 2A receptor (5HT-2Ar). Generally, the effects of psilocybin, and its active metabolite psilocin, are well established and include a range of cognitive, emotional, and perceptual perturbations. Despite the generality of these effects, there is a high degree of inter-individual variability in subjective psilocybin experiences that are not well understood. Others have shown brain morphology metrics derived from magnetic resonance imaging (MRI) can predict individual drug response. Due to high expression of serotonin 2A receptors (5HT-2Ar) in the cingulate cortex, and its prior associations with psilocybin, we investigate if cortical thickness of this structure predicts the psilocybin experience in healthy adults. We hypothesized that greater cingulate thickness would predict higher subjective ratings in sub-scales of the Five-Dimensional Altered State of Consciousness (5D-ASC) with high emotionality in healthy participants (n = 55) who received oral psilocybin (either low dose: 0.160 mg/kg or high dose: 0.215 mg/kg). After controlling for sex, age, and using false discovery rate (FDR) correction, we found the rostral anterior cingulate predicted all four emotional sub-scales, whereas the caudal and posterior cingulate did not. How classic psychedelic compounds induce such large inter-individual variability in subjective states has been a long-standing question in serotonergic research. These results extend the traditional set and setting hypothesis of the psychedelic experience to include brain structure metrics.",failure,The primary Lewis et al. finding—that rostral anterior cingulate cortex thickness predicts emotional psilocybin responses—was not replicated.,10.3390/biomedicines8020034,10.21203/rs.3.rs-7544401/v1
Macropartisanship,Macropartisanship: A Replication and Critique,"MacKuen, M. B., Erikson, R. S., & Stimson, J. A. (1989). Macropartisanship. American Political Science Review, 83(4), 1125–1142. https://doi.org/10.2307/1961661","Green, D., Palmquist, B., & Schickler, E. (1998). Macropartisanship: A Replication and Critique. American Political Science Review, 92(4), 883–899. https://doi.org/10.2307/2586310",American Political Science Review,4.48,NA,"From an early, incorrect consensus that party identification was free of the short-term influences of political life, its aggregate, macropartisanship, drew little scholary notice. Though macropartisanship, typically seen as a biennial time series, appears essentially constant, our quarterly treatment demonstrates substantial and notably systematic movement of this crucial barometer of the U.S. party system. We demonstrate that it varies systematically with respect to time, has electoral consequences, and can be modeled as a function of economic evaluations and approval of the incumbent presidential administration. Macropartisanship, we argue, is a variable like others, subject to routine ebb and flow as citizens in the aggregate reflect their experiences of politics onto the parties. Its medium-term movements of considerable magnitude are lasting enough to matter but occur without connoting shifts in the underlying party system and can be understood without invoking the crises and convulsions of realignment theory.",failure,The amount of partisan change caused by short-term movements in consumer sentiment and presidential popularity is found to be two to three times smaller than initially reported by MacKuen et al. (1989).,10.2307/1961661,10.2307/2586310
The Auditor-Audit Firm Relationship and Its Effect on Burnout and Turnover Intention,"Auditors' Organizational Commitment, Burnout, and Turnover Intention: A Replication","Herda, D. N., & Lavelle, J. J. (2012). The Auditor-Audit Firm Relationship and Its Effect on Burnout and Turnover Intention. Accounting Horizons, 26(4), 707–723. https://doi.org/10.2308/acch-50181","Cannon, N. H., & Herda, D. N. (2016). Auditors’ Organizational Commitment, Burnout, and Turnover Intention: A Replication. Behavioral Research in Accounting, 28(2), 69–74. https://doi.org/10.2308/bria-51455",Accounting Horizons,1.22,NA,"SYNOPSIS: Auditor burnout is an important issue in public accounting, as burnout has negative consequences for both the auditor and the audit firm. We examine how social-exchange relationships between auditors and their firm affect auditor burnout and turnover intention. Using a sample of 204 auditors at two accounting firms, we find that perceived fair treatment by the firm predicts perceived support from the firm, and perceived support predicts auditor commitment to the firm. We find that commitment is negatively related to auditor burnout and turnover intention and burnout is positively related to turnover intention. We also find that perceived firm fairness is directly associated with reduced levels of auditor burnout and turnover intention. The results underscore the important role that organizational fairness plays in engendering a social-exchange relationship between auditors and their firm, leading to reduced levels of burnout and turnover intention, benefitting both the auditor and the firm. Data Availability: Please contact the first author.",success,The results of our replication are largely consistent with those reported in the original study,10.2308/acch-50181,10.2308/bria-51455
The Slave Trade and the Origins of Mistrust in Africa,"Modern Slavery and Mistrust: A Conceptual Replication of Nunn &amp; Wantchekon (AER, 2011)","Nunn, N., & Wantchekon, L. (2011). The Slave Trade and the Origins of Mistrust in Africa. American Economic Review, 101(7), 3221–3252. https://doi.org/10.1257/aer.101.7.3221","Cao, G., & Rusch, H. (2025). Modern Slavery and Mistrust: A Conceptual Replication of Nunn &amp; Wantchekon (AER, 2011). https://doi.org/10.26481/umagsb.2025008",American Economic Review,12.57,NA,"We show that current differences in trust levels within Africa can be traced back to the transatlantic and Indian Ocean slave trades. Combining contemporary individual-level survey data with historical data on slave shipments by ethnic group, we find that individuals whose ancestors were heavily raided during the slave trade are less trusting today. Evidence from a variety of identification strategies suggests that the relationship is causal. Examining causal mechanisms, we show that most of the impact of the slave trade is through factors that are internal to the individual, such as cultural norms, beliefs, and values. (JEL J15, N57, Z13)",success,"Our results corroborate those of Nunn & Wantchekon, conceptually replicate them in the economics of crime, and highlight their persistent contemporary relevance.",10.1257/aer.101.7.3221,10.26481/umagsb.2025008
Registered report: Fusobacterium nucleatum infection is prevalent in human colorectal carcinoma,Replication Study: Fusobacterium nucleatum infection is prevalent in human colorectal carcinoma,"Repass, J., Maherali, N., & Owen, K. (2016). Registered report: Fusobacterium nucleatum infection is prevalent in human colorectal carcinoma. ELife, 5. CLOCKSS. https://doi.org/10.7554/elife.10012","Repass, J., Iorns, E., Denis, A., Williams, S. R., Perfito, N., & Errington, T. M. (2018). Replication Study: Fusobacterium nucleatum infection is prevalent in human colorectal carcinoma. ELife, 7. CLOCKSS. https://doi.org/10.7554/elife.25801",eLife,2.78,NA,"The Reproducibility Project: Cancer Biology seeks to address growing concerns about reproducibility in scientific research by conducting replications of selected experiments from a number of high-profile papers in the field of cancer biology. The papers, which were published between 2010 and 2012, were selected on the basis of citations and Altmetric scores (&lt;xref ref-type=""bibr"" rid=""bib9""&gt;Errington et al., 2014&lt;/xref&gt;). This Registered Report describes the proposed replication plan of key experiments from 'Fusobacterium nucleatum infection is prevalent in human colorectal carcinoma' by Castellarin and colleagues published in Genome Research in 2012 (&lt;xref ref-type=""bibr"" rid=""bib5""&gt;Castellarin et al., 2012&lt;/xref&gt;). The experiment to be replicated is reported in Figure 2. Here, Castellarin and colleagues performed a metagenomic analysis of colorectal carcinoma (CRC) to identify potential associations between inflammatory microorganisms and gastrointestinal cancers. They conducted quantitative real-time PCR on genomic DNA isolated from tumor and matched normal biopsies from a patient cohort and found that the overall abundance of Fusobacterium was 415 times greater in CRC versus adjacent normal tissue. These results confirmed earlier studies and provide evidence for a link between tissue-associated bacteria and tumorigenesis. The Reproducibility Project: Cancer Biology is a collaboration between the Center for Open Science and Science Exchange and the results of the replications will be published in eLife.",failure,we did not detect a signal for F. nucleatum in most samples,10.7554/elife.10012,10.7554/elife.25801
Side‐to‐side differences in lower extremity biomechanics during multi‐directional jump landing in volleyball athletes,Estimating the Replicability of Sports and Exercise Science Research,"Sinsurin, K., Srisangboriboon, S., & Vachalathiti, R. (2017). Side‐to‐side differences in lower extremity biomechanics during multi‐directional jump landing in volleyball athletes. European Journal of Sport Science, 17(6), 699–709. Portico. https://doi.org/10.1080/17461391.2017.1308560","Murphy, J., Caldwell, A. R., Mesquida, C., Ladell, A. J. M., Encarnación-Martínez, A., Tual, A., Denys, A., Cameron, B., Van Hooren, B., Parr, B., DeLucia, B., Mason, B. R. J., Clark, B., Egan, B., Brown, C., Ade, C., Sforza, C., Taber, C. B., Kirk, C., … Warne, J. P. (2025). Estimating the Replicability of Sports and Exercise Science Research. Sports Medicine, 55(10), 2659–2679. https://doi.org/10.1007/s40279-025-02201-w",European Journal of Sport Science,2.17,NA,"Side‐to‐side differences of lower extremities may influence the likelihood of injury. Moreover, adding the complexity of jump‐landing direction would help to explain lower extremity control during sport activities. The aim was to determine the effects of limb dominance and jump‐landing direction on lower extremity biomechanics. Nineteen female volleyball athletes participated. Both dominant limbs (DLs) and non‐dominant limbs (NLs) were examined in single‐leg jump‐landing tests in four directions, including forward (0°), diagonal (30° and 60°), and lateral (90°) directions. Kinematic marker trajectories and ground reaction forces were collected using a 10 camera Vicon system and an AMTI force plate. Repeated measures ANOVA (2 × 4, limb × direction) was used to analyse. The finding showed that, at peak vertical GRF, a significant interaction of limb dominance and direction effects was found in the hip flexion angle and lower extremity joint kinetics ( p &lt; .05). NLs and DLs exhibited significantly different strategies while landing in various directions. Significantly higher increase of ankle dorsiflexion angle was observed in lateral direction compared to other directions for both DLs and NLs ( p &lt; .05). Increasingly using ankle dorsiflexion was observed from the forward to the lateral direction for both DLs and NLs. However, NLs and DLs preferentially used different strategies of joint moment organization to respond to similar VGRFs in various directions. The response pattern of DLs might not be effective and may expose DLs to a higher injury risk, especially with regard to landing with awkward posture compared with NLs.",success,Replication significant and compatible with original effect size,10.1080/17461391.2017.1308560,10.1007/s40279-025-02201-w
Carbohydrate mouth rinse improves morning high‐intensity exercise performance,Estimating the Replicability of Sports and Exercise Science Research,"Clarke, N. D., Hammond, S., Kornilios, E., & Mundy, P. D. (2017). Carbohydrate mouth rinse improves morning high‐intensity exercise performance. European Journal of Sport Science, 17(8), 955–963. Portico. https://doi.org/10.1080/17461391.2017.1333159","Murphy, J., Caldwell, A. R., Mesquida, C., Ladell, A. J. M., Encarnación-Martínez, A., Tual, A., Denys, A., Cameron, B., Van Hooren, B., Parr, B., DeLucia, B., Mason, B. R. J., Clark, B., Egan, B., Brown, C., Ade, C., Sforza, C., Taber, C. B., Kirk, C., … Warne, J. P. (2025). Estimating the Replicability of Sports and Exercise Science Research. Sports Medicine, 55(10), 2659–2679. https://doi.org/10.1007/s40279-025-02201-w",European Journal of Sport Science,2.17,NA,"Oral carbohydrate (CHO) rinsing has been demonstrated to provide beneficial effects on exercise performance of durations of up to one hour. The aim of the present study was to investigate the effects of CHO mouth rinsing on morning high‐intensity exercise performance. Following institutional ethical approval and familiarisation, 12 healthy males (mean ± SD age: 23 ± 3 years, height: 175.5 ± 7.4 cm, body mass: 75.4 ± 7.5 kg) participated in this study. Countermovement jump (CMJ) height, isometric mid‐thigh pull peak force, 10 m sprint time and bench press and back squat repetitions to failure were assessed following CHO and placebo (PLA) rinsing or a control condition (CON). All testing took place at 07:30 following an 11 hour overnight fast. Performance of CMJ height (CHO: 39 ± 7 cm; PLA: 38 ± 7 cm; CON: 36 ± 6 cm; P = .003, = 0.40), 10 m sprint time (CHO: 1.78 ± 0.07 s; PLA: 1.81 ± 0.07 s; CON: 1.85 ± 0.05 s; P = .001, = 0.47), the number of bench press (CHO: 25 ± 3; PLA: 24 ± 4; CON: 22 ± 4; P &lt; .001, = 0.55) and squat (CHO: 31 ± 4; PLA: 29 ± 5; CON: 26 ± 6; P &lt; .001, = 0.70) repetitions and mean felt arousal (CHO: 5 ± 1; PLA: 4 ± 0; CON: 4 ± 0; P = .009, = 0.25) improved following CHO rinsing. However, isometric mid‐thigh pull peak force was unchanged (CHO: 2262 ± 288 N; PLA: 2236 ± 354 N; CON: 2212 ± 321 N; P = .368, = 0.08). These results suggest that oral CHO rinsing solution significantly improved the morning performance of CMJ height, 10 m sprint times, bench press and squat repetitions to failure and felt arousal, although peak force during an isometric mid‐thigh pull, rating of perceived exertion and heart rate were unaffected.",success,Replication significant and compatible with original effect size,10.1080/17461391.2017.1333159,10.1007/s40279-025-02201-w
Effect of different loading conditions on running mechanics at different velocities,Estimating the Replicability of Sports and Exercise Science Research,"Carretero‐Navarro, G., Márquez, G., Cherubini, D., & Taube, W. (2018). Effect of different loading conditions on running mechanics at different velocities. European Journal of Sport Science, 19(5), 595–602. Portico. https://doi.org/10.1080/17461391.2018.1537378","Murphy, J., Caldwell, A. R., Mesquida, C., Ladell, A. J. M., Encarnación-Martínez, A., Tual, A., Denys, A., Cameron, B., Van Hooren, B., Parr, B., DeLucia, B., Mason, B. R. J., Clark, B., Egan, B., Brown, C., Ade, C., Sforza, C., Taber, C. B., Kirk, C., … Warne, J. P. (2025). Estimating the Replicability of Sports and Exercise Science Research. Sports Medicine, 55(10), 2659–2679. https://doi.org/10.1007/s40279-025-02201-w",European Journal of Sport Science,2.17,NA,"Weighted vests are widely used to improve running economy and performance. However, it is not well‐studied how running mechanics are adapted to counteract the higher peak vertical ground reaction forces (Fpeak) while running with such a device. Therefore, the present study aimed to investigate the effects of different loading conditions on running mechanics at different velocities. Thirteen subjects participated in two separate sessions one week apart. In the first session, maximal aerobic speed (MAS) was determined through a maximal incremental running test while in the second session, they were instructed to run during one minute under different loading (0%, +10% and +20% of body mass [BM]) and velocity (60%, 80% and 100% of MAS) conditions in a random order. Spatiotemporal data were recorded and then running mechanics modelled using the spring‐mass model. The main results indicated that vertical and leg stiffness (Kvert and Kleg, respectively) were increased ( P &lt; .001) as velocity increased but remained unaltered ( P &gt; .05) when load was changed. At the same time, alterations of the running kinematics were observed such as longer contact times, reduced flight times, stride frequencies and step lengths, as well as an increase of the centre of mass dynamics. Based on these results it is assumed that runners maintain a certain stiffness level for each velocity despite different loading conditions. As a consequence, Fpeak increases and this probably causes spatiotemporal adjustments in the movement kinematics.",failure,"Replication significant but effect sizes incompatible (z=4.56, p=0.001)",10.1080/17461391.2018.1537378,10.1007/s40279-025-02201-w
"Effect of consecutive jumping trials on metatarsophalangeal, ankle, and knee biomechanics during take‐off and landing",Estimating the Replicability of Sports and Exercise Science Research,"Lam, W., Jia, S., Baker, J. S., Ugbolue, U. C., Gu, Y., & Sun, W. (2020). Effect of consecutive jumping trials on metatarsophalangeal, ankle, and knee biomechanics during take‐off and landing. European Journal of Sport Science, 21(1), 53–60. Portico. https://doi.org/10.1080/17461391.2020.1733671","Murphy, J., Caldwell, A. R., Mesquida, C., Ladell, A. J. M., Encarnación-Martínez, A., Tual, A., Denys, A., Cameron, B., Van Hooren, B., Parr, B., DeLucia, B., Mason, B. R. J., Clark, B., Egan, B., Brown, C., Ade, C., Sforza, C., Taber, C. B., Kirk, C., … Warne, J. P. (2025). Estimating the Replicability of Sports and Exercise Science Research. Sports Medicine, 55(10), 2659–2679. https://doi.org/10.1007/s40279-025-02201-w",European Journal of Sport Science,2.17,NA,"This study examined the differences in single and consecutive jumps on ground reaction forces (GRF) as well as metatarsophalangeal (MTP), ankle and knee kinematics and kinetics during jumping take‐off and landing. Eighteen basketball players performed countermovement jumps in both single and consecutive movement sessions. Synchronised force platform and motion capture systems were used to measure biomechanical variables during take‐off and landing. Paired t ‐tests (or Wilcoxon signed‐rank tests) were performed to examine any significant differences regarding mean and coefficient of variation in each of the variables tested. A Holm–Bonferroni correction was applied to P ‐values to control the false discovery rate of 5%. The findings indicated that consecutive jumps had lower jump height, take‐off velocity and landing impact. During take‐off, consecutive jumps demonstrated larger peak MTP and ankle extension velocities, knee extension moments as well as larger values for ankle and knee power generation; During landing, the consecutive jumps had larger peak MTP flexion angle, joint velocities (MTP, ankle and knee), and peak knee flexion moments and power absorption. Additionally, consecutive jumps had higher within‐trial reliability (i.e. smaller CV) for peak MTP flexion angle at landing ( P &lt; 0.05), but lower reliability (i.e. higher CV) for peak knee flexion velocity and power absorption at landing. These results suggest that the consecutive jump trials led to distinct movement kinematics and higher loading responses in jump take‐off and landing.",success,Replication significant and compatible with original effect size,10.1080/17461391.2020.1733671,10.1007/s40279-025-02201-w
Caffeine increases strength and power performance in resistance‐trained females during early follicular phase,Estimating the Replicability of Sports and Exercise Science Research,"Norum, M., Risvang, L. C., Bjørnsen, T., Dimitriou, L., Rønning, P. O., Bjørgen, M., & Raastad, T. (2020). Caffeine increases strength and power performance in resistance‐trained females during early follicular phase. Scandinavian Journal of Medicine &amp; Science in Sports, 30(11), 2116–2129. Portico. https://doi.org/10.1111/sms.13776","Murphy, J., Caldwell, A. R., Mesquida, C., Ladell, A. J. M., Encarnación-Martínez, A., Tual, A., Denys, A., Cameron, B., Van Hooren, B., Parr, B., DeLucia, B., Mason, B. R. J., Clark, B., Egan, B., Brown, C., Ade, C., Sforza, C., Taber, C. B., Kirk, C., … Warne, J. P. (2025). Estimating the Replicability of Sports and Exercise Science Research. Sports Medicine, 55(10), 2659–2679. https://doi.org/10.1007/s40279-025-02201-w",Scandinavian Journal of Medicine &amp; Science in Sports,NA,NA,"The effects of 4 mg·kg −1 caffeine ingestion on strength and power were investigated for the first time, in resistance‐trained females during the early follicular phase utilizing a randomized, double‐blind, placebo‐controlled, crossover design. Fifteen females (29.8 ± 4.0 years, 63.8 ± 5.5 kg [mean ± SD]) ingested caffeine or placebo 60 minutes before completing a test battery separated by 72 hours. One‐repetition maximum (1RM), repetitions to failure (RTF) at 60% of 1RM, was assessed in the squat and bench press. Maximal voluntary contraction torque (MVC) and rate of force development (RFD) were measured during isometric knee extensions, while utilizing interpolated twitch technique to measure voluntary muscle activation. Maximal power and jump height were assessed during countermovement jumps (CMJ). Caffeine metabolites were measured in plasma. Adverse effects were registered after each trial. Caffeine significantly improved squat (4.5 ± 1.9%, effect size [ES]: 0.25) and bench press 1RM (3.3 ± 1.4%, ES: 0.20), and squat (15.9 ± 17.9%, ES: 0.31) and bench press RTF (9.8 ± 13.6%, ES: 0.31), compared to placebo. MVC torque (4.6 ± 7.3%, ES: 0.26), CMJ height (7.6 ± 4.0%, ES: 0.50), and power (3.8 ± 2.2%, ES: 0.24) were also significantly increased with caffeine. There were no differences in RFD or muscle activation. Plasma [caffeine] was significantly increased throughout the protocol, and mild side effects of caffeine were experienced by only 3 participants. This study demonstrated that 4 mg·kg −1 caffeine ingestion enhanced maximal strength, power, and muscular endurance in resistance‐trained and caffeine‐habituated females during the early follicular phase, with few adverse effects. Female strength and power athletes may consider using this dose pre‐competition and ‐training as an effective ergogenic aid.",failure,"Replication significant but effect sizes incompatible (z=2.73, p=0.012)",10.1111/sms.13776,10.1007/s40279-025-02201-w
"Acute Enhancement of Jump Performance, Muscle Strength, and Power in Resistance-Trained Men After Consumption of Caffeinated Chewing Gum",Estimating the Replicability of Sports and Exercise Science Research,"Venier, S., Grgic, J., & Mikulic, P. (2019). Acute Enhancement of Jump Performance, Muscle Strength, and Power in Resistance-Trained Men After Consumption of Caffeinated Chewing Gum. International Journal of Sports Physiology and Performance, 14(10), 1415–1421. https://doi.org/10.1123/ijspp.2019-0098","Murphy, J., Caldwell, A. R., Mesquida, C., Ladell, A. J. M., Encarnación-Martínez, A., Tual, A., Denys, A., Cameron, B., Van Hooren, B., Parr, B., DeLucia, B., Mason, B. R. J., Clark, B., Egan, B., Brown, C., Ade, C., Sforza, C., Taber, C. B., Kirk, C., … Warne, J. P. (2025). Estimating the Replicability of Sports and Exercise Science Research. Sports Medicine, 55(10), 2659–2679. https://doi.org/10.1007/s40279-025-02201-w",International Journal of Sports Physiology and Performance,2.12,NA,"Purpose : To explore the acute effects of caffeinated chewing gum on vertical-jump performance, isokinetic knee-extension/flexion strength and power, barbell velocity in resistance exercise, and whole-body power. Methods : Nineteen resistance-trained men consumed, in randomized counterbalanced order, either caffeinated chewing gum (300 mg of caffeine) or placebo and completed exercise testing that included squat jump; countermovement jump; isokinetic knee extension and knee flexion at angular velocities of 60 and 180°·s −1 ; bench-press exercise with loads corresponding to 50%, 75%, and 90% of 1-repetition maximum (1RM); and an “all-out” rowing-ergometer test. Results : Compared with placebo, caffeinated chewing gum enhanced (all P s &lt; .05) (1) vertical-jump height in the squat jump (effect size [ES] = 0.21; +3.7%) and countermovement jump (ES = 0.27; +4.6%); (2) knee-extension peak torque (ES = 0.21; +3.6%) and average power (ES = 0.25; +4.5%) at 60°·s −1 and knee-extension average power (ES = 0.30; +5.2%) at 180°·s −1 , and knee-flexion peak torque at 60°·s −1 (ES = 0.22; +4.1%) and 180°·s −1 (ES = 0.31; +5.9%); (3) barbell velocity at 50% of 1RM (ES = 0.30; +3.2%), 75% of 1RM (ES = 0.44; +5.7%), and 90% of 1RM (ES = 0.43; +9.1%); and (4) whole-body peak power on the rowing-ergometer test (ES = 0.41; +5.0%). Average power of the knee flexors did not change at either angular velocity with caffeine consumption. Conclusions : Caffeinated chewing gum with a dose of caffeine of 300 mg consumed 10 min preexercise may acutely enhance vertical-jump height, isokinetic strength and power of the lower-body musculature, barbell velocity in the bench-press exercise with moderate to high loads, and whole-body power.",failure,"Replication non-significant or opposite direction, effect sizes incompatible (z=3.2, p=0.001)",10.1123/ijspp.2019-0098,10.1007/s40279-025-02201-w
Beep Test Performance Is Influenced by 30 Minutes of Cognitive Work,Estimating the Replicability of Sports and Exercise Science Research,"MACMAHON, C., HAWKINS, Z., & SCHÜCKER, L. (2019). Beep Test Performance Is Influenced by 30 Minutes of Cognitive Work. Medicine &amp; Science in Sports &amp; Exercise, 51(9), 1928–1934. https://doi.org/10.1249/mss.0000000000001982","Murphy, J., Caldwell, A. R., Mesquida, C., Ladell, A. J. M., Encarnación-Martínez, A., Tual, A., Denys, A., Cameron, B., Van Hooren, B., Parr, B., DeLucia, B., Mason, B. R. J., Clark, B., Egan, B., Brown, C., Ade, C., Sforza, C., Taber, C. B., Kirk, C., … Warne, J. P. (2025). Estimating the Replicability of Sports and Exercise Science Research. Sports Medicine, 55(10), 2659–2679. https://doi.org/10.1007/s40279-025-02201-w",Medicine &amp; Science in Sports &amp; Exercise,NA,30,"Purpose This study explored conflicting findings in the literature on the influence of perceived cognitive fatigue on physical performance by testing the effect of the Stroop task (high cognitive load) on an intermittent running test (beep test). Methods In a within-subjects repeated-measures experiment, 13 active athletes performed the beep test on two occasions, in a randomized, counterbalanced order. In each session, a preceding cognitive task was completed for 30 min, with the incongruent Stroop task in the high load condition, and the congruent Stroop task in the low load condition. Perceived cognitive fatigue was measured before testing (baseline) and at 10, 20, and 30 min of the cognitive load manipulation. Perceived effort on the cognitive task and general motivation for the physical task (beep test) were measured before the beep test, and motivation-related perception of the beep test and ratings of perceived exertion were measured after completion of the test. Heart rate and beep test performance (completion stage and time) were also recorded. Results The incongruent Stroop task was perceived as more fatiguing and effortful. Participants also withdrew from the beep test significantly earlier in the high load condition (M = 8:48 min, SD = 2:32 min) compared to the low load condition (M = 9:20 min, SD = 2:28 min), F (1,11) = 21.76, P &lt; 0.01, ŋ 2 = 0.67. There were no differences in heart rate or general motivation between the two conditions. Conclusions Whereas previous research shows that active athletes can maintain performance on the beep test after 10 min of the incongruent Stroop task, this study shows that performance is impaired after 30 min. Variables in need of exploration in future investigations include experience with both the physical and cognitive task.",failure,"Replication significant but effect sizes incompatible (z=2.17, p=0.015)",10.1249/mss.0000000000001982,10.1007/s40279-025-02201-w
Does Mental Fatigue Negatively Affect Outcomes of Functional Performance Tests?,Estimating the Replicability of Sports and Exercise Science Research,"VERSCHUEREN, J., TASSIGNON, B., PROOST, M., TEUGELS, A., VAN CUTSEM, J., ROELANDS, B., VERHAGEN, E., & MEEUSEN, R. (2020). Does Mental Fatigue Negatively Affect Outcomes of Functional Performance Tests? Medicine &amp; Science in Sports &amp; Exercise, 52(9), 2002–2010. https://doi.org/10.1249/mss.0000000000002323","Murphy, J., Caldwell, A. R., Mesquida, C., Ladell, A. J. M., Encarnación-Martínez, A., Tual, A., Denys, A., Cameron, B., Van Hooren, B., Parr, B., DeLucia, B., Mason, B. R. J., Clark, B., Egan, B., Brown, C., Ade, C., Sforza, C., Taber, C. B., Kirk, C., … Warne, J. P. (2025). Estimating the Replicability of Sports and Exercise Science Research. Sports Medicine, 55(10), 2659–2679. https://doi.org/10.1007/s40279-025-02201-w",Medicine &amp; Science in Sports &amp; Exercise,NA,NA,"Purpose Mental fatigue impairs psychomotor skill performance by affecting visuomotor reaction time, accuracy, and decision-making. Recently, neurocognitive functional performance tests (FPT) that integrate these outcomes have been developed. The aim of this study was to assess the effect of mental fatigue on traditional and neurocognitive FPT in healthy adults. Methods Fourteen volunteers (four women; mean ± SD age, 22 ± 1 yr; height, 176.9 ± 8.4 cm; weight, 69.7 ± 10.4 kg) participated in a randomized counterbalanced crossover design. A 100% incongruent Stroop color word test of 90 min was used to induce mental fatigue and the control task encompassed watching a 90-min documentary. Traditional FPT comprised a single-leg hop for distance, countermovement jump, and Y-balance test, whereas the neurocognitive FPT encompassed the reactive balance test (RBT). All FPTs were evaluated pre–post the 90-min task. Mental fatigue was assessed using the Stroop task, visual analog scale for mental fatigue, and the Eriksen–Flanker task. Results Mental fatigue was successfully induced, as shown by a significant increase in visual analog scale for mental fatigue ( P &lt; 0.001), with no decrease in performance on the Stroop and Eriksen–Flanker task. No interaction effect of mental fatigue was found for the Y-balance test, single-leg hop, and countermovement jump. For the RBT accuracy, a significant interaction effect of mental fatigue and time was observed ( P = 0.024), with participants performing significantly worse when mentally fatigued. No interaction effect or main effect of condition and time was observed when considering the effect of mental fatigue on visuomotor reaction time in the RBT. Conclusions Mental fatigue negatively affects a neurocognitive FPT, indicated by a decreased accuracy in response to visual stimuli in the RBT. Traditional FPT remained unaffected by mental fatigue.",failure,"Replication non-significant or opposite direction, effect sizes incompatible (z=2.49, p=0.006)",10.1249/mss.0000000000002323,10.1007/s40279-025-02201-w
The Effects of Caffeine on Vertical Jump Height and Execution in Collegiate Athletes,Estimating the Replicability of Sports and Exercise Science Research,"Bloms, L. P., Fitzgerald, J. S., Short, M. W., & Whitehead, J. R. (2016). The Effects of Caffeine on Vertical Jump Height and Execution in Collegiate Athletes. Journal of Strength and Conditioning Research, 30(7), 1855–1861. https://doi.org/10.1519/jsc.0000000000001280","Murphy, J., Caldwell, A. R., Mesquida, C., Ladell, A. J. M., Encarnación-Martínez, A., Tual, A., Denys, A., Cameron, B., Van Hooren, B., Parr, B., DeLucia, B., Mason, B. R. J., Clark, B., Egan, B., Brown, C., Ade, C., Sforza, C., Taber, C. B., Kirk, C., … Warne, J. P. (2025). Estimating the Replicability of Sports and Exercise Science Research. Sports Medicine, 55(10), 2659–2679. https://doi.org/10.1007/s40279-025-02201-w",Journal of Strength and Conditioning Research,1.86,NA,"Bloms, LP, Fitzgerald, JS, Short, MW, and Whitehead, JR. The effects of caffeine on vertical jump height and execution in collegiate athletes. J Strength Cond Res 30(7): 1855–1861, 2016—Caffeine ingestion elicits a variety of physiological effects that may be beneficial to maximal-intensity exercise performance, although its effectiveness and physical mechanism of action enhancing ballistic task performance are unclear. The purpose of this study was to examine the effects of caffeine ingestion on vertical jump height and jump execution in Division I collegiate athletes. The study used a single-blind, randomized, crossover design. Athletes ( n = 25) consumed either caffeine (5 mg·kg −1 ) or placebo. After a 60-minute waiting period, athletes performed 3 squat jumps (SJ) and 3 countermovement jumps (CMJ) while standing on a force platform. Jump height and execution variables were calculated from mechanography data. In comparison with placebo, caffeine increased SJ height (32.8 ± 6.2 vs. 34.5 ± 6.7 cm; p = 0.001) and CMJ height (36.4 ± 6.9 vs. 37.9 ± 7.4 cm; p = 0.001). Peak force ( p = 0.032) and average rate of force development ( p = 0.037) were increased during the CMJ in the caffeine trail compared with the control. Time to half peak force was the only execution variable improved with caffeine ( p = 0.019) during the SJ. It seems that caffeine affects both height and execution of jumping. Our data indicate that the physical mechanism of jump enhancement is increased peak force production or rate of force development during jumping depending on technique. The physical mechanism of jump enhancement suggests that the ergogenic effects of caffeine may transfer to other ballistic tasks involving the lower-body musculature in collegiate athletes.",failure,"Replication non-significant or opposite direction, effect sizes incompatible (z=2.39, p=0.008)",10.1519/jsc.0000000000001280,10.1007/s40279-025-02201-w
Passive Recovery Promotes Superior Performance and Reduced Physiological Stress Across Different Phases of Short-Distance Repeated Sprints,Estimating the Replicability of Sports and Exercise Science Research,"Scanlan, A. T., & Madueno, M. C. (2016). Passive Recovery Promotes Superior Performance and Reduced Physiological Stress Across Different Phases of Short-Distance Repeated Sprints. Journal of Strength and Conditioning Research, 30(9), 2540–2549. https://doi.org/10.1519/jsc.0000000000001339","Murphy, J., Caldwell, A. R., Mesquida, C., Ladell, A. J. M., Encarnación-Martínez, A., Tual, A., Denys, A., Cameron, B., Van Hooren, B., Parr, B., DeLucia, B., Mason, B. R. J., Clark, B., Egan, B., Brown, C., Ade, C., Sforza, C., Taber, C. B., Kirk, C., … Warne, J. P. (2025). Estimating the Replicability of Sports and Exercise Science Research. Sports Medicine, 55(10), 2659–2679. https://doi.org/10.1007/s40279-025-02201-w",Journal of Strength and Conditioning Research,1.86,NA,"Scanlan, AT and Madueno, MC. Passive recovery promotes superior performance and reduced physiological stress across different phases of short-distance repeated sprints. J Strength Cond Res 30(9): 2540–2549, 2016—Limited research has examined the influence of recovery modalities on run-based repeated-sprint (RS) performance with no data available relative to the sprint phase. This study compared run-based RS performance across various sprint phases and underlying physiological responses between active and passive recoveries. Nine students (21.8 ± 3.6 years; 171.3 ± 6.4 cm; 72.8 ± 12.2 kg) completed 2 bouts (active and passive recoveries) of 10 × 20 m sprints interspersed with 30 s recoveries in a randomized crossover fashion. Sprint times and decrements were calculated for each split (0–5, 5–15, 15–20, and 0–20 m) across each sprint. Blood lactate concentration ([BLa − ]), heart rate (HR), and rating of perceived exertion (RPE) were measured at various time-points. Passive recovery promoted improved performance times ( p ≤ 0.005) and decrements ( p ≤ 0.045) across all splits, and lower post-test [BLa − ] ( p ≤ 0.005), HR (bout 3 onwards) ( p ≤ 0.014), and RPE (bout 4 onwards) when compared with active recovery. Performance differences between recoveries were less pronounced across the 0–5 m split. Temporal analyses showed significant ( p ≤ 0.05) increases in sprint times and decrements primarily with active recovery. The present data indicate that passive recovery promoted superior performance across run-based RS, with earlier performance deterioration and greater physiological load evident during active recovery. These findings can aid the manipulation of interbout activity across RS drills to promote physiological overload and adaptation during training. Further, coaches may develop tactical strategies to overcome the detrimental effects of active recovery and optimize sprint performance in athletes during game-play.",success,Replication significant and compatible with original effect size,10.1519/jsc.0000000000001339,10.1007/s40279-025-02201-w
Effect of a Compressive Garment on Kinematics of Jump-Landing Tasks,Estimating the Replicability of Sports and Exercise Science Research,"de Britto, M. A., Lemos, A. L., dos Santos, C. S., Stefanyshyn, D. J., & Carpes, F. P. (2017). Effect of a Compressive Garment on Kinematics of Jump-Landing Tasks. Journal of Strength and Conditioning Research, 31(9), 2480–2488. https://doi.org/10.1519/jsc.0000000000001620","Murphy, J., Caldwell, A. R., Mesquida, C., Ladell, A. J. M., Encarnación-Martínez, A., Tual, A., Denys, A., Cameron, B., Van Hooren, B., Parr, B., DeLucia, B., Mason, B. R. J., Clark, B., Egan, B., Brown, C., Ade, C., Sforza, C., Taber, C. B., Kirk, C., … Warne, J. P. (2025). Estimating the Replicability of Sports and Exercise Science Research. Sports Medicine, 55(10), 2659–2679. https://doi.org/10.1007/s40279-025-02201-w",Journal of Strength and Conditioning Research,1.86,NA,"de Britto, MA, Lemos, AL, dos Santos, CS, Stefanyshyn, DJ, and Carpes, FP. Effect of a compressive garment on kinematics of jump-landing tasks. J Strength Cond Res 31(9): 2480–2488, 2017—During jump-landing tasks, knee kinematics such as excessive valgus have been linked to knee injury in females. We determine the influence of a compressive garment on knee valgus during landing. Physically active women ( n = 27, mean age 23 years) performed 4 different jump-landing tasks with 2 apparel conditions (compressive garment and regular sports shorts). Kinematic data were collected to determine knee flexion and valgus angles and the maximum jump height. Results showed that the compressive garment decreased knee flexion and knee valgus range of motion, without significant changes in the maximum jump height. As a practical application, we suggest that compression could be a strategy to reduce dynamic valgus without influencing jump performance, which motivates further study of its potential for knee injury prevention.",failure,"Replication significant but effect sizes incompatible (z=4.27, p=0.001)",10.1519/jsc.0000000000001620,10.1007/s40279-025-02201-w
"The Effects of a Heel Wedge on Hip, Pelvis and Trunk Biomechanics During Squatting in Resistance Trained Individuals",Estimating the Replicability of Sports and Exercise Science Research,"Charlton, J. M., Hammond, C. A., Cochrane, C. K., Hatfield, G. L., & Hunt, M. A. (2017). The Effects of a Heel Wedge on Hip, Pelvis and Trunk Biomechanics During Squatting in Resistance Trained Individuals. Journal of Strength and Conditioning Research, 31(6), 1678–1687. https://doi.org/10.1519/jsc.0000000000001655","Murphy, J., Caldwell, A. R., Mesquida, C., Ladell, A. J. M., Encarnación-Martínez, A., Tual, A., Denys, A., Cameron, B., Van Hooren, B., Parr, B., DeLucia, B., Mason, B. R. J., Clark, B., Egan, B., Brown, C., Ade, C., Sforza, C., Taber, C. B., Kirk, C., … Warne, J. P. (2025). Estimating the Replicability of Sports and Exercise Science Research. Sports Medicine, 55(10), 2659–2679. https://doi.org/10.1007/s40279-025-02201-w",Journal of Strength and Conditioning Research,1.86,NA,"Charlton, JM, Hammond, CA, Cochrane, CK, Hatfield, GL, and Hunt, MA. The effects of a heel wedge on hip, pelvis, and trunk biomechanics during squatting in resistance trained individuals. J Strength Cond Res 31(6): 1678–1687, 2017—Barbell back squats are a popular exercise for developing lower extremity strength and power. However, this exercise has potential injury risks, particularly to the lumbar spine, pelvis, and hip joint. Previous literature suggests heel wedges as a means of favorably adjusting trunk and pelvis kinematics with the intention of reducing such injury risks. Yet no direct biomechanical research exists to support these recommendations. Therefore, the purpose of this study was to examine the effects of heel wedges compared with barefoot on minimally loaded barbell back squats. Fourteen trained male participants performed a barbell back squat in bare feet or with their feet raised bilaterally with a 2.5-cm wooden block while 3-dimensional kinematics, kinetics, and electromyograms were collected. The heel wedge condition elicited significantly less forward trunk flexion angles at peak knee flexion, and peak external hip joint moments ( p ≤ 0.05) compared with barefoot conditions. However, no significant differences were observed between conditions for trunk and pelvis angle differences at peak knee flexion ( p &gt; 0.05). Lastly, no peak or root mean square differences in muscle activity were elicited between conditions ( p &gt; 0.05). Our results lend support for the suggestions provided in literature aimed at using heel wedges as a means of reducing excessive forward trunk flexion. However, the maintenance of a neutral spine, another important safety factor, is not affected by the use of heel wedges. Therefore, heel wedges may be a viable modification for reduction of excessive forward trunk flexion but not for reduction in relative trunk-pelvis flexion during barbell back squats.",success,Replication significant and compatible with original effect size,10.1519/jsc.0000000000001655,10.1007/s40279-025-02201-w
A Single Dose of Oral ATP Supplementation Improves Performance and Physiological Response During Lower Body Resistance Exercise in Recreational Resistance-Trained Males,Estimating the Replicability of Sports and Exercise Science Research,"Freitas, M. C., Cholewa, J. M., Gerosa-Neto, J., Gonçalves, D. C., Caperuto, E. C., Lira, F. S., & Rossi, F. E. (2019). A Single Dose of Oral ATP Supplementation Improves Performance and Physiological Response During Lower Body Resistance Exercise in Recreational Resistance-Trained Males. Journal of Strength and Conditioning Research, 33(12), 3345–3352. https://doi.org/10.1519/jsc.0000000000002198","Murphy, J., Caldwell, A. R., Mesquida, C., Ladell, A. J. M., Encarnación-Martínez, A., Tual, A., Denys, A., Cameron, B., Van Hooren, B., Parr, B., DeLucia, B., Mason, B. R. J., Clark, B., Egan, B., Brown, C., Ade, C., Sforza, C., Taber, C. B., Kirk, C., … Warne, J. P. (2025). Estimating the Replicability of Sports and Exercise Science Research. Sports Medicine, 55(10), 2659–2679. https://doi.org/10.1007/s40279-025-02201-w",Journal of Strength and Conditioning Research,1.86,NA,"Freitas, MC, Cholewa, JM, Gerosa-Neto, J, Gonçalves, DC, Caperuto, EC, Lira, FS, and Rossi, FE. A single dose of oral ATP supplementation improves performance and physiological response during lower body resistance exercise in recreational resistance-trained males. J Strength Cond Res 33(12): 3345–3352, 2019—The aim of this study was to investigate the acute effect of adenosine-5'-triphosphate (ATP) supplementation on performance and physiological responses during resistance exercise in recreationally resistance-trained males. Eleven men (age = 27.5 ± 5.5 years, mass = 83.4 ± 9.8 kg, height = 182 ± 0.04 cm) completed 2 randomized, double-blind trials: ATP supplement condition (ATP = 400 mg) or a placebo condition. Thirty minutes after supplement consumption, subjects performed 4 sets of half-squats until momentary muscular failure at 80% of the 1 repetition maximum with 2 minutes of recovery between sets. The total number of repetitions, blood pressure, heart rate, blood lactate, and oxygen consumption were evaluated. The total weight lifted were higher for the ATP condition compared with placebo (Placebo = 3,995.7 ± 1,137.8, ATP = 4,967.4 ± 1,497.9 kg; p = 0.005). Heart rate was higher at set-4 for ATP compared with placebo ( p &lt; 0.001) and oxygen consumption during exercise was greater for ATP ( p = 0.021). There were no differences between conditions for lactate and blood pressure. In summary, a single oral dose of ATP supplementation improved lower-body resistance training performance and energy expenditure in recreational resistance-trained males.",failure,"Replication non-significant or opposite direction, effect sizes incompatible (z=1.94, p=0.026)",10.1519/jsc.0000000000002198,10.1007/s40279-025-02201-w
Effects of Preferred vs. Nonpreferred Music on Resistance Exercise Performance,Estimating the Replicability of Sports and Exercise Science Research,"Ballmann, C. G., McCullum, M. J., Rogers, R. R., Marshall, M. R., & Williams, T. D. (2021). Effects of Preferred vs. Nonpreferred Music on Resistance Exercise Performance. Journal of Strength &amp; Conditioning Research, 35(6), 1650–1655. https://doi.org/10.1519/jsc.0000000000002981","Murphy, J., Caldwell, A. R., Mesquida, C., Ladell, A. J. M., Encarnación-Martínez, A., Tual, A., Denys, A., Cameron, B., Van Hooren, B., Parr, B., DeLucia, B., Mason, B. R. J., Clark, B., Egan, B., Brown, C., Ade, C., Sforza, C., Taber, C. B., Kirk, C., … Warne, J. P. (2025). Estimating the Replicability of Sports and Exercise Science Research. Sports Medicine, 55(10), 2659–2679. https://doi.org/10.1007/s40279-025-02201-w",Journal of Strength &amp; Conditioning Research,NA,NA,"Ballmann, CG, McCullum, MJ, Rogers, RR, Marshall, MR , and Williams, TD. Effects of preferred vs. nonpreferred music on resistance exercise performance. J Strength Cond Res 35(6): 1650–1655, 2021—The purpose of this study was to examine the effects of listening to preferred vs. nonpreferred music on resistance exercise performance. Twelve resistance-trained college-aged males (age = 20.5 ± 1.24 years, height = 183.9 ± 6.8 cm, and body mass = 97.0 ± 18.2 kg) were recruited for this study. In a within-groups counterbalanced study design, subjects either listened to preferred or nonpreferred music during a bench press exercise test. Subjects completed as many repetitions as possible at 75% of their 1 repetition maximum with maximum explosive intent. Power and velocity of the barbell movement was measured for the first 3 repetitions using a linear position transducer. Motivation was measured using a visual analog scale immediately after exercise. Each exercise trial was separated by a 48-hour washout period. Results indicate that listening to preferred music increased overall bench press repetitions completed ( p = 0.005; effect size [ES] = 0.84). During the first 3 repetitions, mean velocity ( p = 0.001; ES = 1.6), relative mean power ( p = 0.012; ES = 0.55), peak velocity ( p = 0.011; ES = 0.99), and peak power ( p = 0.009; ES = 0.35) were higher while listening to preferred music vs. nonpreferred music. Finally, motivation during the lift ( p &lt; 0.001; ES = 5.9) was significantly higher while listening to preferred vs. nonpreferred music. Current findings suggest that listening to preferred music by the individual results in greater performance than nonpreferred during resistance exercise. Athletes may benefit from the option to listen to their preferred music to increase motivation and resistance exercise performance.",failure,"Replication non-significant or opposite direction, effect sizes incompatible (z=2.8, p=0.003)",10.1519/jsc.0000000000002981,10.1007/s40279-025-02201-w
Changes in Bench Press Velocity and Power After 8 Weeks of High-Load Cluster- or Traditional-Set Structures,Estimating the Replicability of Sports and Exercise Science Research,"Davies, T. B., Halaki, M., Orr, R., Helms, E. R., & Hackett, D. A. (2020). Changes in Bench Press Velocity and Power After 8 Weeks of High-Load Cluster- or Traditional-Set Structures. Journal of Strength and Conditioning Research, 34(10), 2734–2742. https://doi.org/10.1519/jsc.0000000000003166","Murphy, J., Caldwell, A. R., Mesquida, C., Ladell, A. J. M., Encarnación-Martínez, A., Tual, A., Denys, A., Cameron, B., Van Hooren, B., Parr, B., DeLucia, B., Mason, B. R. J., Clark, B., Egan, B., Brown, C., Ade, C., Sforza, C., Taber, C. B., Kirk, C., … Warne, J. P. (2025). Estimating the Replicability of Sports and Exercise Science Research. Sports Medicine, 55(10), 2659–2679. https://doi.org/10.1007/s40279-025-02201-w",Journal of Strength and Conditioning Research,1.86,8,"Davies, TB, Halaki, M, Orr, R, Helms, ER, and Hackett, DA. Changes in bench press velocity and power after 8 weeks of high-load cluster- or traditional-set structures. J Strength Cond Res 34(10): 2734–2742, 2020—This study investigated the effects of high-load cluster- vs. traditional-set structures using the bench press on velocity and power. Twenty-one resistance-trained individuals (male = 12, female = 9) performed a 3-week familiarization block followed by randomization into 1 of 2 upper- and lower-body split training routines performed for 8 weeks. The bench press was the only exercise manipulated with subjects using either cluster-set (CLUS, n = 11) or traditional-set (TRAD, n = 10) structures during training sessions. Subjects performed 4 sets of 5 repetitions at 85% 1 repetition maximum (1RM) with CLUS having a 30-second inter-repetition, and 3-minute interset rest while TRAD had a 5-minute interset rest. A load-velocity profile of relative loads derived from a 1RM test was used to assess velocity and power (absolute and relative to body mass) on the bench press. Significant improvements over time were found across various loads ranging from 45 to 75% 1RM for absolute and relative peak power ( p = 0.006–0.041), and mean power ( p = 0.001–0.032). Significant decreases over time were found at 55% 1RM and 65% 1RM for peak velocity ( p = 0.027 and p = 0.012, respectively) and mean velocity ( p = 0.047 and p = 0.022, respectively). There were no significant group or group by time interactions found for all outcomes. Within the context of high-load resistance training, set structure seems to be of less importance for changes in bench press velocity and power provided there is an intention to lift with maximal concentric velocity.",failure,"Neither significant nor effect sizes significantly different (z=1.07, p=0.14)",10.1519/jsc.0000000000003166,10.1007/s40279-025-02201-w
Effect of Attentional Focus Strategies on the Biomechanical Performance of the Drop Jump,Estimating the Replicability of Sports and Exercise Science Research,"Comyns, T. M., Brady, C. J., & Molloy, J. (2019). Effect of Attentional Focus Strategies on the Biomechanical Performance of the Drop Jump. Journal of Strength and Conditioning Research, 33(3), 626–632. https://doi.org/10.1519/jsc.0000000000003009","Murphy, J., Caldwell, A. R., Mesquida, C., Ladell, A. J. M., Encarnación-Martínez, A., Tual, A., Denys, A., Cameron, B., Van Hooren, B., Parr, B., DeLucia, B., Mason, B. R. J., Clark, B., Egan, B., Brown, C., Ade, C., Sforza, C., Taber, C. B., Kirk, C., … Warne, J. P. (2025). Estimating the Replicability of Sports and Exercise Science Research. Sports Medicine, 55(10), 2659–2679. https://doi.org/10.1007/s40279-025-02201-w",Journal of Strength and Conditioning Research,1.86,NA,"Comyns, TM, Brady, CJ, and Molloy, J. Effect of attentional focus strategies on the biomechanical performance of the drop jump. J Strength Cond Res 33(3): 626–632, 2019—Motor performance can be influenced by focusing an athlete's attention through the use of verbal instructions. There is limited research on the effect of internal, neutral, and external attentional focus strategies on drop jump (DJ) performance aimed at maximizing height jumped (HJ) and minimizing ground contact time (CT). The purpose of this study was to assess the effect of attentional focus strategies on biomechanical variables related to efficient DJ performance, namely HJ, CT, reactive strength index (RSI), leg-spring stiffness, and peak and relative peak ground reaction force (GRF). Seventeen male recreationally trained subjects performed 2 DJs after listening to instructions designed to evoke an internal, external, or neutral attentional focus. In total, 6 DJs were performed in the testing session, and the order of the instructions was randomly assigned. Significance was set at p ≤ 0.05. Results indicated that, compared with the neutral strategy, the external focus resulted in significantly higher RSI ( p = 0.046), peak GRF ( p = 0.025), relative GRF ( p = 0.02), and leg-spring stiffness ( p = 0.02). No significant difference was seen in DJ CT and HJ between all 3 conditions ( p ≥ 0.05). These results indicate that the use of an external focus of attention may potentially result in a more effective and efficient fast stretch-shortening cycle performance because of the augmentation of RSI and leg stiffness. More research is warranted, however, because of the lack of significant results pertaining to CT and HJ.",success,Replication significant and compatible with original effect size,10.1519/jsc.0000000000003009,10.1007/s40279-025-02201-w
Voluntary Muscle Relaxation Can Mitigate Fatigue and Improve Countermovement Jump Performance,Estimating the Replicability of Sports and Exercise Science Research,"Pinto, B. L., & McGill, S. M. (2019). Voluntary Muscle Relaxation Can Mitigate Fatigue and Improve Countermovement Jump Performance. Journal of Strength and Conditioning Research, 34(6), 1525–1529. https://doi.org/10.1519/jsc.0000000000003326","Murphy, J., Caldwell, A. R., Mesquida, C., Ladell, A. J. M., Encarnación-Martínez, A., Tual, A., Denys, A., Cameron, B., Van Hooren, B., Parr, B., DeLucia, B., Mason, B. R. J., Clark, B., Egan, B., Brown, C., Ade, C., Sforza, C., Taber, C. B., Kirk, C., … Warne, J. P. (2025). Estimating the Replicability of Sports and Exercise Science Research. Sports Medicine, 55(10), 2659–2679. https://doi.org/10.1007/s40279-025-02201-w",Journal of Strength and Conditioning Research,1.86,NA,"Pinto, BL and McGill, SM. Voluntary muscle relaxation can mitigate fatigue and improve countermovement jump performance. J Strength Cond Res 34(6): 1525–1529, 2020—When muscles contract, they create force and stiffness. Thus, muscle activation and relaxation must be strategically sequenced to coordinate and control movement, to enhance athletic variables such as speed and strength. However, research has favored investigation of muscle activation over relaxation. Athletes such as runners, swimmers, and boxers often shake their limbs to allow the muscle to oscillate freely, immediately before a bout. The purpose was to investigate whether shaking the lower limbs with the intention to voluntarily relax the muscles of the limb has an effect on countermovement jump (CMJ) performance. Subjects performed 10 maximal effort CMJs with 30 seconds of rest between each jump. During the rest period, they either performed the relaxation technique or control condition (standing still). Statistical significance was considered at p &lt; 0.05. Subjects significantly improved jump height, compared with their first jump of the day, when performing the relaxation technique. To further investigate the mechanism of enhancement, subjects were grouped into responders and nonresponders. The responder group significantly decreased their jump height and concentric phase impulse (relative to the first jump) during the control condition compared with the nonresponder group, indicating fatigue. When performing the relaxation technique, the responder group improved their jump height and mitigated fatigue by significantly increasing their unweighting impulse and unweighting force. The relaxation technique improved CMJ performance, specifically in those that fatigue with consecutive bouts, by enhancing unweighting, that requires muscle relaxation, rather than propulsion that requires activation. This technique can be useful for training or competition.",failure,Conclusion There was a substantial decrease in the published effect size estimate magnitudes when replicated,10.1519/jsc.0000000000003326,10.1007/s40279-025-02201-w
Representative Bureaucracy and the Willingness to Coproduce: An Experimental Study,A replication of “Representative bureaucracy and the willingness to coproduce”,"Riccucci, N. M., Van Ryzin, G. G., & Li, H. (2015). Representative Bureaucracy and the Willingness to Coproduce: An Experimental Study. Public Administration Review, 76(1), 121–130. Portico. https://doi.org/10.1111/puar.12401","Sievert, M. (2021). A replication of “Representative bureaucracy and the willingness to coproduce.” Public Administration, 99(3), 616–632. Portico. https://doi.org/10.1111/padm.12743",Public Administration Review,2.64,NA,"Relying on the theory of representative bureaucracy—specifically, the notion of symbolic representation—this article examines whether varying the number of female public officials overseeing a local recycling program influences citizens’ (especially women's) willingness to cooperate with the government by recycling, thus coproducing important policy outcomes. Using a survey experiment in which the first names of public officials are manipulated, the authors find a clear pattern of increasing willingness on the part of women to coproduce when female names are more represented in the agency responsible for recycling, particularly with respect to the more difficult task of composting food waste. Overall, men in the experiment were less willing to coproduce across all measures and less responsive to the gender balance of names. These findings have important implications for the theory of representative bureaucracy and for efforts to promote the coproduction of public services.",failure,The results do not confirm a positive effect of symbolic gender representation on willingness to co‐produce.,10.1111/puar.12401,10.1111/padm.12743
Coadministration of a Tumor-Penetrating Peptide Enhances the Efficacy of Cancer Drugs,Replication Study: Coadministration of a tumor-penetrating peptide enhances the efficacy of cancer drugs,"Sugahara, K. N., Teesalu, T., Karmali, P. P., Kotamraju, V. R., Agemy, L., Greenwald, D. R., & Ruoslahti, E. (2010). Coadministration of a Tumor-Penetrating Peptide Enhances the Efficacy of Cancer Drugs. Science, 328(5981), 1031–1035. https://doi.org/10.1126/science.1183057","Mantis, C., Kandela, I., & Aird, F. (2017). Replication Study: Coadministration of a tumor-penetrating peptide enhances the efficacy of cancer drugs. ELife, 6. CLOCKSS. https://doi.org/10.7554/elife.17584",Science,16.49,NA,"Penetrating Attack on Tumors While considerable research effort in oncology is focused on the design of new cancer drugs, an important but relatively understudied research area is the development of methods that optimize the delivery and tumor penetration of existing cancer drugs. Previous work has characterized a peptide (iRGD) that selectively targets and penetrates tumor tissue by virtue of its specific interaction with tumor blood vessels. Now, studying mouse models, Sugahara et al. (p. 1031 , see the cover) show that coinjection of the iRGD peptide increases the tumor penetration and antitumor activity of several cancer drugs, including the cytotoxic agent doxorubicin and the therapeutic antibody trastuzumab (Herceptin), without increasing their harmful effects on healthy tissue. Importantly, these effects did not require chemical conjugation of the cancer drugs to the peptide.",failure,"""We found that coadministration with iRGD peptide did not have an impact on permeability of the chemotherapeutic agent doxorubicin (DOX) in a xenograft model of prostate cancer, whereas the original study reported that it increased the penetrance of this cancer drug (Figure 2B; Sugahara et al., 2010). """,10.1126/science.1183057,10.7554/elife.17584
Does Attack Advertising Demobilize the Electorate?,Replicating Experiments Using Aggregate and Survey Data: The Case of Negative Advertising and Turnout,"Ansolabehere, S., Iyengar, S., Simon, A., & Valentino, N. (1994). Does Attack Advertising Demobilize the Electorate? American Political Science Review, 88(4), 829–838. https://doi.org/10.2307/2082710","Ansolabehere, S. D., Iyengar, S., & Simon, A. (1999). Replicating Experiments Using Aggregate and Survey Data: The Case of Negative Advertising and Turnout. American Political Science Review, 93(4), 901–909. https://doi.org/10.2307/2586120",American Political Science Review,4.48,NA,"We address the effects of negative campaign advertising on turnout. Using a unique experimental design in which advertising tone is manipulated within the identical audiovisual context, we find that exposure to negative advertisements dropped intentions to vote by 5%. We then replicate this result through an aggregate-level analysis of turnout and campaign tone in the 1992 Senate elections. Finally, we show that the demobilizing effects of negative campaigns are accompanied by a weakened sense of political efficacy. Voters who watch negative advertisements become more cynical about the responsiveness of public officials and the electoral process.",success,"These aggregate data confirm our original findings. Experiments, surveys, and aggregate data all point to the same conclusion: Negative advertising demobilizes voters.",10.2307/2082710,10.2307/2586120
Choice Boosts Curiosity,Eleven years of student replication projects provide evidence on the correlates of replicability in psychology,"Romero Verdugo, P., van Lieshout, L. L. F., de Lange, F. P., & Cools, R. (2022). Choice Boosts Curiosity. Psychological Science, 34(1), 99–110. https://doi.org/10.1177/09567976221082637","Boyce, V., Mathur, M., & Frank, M. C. (2023). Eleven years of student replication projects provide evidence on the correlates of replicability in psychology. Royal Society Open Science, 10(11). https://doi.org/10.1098/rsos.231240 Individual report available at https://osf.io/wdp9b",Psychological Science,4.49,1,"In our connected era, we spend significant time and effort satisfying our curiosity. Often, we choose which information we seek, but sometimes the selection is made for us. We hypothesized that humans exhibit enhanced curiosity in the context of choice. We designed a task in which healthy participants saw two lotteries on each trial. On some trials, participants chose which lottery to play. On other trials, the lottery was selected for them. Participants then indicated their curiosity about the outcome of the to-be-played lottery via self-report ratings (Experiment 1, N = 34) or willingness-to-wait decisions (Experiment 2, N = 34). We found that participants exhibited higher curiosity ratings and greater willingness to wait for the outcome of lotteries they had chosen than for lotteries that had been selected for them (controlling for initial preference). This demonstrates that choice boosts curiosity, which may have implications for boosting learning, memory, and motivation.",success,"The results of the replication were consistent with those of the original study in that average curiosity was highest in choice/preferred conditions, followed by no choice/preferred, and then no choice/not preferred.",10.1177/09567976221082637,10.1098/rsos.231240
Face of a fighter: Bizygomatic width as a cue of formidability,Facial width‐to‐height ratio predicts fighting success: A direct replication and extension of Zilioli et al. (2014),"Zilioli, S., Sell, A. N., Stirrat, M., Jagore, J., Vickerman, W., & Watson, N. V. (2014). Face of a fighter: Bizygomatic width as a cue of formidability. Aggressive Behavior, 41(4), 322–330. Portico. https://doi.org/10.1002/ab.21544","Caton, N. R., Hannan, J., & Dixson, B. J. W. (2022). Facial width‐to‐height ratio predicts fighting success: A direct replication and extension of Zilioli et al. (2014). Aggressive Behavior, 48(5), 449–465. Portico. https://doi.org/10.1002/ab.22027",Aggressive Behavior,1.53,NA,"Humans can accurately extract information about men's formidability from their faces; however, the actual facial cues that inform these judgments have not been established. Here, through three studies, we test the hypothesis that bizygomatic width (i.e. facial width‐to‐height ratio, fWHR) covaries with actual physical formidability ( hypothesis #1 ) and that humans use this cue when making assessments of formidability ( hypothesis #2 ). Our data confirm that fWHR is predictive of actual fighting ability among professional combatants (study 1). We further show that subjects' assessments of formidability covary with the target's fWHR on natural faces (study 2), computer‐generated images of strong and weak faces (study 2), and experimentally manipulated computer‐generated faces (study 3). These results support the hypothesis that bizygomatic width is a cue of formidability that is assessed during agonistic encounters. Aggr. Behav. 41:322–330, 2015. © 2014 Wiley Periodicals, Inc.",success,"Most importantly, we successfully replicated Zilioli et al.'s (2014) central finding that fighters' fWHR, when manually calculated using the eyebrow landmark, predicted their fighting success ( p = .004",10.1002/ab.21544,10.1002/ab.22027
An evaluation of interactive computer training to teach instructors to implement discrete trials with children with autism,Interactive computer training to teach discrete-trial instruction to undergraduates and special educators in Brazil: A replication and extension,"Pollard, J. S., Higbee, T. S., Akers, J. S., & Brodhead, M. T. (2014). An evaluation of interactive computer training to teach instructors to implement discrete trials with children with autism. Journal of Applied Behavior Analysis, 47(4), 765–776. Portico. https://doi.org/10.1002/jaba.152","Higbee, T. S., Aporta, A. P., Resende, A., Nogueira, M., Goyos, C., & Pollard, J. S. (2016). Interactive computer training to teach discrete-trial instruction to undergraduates and special educators in Brazil: A replication and extension. Journal of Applied Behavior Analysis, 49(4), 780–793. Portico. https://doi.org/10.1002/jaba.329",Journal of Applied Behavior Analysis,2.26,NA,"Discrete‐trial instruction (DTI) is a teaching strategy that is often incorporated into early intensive behavioral interventions for children with autism. Researchers have investigated time‐ and cost‐effective methods to train staff to implement DTI, including self‐instruction manuals, video modeling, and interactive computer training (ICT). ICT combines the best components of self‐instruction manuals and video models, and have the same benefits; however, there is limited research on this training method. Therefore, the purpose of this study was to investigate ICT to teach university students to implement DTI with children with autism. All participants' teaching fidelity increased during both role‐plays with an adult and instructional sessions with a child with autism. In addition, participants demonstrated an increase in teaching fidelity with untrained instructional programs. All participants were able to complete training in an average of 2 hr, and social validity ratings were high.",success,"All participants acquired DTI skills after interactive computer training, although 5 of 8 participants required some form of feedback to reach proficiency.",10.1002/jaba.152,10.1002/jaba.329
EVALUATION OF A SELF‐INSTRUCTION PACKAGE FOR CONDUCTING STIMULUS PREFERENCE ASSESSMENTS,Preference assessment training via self-instruction: A replication and extension,"Graff, R. B., & Karsten, A. M. (2012). EVALUATION OF A SELF‐INSTRUCTION PACKAGE FOR CONDUCTING STIMULUS PREFERENCE ASSESSMENTS. Journal of Applied Behavior Analysis, 45(1), 69–82. Portico. https://doi.org/10.1901/jaba.2012.45-69","Shapiro, M., Kazemi, E., Pogosjana, M., Rios, D., & Mendoza, M. (2016). Preference assessment training via self-instruction: A replication and extension. Journal of Applied Behavior Analysis, 49(4), 794–808. Portico. https://doi.org/10.1002/jaba.339",Journal of Applied Behavior Analysis,2.26,NA,"Research suggests that inexperienced individuals cannot accurately implement stimulus preference assessments given written instructions alone. Training that includes written instructions supplemented with feedback from a professional with expertise in conducting preference assessments has proven effective; unfortunately, expert‐facilitated direct training may not be widely available. In the current study, we used multiple baseline designs to evaluate the efficacy of an antecedent‐only self‐instructional package to train staff members to implement two methods of stimulus preference assessments. Accuracy was low when participants had access to written instructions alone. When access to enhanced written instructions was provided (i.e., technical jargon was minimized; instructions included pictures, diagrams, and step‐by‐step examples), inexperienced staff accurately implemented the assessments. Results are discussed in terms of opportunities to disseminate behavior‐analytic technologies through self‐instruction and print resources.",success,"A majority of the participants (i.e., 5 of 7 undergraduate students and 4 of 5 in-home behavior technicians) achieved mastery with the self-instructional package.",10.1901/jaba.2012.45-69,10.1002/jaba.339
EXPERIMENTAL ANALYSIS OF PRECURSORS TO SEVERE PROBLEM BEHAVIOR,Analysis of precursors to multiply controlled problem behavior: A replication,"Fritz, J. N., Iwata, B. A., Hammond, J. L., & Bloom, S. E. (2013). EXPERIMENTAL ANALYSIS OF PRECURSORS TO SEVERE PROBLEM BEHAVIOR. Journal of Applied Behavior Analysis, 46(1), 101–129. Portico. https://doi.org/10.1002/jaba.27","Borlase, M. A., Vladescu, J. C., Kisamore, A. N., Reeve, S. A., & Fetzer, J. L. (2017). Analysis of precursors to multiply controlled problem behavior: A replication. Journal of Applied Behavior Analysis, 50(3), 668–674. Portico. https://doi.org/10.1002/jaba.398",Journal of Applied Behavior Analysis,2.26,NA,"Some individuals engage in both mild and severe forms of problem behavior. Research has shown that when mild behaviors precede severe behaviors (i.e., the mild behaviors serve as precursors), they can (a) be maintained by the same source of reinforcement as severe behavior and (b) reduce rates of severe behavior observed during assessment. In Study 1, we developed an objective checklist to identify precursors via videotaped trials for 16 subjects who engaged in problem behavior and identified at least 1 precursor for every subject. In Study 2, we conducted separate functional analyses of precursor and severe problem behaviors for 8 subjects, and obtained correspondence between outcomes in 7 cases. In Study 3, we evaluated noncontingent reinforcement schedule thinning plus differential reinforcement of alternative behavior to reduce precursors, increase appropriate behavior, and maintain low rates of severe behavior during 3 treatment analyses for 2 subjects. Results showed that this treatment strategy was effective for behaviors maintained by positive and negative reinforcement.",success,both precursors and aggression were multiply controlled by the same variables.,10.1002/jaba.27,10.1002/jaba.398
The Slave Trade and the Origins of Mistrust in Africa,Narrow and scientific replication of ‘The slave trade and the origins of mistrust in Africa',"Nunn, N., & Wantchekon, L. (2011). The Slave Trade and the Origins of Mistrust in Africa. American Economic Review, 101(7), 3221–3252. https://doi.org/10.1257/aer.101.7.3221","Deconinck, K., & Verpoorten, M. (2012). Narrow and scientific replication of ‘The slave trade and the origins of mistrust in Africa’’.’ Journal of Applied Econometrics, 28(1), 166–169. Portico. https://doi.org/10.1002/jae.2309",American Economic Review,12.57,NA,"We show that current differences in trust levels within Africa can be traced back to the transatlantic and Indian Ocean slave trades. Combining contemporary individual-level survey data with historical data on slave shipments by ethnic group, we find that individuals whose ancestors were heavily raided during the slave trade are less trusting today. Evidence from a variety of identification strategies suggests that the relationship is causal. Examining causal mechanisms, we show that most of the impact of the slave trade is through factors that are internal to the individual, such as cultural norms, beliefs, and values. (JEL J15, N57, Z13)",success,Our replication confirms the results of Nunn and Wantchekon.,10.1257/aer.101.7.3221,10.1002/jae.2309
"Friends or Strangers? Firm-Specific Uncertainty, Market Uncertainty, and Network Partner Selection","Friends or strangers? It all depends on context: A replication and extension of <scp>B</scp> eckman, Haunschild, and <scp>P</scp> hillips (2004)","Beckman, C. M., Haunschild, P. R., & Phillips, D. J. (2004). Friends or Strangers? Firm-Specific Uncertainty, Market Uncertainty, and Network Partner Selection. Organization Science, 15(3), 259–275. https://doi.org/10.1287/orsc.1040.0065","Howard, M. D., Withers, M. C., Carnes, C. M., & Hillman, A. J. (2016). Friends or strangers? It all depends on context: A replication and extension of                    <scp>B</scp>                    eckman, Haunschild, and                    <scp>P</scp>                    hillips (2004). Strategic Management Journal, 37(11), 2222–2234. Portico. https://doi.org/10.1002/smj.2573",Organization Science,5.14,NA,"In this study, we address the topic of interorganizational network change by exploring factors that affect the choice of alliance and interlock partners. While many studies have been devoted to investigating various factors driving network partner choice, there is also an interesting and unexplored tension in this body of work. On the one hand, much work emphasizes change in social structure—showing that firms expand networks by forming new relationships with new partners. At the same time, other scholars emphasize stability of social structure—showing that firms tend to choose past exchange partners. We seek to reconcile this tension by proposing that firms form new relationships with new partners as a form of exploration, and form additional relationships with existing partners as a form of exploitation (March 1991). Further, whether exploration or exploitation is chosen depends on the type of uncertainty that firms are facing: whether it is firm-specific or market-level uncertainty. We test our hypotheses using data on both interlock and alliance networks for the 300 largest U.S. firms during the 1988–1993 period. The results provide some evidence that whether networks are stable or changing depends on the type of uncertainty experienced by firms.",failure,"Over this broader time horizon, we find a shift in behavior, with companies facing firm‐specific uncertainty seeking to reinforce their current relationships",10.1287/orsc.1040.0065,10.1002/smj.2573
"Race and Cognitive‐Ability Test Performance: The Mediating Effects of Test Preparation, Test‐Taking Strategy Use and Self‐Eff icacy",Test-Taking Strategy as a Mediator between Race and Academic Performance,"ELLIS, A. P. J., & RYAN, A. M. (2003). Race and Cognitive‐Ability Test Performance: The Mediating Effects of Test Preparation, Test‐Taking Strategy Use and Self‐Eff icacy. Journal of Applied Social Psychology, 33(12), 2607–2629. Portico. https://doi.org/10.1111/j.1559-1816.2003.tb02783.x","Dollinger, S. J., & Clark, M. H. (2012). Test-Taking Strategy as a Mediator between Race and Academic Performance. Learning and Individual Differences, 22(4), 511–517. https://doi.org/10.1016/j.lindif.2012.03.010",Journal of Applied Social Psychology,1.17,NA,"Test‐taking strategy use, cognitive‐ability test preparation, and test‐taking self‐efficacy were examined as possible mediators of the relationship between race and cognitiveability test performance. We hypothesized that African Americans would report using fewer test‐taking strategies and less test preparation when compared to White Americans. In addition, we proposed that Afiican Americans would report lower levels of test‐taking self‐efficacy when faced with a cognitive‐ability test. It was expected that these 3 variables would mediate the relationship between race and cognitive‐ability test performance. Using a sample of 170 college students, results indicated that African Americans reported using more ineffective test‐taking strategies, reported participating in more cognitiveability test preparation, and reported higher levels of test‐taking self‐efficacy when compared to White Americans. A portion of the difference in performance on a cognitiveability test between African Americans and White Americans could be attributed to the use of ineffective strategies and test preparation.",success,"Our results were less dramatic, but also indicated that ineffective test-taking strategies accounted for 19% to 25% of the variance originally explained by race.",10.1111/j.1559-1816.2003.tb02783.x,10.1016/j.lindif.2012.03.010
Working memory moderates the effect of the integrative process of implicit and explicit autonomous motivation on academic achievement,Past academic achievement contributes to university students' autonomous motivation (AM) which is later moderated by implicit motivation and working memory: A Bayesian replication of the explicit-implicit model of AM,"Gareau, A., & Gaudreau, P. (2017). Working memory moderates the effect of the integrative process of implicit and explicit autonomous motivation on academic achievement. British Journal of Psychology, 108(4), 701–720. Portico. https://doi.org/10.1111/bjop.12239","Gareau, A., Gaudreau, P., & Boileau, L. (2019). Past academic achievement contributes to university students’ autonomous motivation (AM) which is later moderated by implicit motivation and working memory: A Bayesian replication of the explicit-implicit model of AM. Learning and Individual Differences, 73, 30–41. https://doi.org/10.1016/j.lindif.2019.05.004",British Journal of Psychology,1.85,NA,"In previous research, autonomous motivation ( AM ) has been found to be associated with school achievement, but the relation has been largely heterogeneous across studies. AM has typically been assessed with explicit measures such as self‐report questionnaires. Recent self‐determination theory ( SDT ) research has suggested that converging implicit and explicit measures can be taken to characterize the integrative process in SDT . Drawing from dual‐process theories, we contended that explicit AM is likely to promote school achievement when it is part of an integrated cognitive system that combines easily accessible mental representations (i.e., implicit AM ) and efficient executive functioning. A sample of 272 university students completed a questionnaire and a lexical decision task to assess their explicit and implicit AM , respectively, and they also completed working memory capacity measures. Grades were obtained at the end of the semester to examine the short‐term prospective effect of implicit and explicit AM , working memory, and their interaction. Results of moderation analyses have provided support for a synergistic interaction in which the association between explicit AM and academic achievement was positive and significant only for individuals with high level of implicit AM . Moreover, working memory was moderating the synergistic effect of explicit and implicit AM . Explicit AM was positively associated with academic achievement for students with average‐to‐high levels of working memory capacity, but only if their motivation operated synergistically with high implicit AM . The integrative process thus seems to hold better proprieties for achievement than the sole effect of explicit AM . Implications for SDT are outlined.",success,"The Bayesian model replicated the results of Gareau and Gaudreau (2017), thus strengthening the position of adopting a dual-process perspective of AM.",10.1111/bjop.12239,10.1016/j.lindif.2019.05.004
Psycholinguistic word information in second language oral discourse,"Examining lexical development in second language learners: An approximate replication of Salsbury, Crossley &amp; McNamara (2011)","Salsbury, T., Crossley, S. A., & McNamara, D. S. (2011). Psycholinguistic word information in second language oral discourse. Second Language Research, 27(3), 343–360. https://doi.org/10.1177/0267658310395851","Crossley, S. A., & Skalicky, S. (2017). Examining lexical development in second language learners: An approximate replication of Salsbury, Crossley &amp; McNamara (2011). Language Teaching, 52(3), 385–405. https://doi.org/10.1017/s0261444817000362",Second Language Research,1.63,NA,"This study uses word information scores from the Medical Research Council (MRC) Psycholinguistic Database to analyse word development in the spontaneous speech data of six adult learners of English as a second language (L2) in a one-year longitudinal study. In contrast to broad measures of lexical development, such as word frequency and lexical diversity, this study analyses L2 learners’ depth of word knowledge as measured by psycholinguistic values for concreteness, imagability, meaningfulness, and familiarity. Repeated measure ANOVAs yielded significant differences over time for concreteness, imagability, and meaningfulness, where the temporal intervals act as the independent variable, and the MRC values function as the dependent variables. Non-significant results were found for familiarity scores. The results provide evidence that learners’ productive vocabularies become more abstract, less context dependent, and more tightly associated over time. This indicates a deeper knowledge of second language vocabulary and has important implications for how vocabulary knowledge can be measured in future studies of L2 lexical development.",success,the findings from the replication reflect those reported by Salsbury et al.,10.1177/0267658310395851,10.1017/s0261444817000362
Exploring the potential relationship between eye gaze and English L2 speakers’ responses to recasts,"Eye gaze and L2 speakers’ responses to recasts: A systematic replication study of McDonough, Crowther, Kielstra and Trofimovich (2015)","McDonough, K., Crowther, D., Kielstra, P., & Trofimovich, P. (2015). Exploring the potential relationship between eye gaze and English L2 speakers’ responses to recasts. Second Language Research, 31(4), 563–575. https://doi.org/10.1177/0267658315589656","McDonough, K., Trofimovich, P., Dao, P., & Abashidze, D. (2018). Eye gaze and L2 speakers’ responses to recasts: A systematic replication study of McDonough, Crowther, Kielstra and Trofimovich (2015). Language Teaching, 53(1), 81–95. https://doi.org/10.1017/s0261444818000368",Second Language Research,1.63,2,"This exploratory study investigated whether joint attention through eye gaze was predictive of second language (L2) speakers’ responses to recasts. L2 English learners ( N = 20) carried out communicative tasks with research assistants who provided feedback in response to non-targetlike (non-TL) forms. Their interaction was audio-recorded and their eye gaze behavior was tracked simultaneously using the faceLAB system. Transcripts were coded for characteristics of the feedback episodes (linguistic target, feedback type, intonation, prosody) and types of response (no opportunity, no reformulation, non-TL response, TL response). Eye gaze length for the researcher (when producing the feedback move) and the L2 speaker (when responding to feedback) were obtained in seconds using Captiv software. Following data pruning to reduce the data set to clausal recasts in response to grammatical errors, a logistic regression model revealed that both L2 speaker and mutual eye gaze were predictive of TL responses. Methodological issues for eye-tracking research during L2 interaction are provided, and suggestions for future research are discussed.",success,"confirmed the findings of McDonough et al. (2015), with both L2 speaker and mutual eye gaze predictive of targetlike responses",10.1177/0267658315589656,10.1017/s0261444818000368
The Instability of Philosophical Intuitions: Running Hot and Cold on Truetemp,The Stability of Philosophical Intuitions: Failed Replications of Swain <i>et al</i>. (2008),"SWAIN, S., ALEXANDER, J., & WEINBERG, J. M. (2008). The Instability of Philosophical Intuitions: Running Hot and Cold on Truetemp. Philosophy and Phenomenological Research, 76(1), 138–155. Portico. https://doi.org/10.1111/j.1933-1592.2007.00118.x","Ziółkowski, A. (2019). The Stability of Philosophical Intuitions: Failed Replications of Swain et al. (2008). Episteme, 18(2), 328–346. https://doi.org/10.1017/epi.2019.20",Philosophy and Phenomenological Research,1.36,NA,"A growing body of empirical literature challenges philosophers’ reliance on intuitions as evidence based on the fact that intuitions vary according to factors such as cultural and educational background, and socio‐economic status. Our research extends this challenge, investigating Lehrer’s appeal to the Truetemp Case as evidence against reliabilism. We found that intuitions in response to this case vary according to whether, and which, other thought‐experiments are considered first. Our results show that compared to subjects who receive the Truetemp Case first, subjects first presented with a clear case of knowledge are less willing to attribute knowledge in the Truetemp Case, and subjects first presented with a clear case of non‐knowledge are more willing to attribute knowledge in the Truetemp Case. We contend that this instability undermines the supposed evidential status of these intuitions, such that philosophers who deal in intuitions can no longer rest comfortably in their armchairs.",failure,We found no priming effect for knowledge ratings regarding the Truetemp case – laypersons were similarly likely to attribute knowledge in all three investigated conditions,10.1111/j.1933-1592.2007.00118.x,10.1017/epi.2019.20
Automatization in second language acquisition: What does the coefficient of variation tell us?,"Automatization in second language sentence processing: A partial, conceptual replication of Hulstijn, Van Gelderen, and Schoonen's 2009 study","HULSTIJN, J. H., VAN GELDEREN, A., & SCHOONEN, R. (2009). Automatization in second language acquisition: What does the coefficient of variation tell us? Applied Psycholinguistics, 30(4), 555–582. https://doi.org/10.1017/s0142716409990014","LIM, H., & GODFROID, A. (2014). Automatization in second language sentence processing: A partial, conceptual replication of Hulstijn, Van Gelderen, and Schoonen’s 2009 study. Applied Psycholinguistics, 36(5), 1247–1282. https://doi.org/10.1017/s0142716414000137",Applied Psycholinguistics,1.51,NA,"Segalowitz and Segalowitz distinguish between “speedup” (mean reaction time [RT] and mean standard deviation of responses in an RT task decrease to the same degree) and “automatization” (mean standard deviation decreases more than mean RT). The coefficient of variation, which is the standard deviation divided by the mean RT, decreases in the case of automatization while remaining unchanged in the case of speedup. We present data that are collected in two studies. The first one is a longitudinal study spanning 2 years and comprising four RT tasks, both in second language (L2) English and first language Dutch ( N &gt; 200). The second study is an English L2 word training study. Students ( N = 41) performed a lexical decision task before and after training. Convincing evidence for automatization was not found in either study. The main problems in testing the Segalowitz and Segalowitz hypothesis is that gains in knowledge itself and gains in processing it cannot be adequately disentangled in the RT tasks currently used, characterized by a speed–accuracy trade-off. Although conceptually skill acquisition can be distinguished from knowledge accumulation, in reality , knowledge accumulation forms part of skill acquisition because, in real L2 learning, exposure to new words goes hand in hand with exposure to words encountered previously.",success,the CV in the sentence-level tasks decreased as participants’ proficiency level increased.,10.1017/s0142716409990014,10.1017/s0142716414000137
Task-Based Language Teaching for Beginner-Level Learners of L2 French: An Exploratory Study,Input-based tasks for beginner-level learners: An approximate replication and extension of Erlam &amp; Ellis (2018),"Erlam, R., & Ellis, R. (2018). Task-Based Language Teaching for Beginner-Level Learners of L2 French: An Exploratory Study. The Canadian Modern Language Review, 74(1), 1–26. https://doi.org/10.3138/cmlr.3831","Erlam, R., & Ellis, R. (2018). Input-based tasks for beginner-level learners: An approximate replication and extension of Erlam &amp; Ellis (2018). Language Teaching, 52(4), 490–511. https://doi.org/10.1017/s0261444818000216",The Canadian Modern Language Review,0,2,"This study investigated the effect of input-based tasks on the acquisition of vocabulary and grammar by beginner-level learners of L2 French and reported the introduction of task-based teaching as an innovation in a state secondary school. The experimental group (n = 19) completed a series of focused input-based language tasks, taught by their teacher, over two lessons. These tasks drew students’ attention to markers of plurality in French. Students did not receive any explicit explanation of these features. Tests established that they acquired receptive knowledge of new vocabulary and target structures in comparison with a control group (n = 15) that completed the tests only. The teacher successfully implemented the tasks and considered the materials effective but also suggested improvements.",success,The results of the replication study confirm and extend those of the original study.,10.3138/cmlr.3831,10.1017/s0261444818000216
Reported early family environment covaries with menarcheal age as a function of polymorphic variation in estrogen receptor-α,Genetic moderation of effects of maternal sensitivity on girl's age of menarche: Replication of the Manuck et al. study,"Manuck, S. B., Craig, A. E., Flory, J. D., Halder, I., & Ferrell, R. E. (2011). Reported early family environment covaries with menarcheal age as a function of polymorphic variation in estrogen receptor-α. Development and Psychopathology, 23(1), 69–83. https://doi.org/10.1017/s0954579410000659","Hartman, S., Widaman, K. F., & Belsky, J. (2014). Genetic moderation of effects of maternal sensitivity on girl’s age of menarche: Replication of the Manuck et al. study. Development and Psychopathology, 27(3), 747–756. https://doi.org/10.1017/s0954579414000856",Development and Psychopathology,2.65,NA,"Age at menarche, a sentinel index of pubertal maturation, was examined in relation to early family relationships (conflict, cohesion) and polymorphic variation in the gene encoding estrogen receptor-α ( ESR1 ) in a midlife sample of 455 European American women. Consistent with prior literature, women who reported being raised in families characterized by close interpersonal relationships and little conflict tended to reach menarche at a later age than participants reared in families lacking cohesion and prone to discord. Moreover, this association was moderated by ESR1 variation, such that quality of the family environment covaried positively with menarcheal age among participants homozygous for minor alleles of the two ESR1 polymorphisms studied here (rs9304799, rs2234693), but not among women of other ESR1 genotypes. In addition, (a) family relationship variables were unrelated to ESR1 variation, and (b) genotype-dependent effects of childhood environment on age at menarche could not be accounted for by personality traits elsewhere shown to explain heritable variation in reported family conflict and cohesion. These findings are consistent with theories of differential susceptibility to environmental influence, as well as the more specific hypothesis (by Belsky) that girls differ genetically in their sensitivity to rearing effects on pubertal maturation.",success,The replication/extension effort proved successful in the case of both estrogen receptor-α SNPs,10.1017/s0954579410000659,10.1017/s0954579414000856
Effects of using machine translation to mediate the revision process of Korean university students’ academic writing,Assessing the effectiveness of machine translation in the Chinese EFL writing context: A replication of Lee (2020),"Lee, S.-M., & Briggs, N. (2020). Effects of using machine translation to mediate the revision process of Korean university students’ academic writing. ReCALL, 33(1), 18–33. https://doi.org/10.1017/s0958344020000191","Yang, Y., Wei, X., Li, P., & Zhai, X. (2023). Assessing the effectiveness of machine translation in the Chinese EFL writing context: A replication of Lee (2020). ReCALL, 35(2), 211–224. https://doi.org/10.1017/s0958344023000022",ReCALL,7.67,NA,"In recent years, marked gains in the accuracy of machine translation (MT) outputs have greatly increased its viability as a tool to support the efforts of English as a foreign language (EFL) students to write in English. This study examines error corrections made by 58 Korean university students by comparing their original L2 texts to that of MT outputs. Based on the results of the error analysis, the error types were categorized into 12 categories. Students were divided into three distinctive groups to determine differences among them according to the frequency of errors in their writing. The t -test results reveal that the numbers of errors significantly decreased in the revised versions for most of the error types among all groups. The results of the regression analysis also reveal a positive correlation relationship between the number of changes and the reduction of errors. However, the results also indicate that although all groups made error corrections at similar rates, students who less frequently committed errors in their L2 texts (higher language proficiency groups) generally tended to correct a higher proportion of errors. Based on the findings, pedagogical implications are discussed regarding how EFL teachers can effectively incorporate MT into the classroom.",success,The findings obtained support most of the original work,10.1017/s0958344020000191,10.1017/s0958344023000022
Risky choice framing: Task versions and a comparison of prospect theory and fuzzy‐trace theory,Risky choice framing with various problem descriptions: A replication and extension study,"Kühberger, A., & Tanner, C. (2010). Risky choice framing: Task versions and a comparison of prospect theory and fuzzy‐trace theory. Journal of Behavioral Decision Making, 23(3), 314–329. Portico. https://doi.org/10.1002/bdm.656","Zhou, L., Liu, N., Liao, Y.-Q., & Li, A.-M. (2021). Risky choice framing with various problem descriptions: A replication and extension study. Judgment and Decision Making, 16(2), 394–421. https://doi.org/10.1017/s1930297500008615",Journal of Behavioral Decision Making,1.09,NA,"Framing effects are said to indicate irrationality in decision making because they illustrate that linguistically different descriptions of equivalent options lead to inconsistent choices. A review of the literature on the effects of adding, or subtracting, implicated complements of the sure option shows that this leads to a classic framing effect, a reversal of the classic effect, or no framing effect. Thus, the assumption of equivalence of formulations is not justified. In addition we provide a test of two major, but opposing theories on framing, prospect theory and fuzzy‐trace theory. Based on an online study we investigated the effects of subtracting complements of the risky option. The results are more consistent with fuzzy‐trace theory than with prospect theory. The consequences of these findings for the application of formal models like prospect theory, and for rationality, are discussed. Copyright © 2009 John Wiley &amp; Sons, Ltd.",success,The main findings of Kühberger and Tanner (2010) were successfully replicated and confirmed under the original and additional conditions.,10.1002/bdm.656,10.1017/s1930297500008615
Leseverständnis ohne Lesen?,Kognitive Verarbeitung von Leseverständnisitems mit und ohne Text,"Rost, D. H., & Sparfeldt, J. R. (2007). Leseverständnis ohne Lesen? Zeitschrift Für Pädagogische Psychologie, 21(3/4), 305–314. https://doi.org/10.1024/1010-0652.21.3.305","Schroeder, S., & Tiffin-Richards, S. P. (2014). Kognitive Verarbeitung von Leseverständnisitems mit und ohne Text. Zeitschrift Für Pädagogische Psychologie, 28(1–2), 21–30. https://doi.org/10.1024/1010-0652/a000121",Zeitschrift für Pädagogische Psychologie,0.53,NA,"Zusammenfassung. Wiederholt wurden Zweifel an der Konstruktvalidität von multiple-choice-Leseverständnistestaufgaben geäußert. Diese bestehen üblicherweise aus den drei Teilen “Text”, “Fragen” und “Antworten”. In drei aufeinander aufbauenden Feldexperimenten (N 1 = 371, N 2 = 349, N 3 = 402) bearbeiteten Schüler der 7. bis 9. Klassenstufe verschiedene Leseverständnistestversionen, in denen sukzessive zentrale Komponenten eliminiert wurden: “Original”, “ohne Text”, “ohne Fragen”, “ohne Text und ohne Fragen”. Mit abnehmendem Informationsgehalt wurden die Aufgaben erwartungsgemäß schwieriger. Jedoch lösten die Schüler in den Versionen “Original”, “ohne Text” und “ohne Fragen” deutlich und in der Version “ohne Text und ohne Fragen” teilweise mehr Aufgaben “richtig”, als bei reinem Raten zu erwarten wäre. Dies kann in den Versionen, in denen kein Text vorgegeben wurde, nicht auf “Lesen” zurückgeführt werden. Verbale Intelligenz erwies sich als bedeutsamer Prädiktor der Leseverständnistestleistung. Die Relevanz der Befunde für eine konstruktvalide Leseverständnisdiagnostik wird diskutiert.",success,we replicate the finding of Rost and Sparfeldt (2007) who found that MC-items can be solved without reading the relevant text in German.,10.1024/1010-0652.21.3.305,10.1024/1010-0652/a000121
Clinical Supervision in South Korea and the United States,A comparative study of clinical supervision in the Republic of Ireland and the United States.,"Son, E., Ellis, M. V., & Yoo, S.-K. (2012). Clinical Supervision in South Korea and the United States. The Counseling Psychologist, 41(1), 48–65. https://doi.org/10.1177/0011000012442650","Ellis, M. V., Creaner, M., Hutman, H., & Timulak, L. (2015). A comparative study of clinical supervision in the Republic of Ireland and the United States. Journal of Counseling Psychology, 62(4), 621–631. https://doi.org/10.1037/cou0000110",The Counseling Psychologist,1.37,NA,"To provide cross-cultural empirical data for the advancement of supervisor competencies, we investigated differences in clinical supervision between South Korean and the United States from the supervisees’ perspective. Specifically, the comparative descriptive study had 191 South Korean and 187 U.S. supervisee participants receiving clinical supervision. Pursuing a hypothesis testing approach, comparative descriptive data across several variables suggested that there were more similarities than differences between supervision practices between the two cultures. Implications for theory, research, and practice were discussed.",success,The results suggested that characteristics of supervision in the Republic of Ireland and United States evidenced both similarities and differences.,10.1177/0011000012442650,10.1037/cou0000110
The positive feedback bias as a response to self‐image threat,The conflicted language of interracial feedback.,"Harber, K. D., Stafford, R., & Kennedy, K. A. (2010). The positive feedback bias as a response to self‐image threat. British Journal of Social Psychology, 49(1), 207–218. Portico. https://doi.org/10.1348/014466609x473956","Harber, K. D., Reeves, S., Gorman, J. L., Williams, C. H., Malin, J., & Pennebaker, J. W. (2019). The conflicted language of interracial feedback. Journal of Educational Psychology, 111(7), 1220–1242. https://doi.org/10.1037/edu0000326",British Journal of Social Psychology,3.05,NA,"This research examined whether Whites favourably bias their feedback to minorities in order to see themselves as egalitarian. White teacher trainees first had their egalitarian self‐images affirmed, left unchanged, or threatened. They then provided feedback on a poorly written essay supposedly authored by either a Black or a White student. As predicted, trainees in the Black writer/self‐image threat condition selectively rated essay content more favourably, recommended less time for skill development, provided more favourable copy‐editing comments, and generated more equivocating ‘buffers’. In contrast, trainees in the Black writer/self‐image boost condition supplied feedback indistinguishable from feedback provided by trainees in the White writer conditions, which was unaffected by the self‐image conditions. The implications for minority education and intergroup communication are discussed.",success,replicating past studies of the positive bias.,10.1348/014466609x473956,10.1037/edu0000326
Crosslinguistic influence on L2 implicature computation for determiners,Learning contexts and conversational implicatures in English determiners,"Cho, J. (2021). Crosslinguistic influence on L2 implicature computation for determiners. Journal of Second Language Studies, 5(1), 86–113. Portico. https://doi.org/10.1075/jsls.20004.cho","Chantajinda, V. (2025). Learning contexts and conversational implicatures in English determiners. Linguistic Approaches to Bilingualism. https://doi.org/10.1075/lab.25048.cha",Journal of Second Language Studies,0.76,NA,"This paper explores the extent to which L1-Korean L2-English speakers’ L1 influences the computation of conversational implicatures for the definite and demonstrative determiners the and that in English. Both the and that denote unique referents, but that carries implication of contrast ( Roberts, 2002 ). Following Submaxim 2 of the Gricean Quantity Maxim, using that instead of unmarked the implicates that the referent is being implicitly contrasted with other members of the same noun. Korean has no equivalent for the and the demonstrative ku ‘that’ is situated on the semantic scale between the and that . This partial overlap could influence L1-Korean L2-English speakers’ implicature computation even though ku also carries implication of contrast. Acceptability judgment data indicate that unlike native speakers, L2 speakers did not show sensitivity to infelicitous use of that , indicating difficulty computing implicatures. Results are discussed in terms of crosslinguistic influence at the semantics-pragmatics interface in L2 acquisition.",success,"both L1-Thai EFL and ESL learners did not compute the implication of contrast, corroborating the original study",10.1075/jsls.20004.cho,10.1075/lab.25048.cha
Understanding how Graphic Pictorial Warnings Work on Cigarette Packaging,Understanding Graphic Pictorial Warnings in Advertising: A Replication and Extension,"Kees, J., Burton, S., Andrews, J. C., & Kozup, J. (2010). Understanding how Graphic Pictorial Warnings Work on Cigarette Packaging. Journal of Public Policy &amp; Marketing, 29(2), 265–276. https://doi.org/10.1509/jppm.29.2.265","Davis, C., & Burton, S. (2015). Understanding Graphic Pictorial Warnings in Advertising: A Replication and Extension. Journal of Advertising, 45(1), 33–42. https://doi.org/10.1080/00913367.2015.1089426",Journal of Public Policy &amp; Marketing,NA,NA,"The 2009 Family Smoking Prevention and Tobacco Control Act requires cigarette packages to contain stronger warnings in the form of color, graphic pictures depicting the negative health consequences of smoking. The authors present results from a between-subjects experiment with more than 500 smokers that test (1) the effectiveness of pictorial warnings that vary in their graphic depiction of the warning and (2) an underlying mechanism proposed to drive potential effects of the manipulation of the graphic depiction. The findings indicate that more graphic pictorial warning depictions strengthen smokers’ intentions to quit smoking. Recall of warning message statements is reduced by moderately or highly graphic pictures compared with a no-picture control or less graphic pictures. The results also show that the graphic warnings affect evoked fear, and in turn, fear mediates the effects of the graphic warning depiction on intentions to quit for the sample of smokers. This pattern of results indicates that though highly graphic pictures may reduce specific message recall and limit the direct effect of recall on intentions to quit, highly graphic pictures increase intentions to quit smoking through evoked fear (i.e., fear fully mediates the effect of the graphic depiction level). The authors discuss implications for consumer health and policy decisions.",success,"Across three studies, moderate and high graphic warnings are shown to have favorable effects on smoking cessation outcomes, a positive effect on attention to the ad, and a negative indirect effect on brand purchase intentions, relative to text-only or low graphic pictorial warnings.",10.1509/jppm.29.2.265,10.1080/00913367.2015.1089426
A computational and neural model of momentary subjective well-being,Testing a computational model of subjective well-being: a preregistered replication of Rutledge et al. (2014),"Rutledge, R. B., Skandali, N., Dayan, P., & Dolan, R. J. (2014). A computational and neural model of momentary subjective well-being. Proceedings of the National Academy of Sciences, 111(33), 12252–12257. https://doi.org/10.1073/pnas.1407535111","Vanhasbroeck, N., Devos, L., Pessers, S., Kuppens, P., Vanpaemel, W., Moors, A., & Tuerlinckx, F. (2021). Testing a computational model of subjective well-being: a preregistered replication of Rutledge et al. (2014). Cognition and Emotion, 35(4), 822–835. https://doi.org/10.1080/02699931.2021.1891863",Proceedings of the National Academy of Sciences,6.95,NA,"Significance A common question in the social science of well-being asks, “How happy do you feel on a scale of 0 to 10?” Responses are often related to life circumstances, including wealth. By asking people about their feelings as they go about their lives, ongoing happiness and life events have been linked, but the neural mechanisms underlying this relationship are unknown. To investigate it, we presented subjects with a decision-making task involving monetary gains and losses and repeatedly asked them to report their momentary happiness. We built a computational model in which happiness reports were construed as an emotional reactivity to recent rewards and expectations. Using functional MRI, we demonstrated that neural signals during task events account for changes in happiness.",success,"The results of Rutledge et al. were mostly confirmed, providing further evidence for the role of rewards and punishments in subjective well-being fluctuations.",10.1073/pnas.1407535111,10.1080/02699931.2021.1891863
Intuitive Conceptions of Dead Agents' Minds: The Natural Foundations of Afterlife Beliefs as Phenomenological Boundary,Intuitive Conceptions of Dead Persons' Mentality: A Cross-Cultural Replication and More,"Bering, J. (2002). Intuitive Conceptions of Dead Agents’ Minds: The Natural Foundations of Afterlife Beliefs as Phenomenological Boundary. Journal of Cognition and Culture, 2(4), 263–308. https://doi.org/10.1163/15685370260441008","Huang, J., Cheng, L., & Zhu, J. (2013). Intuitive Conceptions of Dead Persons’ Mentality: A Cross-Cultural Replication and More. International Journal for the Psychology of Religion, 23(1), 29–41. https://doi.org/10.1080/10508619.2013.735493",Journal of Cognition and Culture,0.41,NA,"Little is known about how the minds of dead agents are represented. In the current experiment, individuals with different types of explicit afterlife beliefs were asked in an implicit interview task whether various mental state types, as well as pure biological imperatives, continue after death. The results suggest that, regardless of one's explicit reports about personal consciousness after death, those who believe in some form of life after death (and, to a certain extent, even those who do not) implicitly represent dead agents' minds in the same way: psychobiological and perceptual states cease while emotional, desire, and epistemic states continue. The findings are interpreted according to simulation constraints — because it is epistemologically impossible to know what it is like to be dead, individuals will be most likely to attribute to dead agents those types of mental states that they cannot imagine being without. Such a model argues that it is natural to believe in life after death and social transmission serves principally to conceptually enrich (or degrade) intuitive conceptions of the afterlife.",success,A similar pattern of results was found.,10.1163/15685370260441008,10.1080/10508619.2013.735493
A common mechanism for adaptive scaling of reward and novelty,Adaptive scaling of reward in episodic memory: a replication study,"Bunzeck, N., Dayan, P., Dolan, R. J., & Duzel, E. (2010). A common mechanism for adaptive scaling of reward and novelty. Human Brain Mapping, 31(9), 1380–1394. Portico. https://doi.org/10.1002/hbm.20939","Mason, A., Ludwig, C., & Farrell, S. (2017). Adaptive scaling of reward in episodic memory: a replication study. Quarterly Journal of Experimental Psychology, 70(11), 2306–2318. https://doi.org/10.1080/17470218.2016.1233439",Human Brain Mapping,3.82,NA,"Declarative memory is remarkably adaptive in the way it maintains sensitivity to relative novelty in both unknown and highly familiar environments. However, the neural mechanisms underlying this contextual adaptation are poorly understood. On the basis of emerging links between novelty processing and reinforcement learning mechanisms, we hypothesized that responses to novelty will be adaptively scaled according to expected contextual probabilities of new and familiar events, in the same way that responses to prediction errors for rewards are scaled according to their expected range. Using functional magnetic resonance imaging in humans, we show that the influence of novelty and reward on memory formation in an incidental memory task is adaptively scaled and furthermore that the BOLD signal in orbital prefrontal and medial temporal cortices exhibits concomitant scaled adaptive coding. These findings demonstrate a new mechanism for adjusting gain and sensitivity in declarative memory in accordance with contextual probabilities and expectancies of future events. Hum Brain Mapp, 2010. © 2010 Wiley‐Liss, Inc.",failure,we carried out a direct replication of their behavioural study and did not replicate their finding that memory performance associated with reward follows this pattern of adaptive scaling.,10.1002/hbm.20939,10.1080/17470218.2016.1233439
The Development of Regulatory Functions From Birth to 5 Years: Insights From Premature Infants,A Developmental Hierarchical-Integrative Perspective on the Emergence of Self-Regulation: A Replication and Extension,"Feldman, R. (2009). The Development of Regulatory Functions From Birth to 5 Years: Insights From Premature Infants. Child Development, 80(2), 544–561. https://doi.org/10.1111/j.1467-8624.2009.01278.x","Wu, Q., Yan, J., & Cui, M. (2021). A Developmental Hierarchical-Integrative Perspective on the Emergence of Self-Regulation: A Replication and Extension. Child Development, 92(5), e997–e1016. https://doi.org/10.1111/cdev.13559",Child Development,2.1,5,"This study examined physiological, emotional, and attentional regulatory functions as predictors of self-regulation in 125 infants followed 7 times from birth to 5 years. Physiological regulation was assessed by neonatal vagal tone and sleep–wake cyclicity; emotion regulation by response to stress at 3, 6, and 12 months; and attention regulation by focused attention and delayed response in the 2nd year. Executive functions, behavior adaptation, and self-restraint were measured at 5 years. Regulatory functions showed stability across time, measures, and levels. Structural modeling demonstrated both mediated paths from physiological to self-regulation through emotional and attentional processes and direct continuity between vagal tone and each level of regulation. Results support the coherence of the regulation construct and are consistent with neurobiological models on self and consciousness.",success,This study replicated and extended the Feldman (2009) study by applying the developmental hierarchical-integrative model to understand the emergence of self-regulation.,10.1111/j.1467-8624.2009.01278.x,10.1111/cdev.13559
Sunk‐Cost Effects on Purely Behavioral Investments,Three Attempts to Replicate the Behavioral Sunk‐Cost Effect: A Note on Cunha and Caldieraro (2009),"Cunha, Jr, M., & Caldieraro, F. (2009). Sunk‐Cost Effects on Purely Behavioral Investments. Cognitive Science, 33(1), 105–113. Portico. https://doi.org/10.1111/j.1551-6709.2008.01005.x","Otto, A. R. (2010). Three Attempts to Replicate the Behavioral Sunk‐Cost Effect: A Note on Cunha and Caldieraro (2009). Cognitive Science, 34(8), 1379–1383. Portico. https://doi.org/10.1111/j.1551-6709.2010.01136.x",Cognitive Science,1.31,NA,"Although the sunk‐cost effect is a well‐documented psychological phenomenon in monetary investments, existing literature investigating behavioral investments (e.g., time, effort) has not replicated this effect except when such investments relate to monetary values. The current explanation for this discrepancy proposes that purely behavioral sunk‐cost effects are unlikely to be observed because they are difficult to book, track, and balance in a mental account. Conversely, we argue that, through an effort‐justification mechanism, people account for the amount of behavioral resources invested when selecting an alternative, in which case they may fall prey to purely behavioral sunk‐cost effects. The results of two experiments support this prediction. Because many decisions involve behavioral investments, behavioral sunk‐cost effects should be pervasive psychological phenomena.",failure,I have been unable to replicate their pattern of results in three separate investigations.,10.1111/j.1551-6709.2008.01005.x,10.1111/j.1551-6709.2010.01136.x
Statistical Training in Psychology: A National Survey and Commentary on Undergraduate Programs,Replicating a National Survey on Statistical Training in Undergraduate Psychology Programs,"Friedrich, J., Buday, E., & Kerr, D. (2000). Statistical Training in Psychology: A National Survey and Commentary on Undergraduate Programs. Teaching of Psychology, 27(4), 248–257. https://doi.org/10.1207/s15328023top2704_02","Friedrich, J., Childress, J., & Cheng, D. (2018). Replicating a National Survey on Statistical Training in Undergraduate Psychology Programs. Teaching of Psychology, 45(4), 312–323. https://doi.org/10.1177/0098628318796414",Teaching of Psychology,2.28,NA,"We surveyed a national sample of U.S. undergraduate psychology programs regarding the structure and content of statistical training. Results revealed considerable diversity in approaches and offerings. Contemporary trends in data analysis (e.g., power and effect size analysis, confidence interval estimation, general linear model approaches) as well as measurement issues appear to receive relatively little attention in the core sequence. Respondents tended to view such topics as appropriate for more advanced courses, which they said were infrequently required. We discuss options for addressing issues of course sequencing, content focus, and advanced-level offerings in the major.",success,"Other than increases in effect size coverage, instructors’ estimates of class time devoted to critical reform topics have changed relatively little over nearly two decades",10.1207/s15328023top2704_02,10.1177/0098628318796414
Improving Foster Children's School Achievements: Promising Results from a Swedish Intensive Study,Improving foster children’s school performance: a replication of the Helsingborg study,"Tideman, E., Vinnerljung, B., Hintze, K., & Isaksson, A. A. (2011). Improving Foster Children’s School Achievements: Promising Results from a Swedish Intensive Study. Adoption &amp; Fostering, 35(1), 44–56. https://doi.org/10.1177/030857591103500106","Tordön, R., Vinnerljung, B., & Axelsson, U. (2014). Improving foster children’s school performance: a replication of the Helsingborg study. Adoption &amp; Fostering, 38(1), 37–48. https://doi.org/10.1177/0308575913518003",Adoption &amp; Fostering,NA,NA,"Eva Tideman, Bo Vinnerljung, Kristin Hintze and Anna Aldenius Isaksson report on the results of a Swedish project aimed at improving foster children's school achievements. Standardised psychological and pedagogical instruments were used for assessing each individual foster child's potential, her or his educational service needs, and for tailoring the individualised educational and psychological support that was provided for two years. After this period, the 25 children included in the project were re-tested with the same instruments. Post-intervention test results were compared to preintervention scores for assessing outcomes. Results showed significant gains in IQ (as measured by WISC-III), reading and spelling skills, but weaker, non-significant improvements in maths skills.",success,Results confirm the conclusions from the original study that children in foster care can benefit from a working model aimed to improve school performance.,10.1177/030857591103500106,10.1177/0308575913518003
Can a Word Sound Like a Shape Before You Have Seen It? Sound-Shape Mapping Prior to Conscious Awareness,Sound-Symbolism Effects in the Absence of Awareness: A Replication Study,"Hung, S.-M., Styles, S. J., & Hsieh, P.-J. (2017). Can a Word Sound Like a Shape Before You Have Seen It? Sound-Shape Mapping Prior to Conscious Awareness. Psychological Science, 28(3), 263–275. https://doi.org/10.1177/0956797616677313","Heyman, T., Maerten, A.-S., Vankrunkelsven, H., Voorspoels, W., & Moors, P. (2019). Sound-Symbolism Effects in the Absence of Awareness: A Replication Study. Psychological Science, 30(11), 1638–1647. https://doi.org/10.1177/0956797619875482",Psychological Science,4.49,NA,"Nonarbitrary mappings between sound and shape (i.e., the bouba-kiki effect) have been shown across different cultures and early in development; however, the level of processing at which this effect arises remains unclear. Here we show that the mapping occurs prior to conscious awareness of the visual stimuli. Under continuous flash suppression, congruent stimuli (e.g., “kiki” inside an angular shape) broke through to conscious awareness faster than incongruent stimuli. This was true even when we trained people to pair unfamiliar letters with auditory word forms, a result showing that the effect was driven by the phonology, not the visual features, of the letters. Furthermore, visibility thresholds of the shapes decreased when they were preceded by a congruent auditory word form in a masking paradigm. Taken together, our results suggest that sound-shape mapping can occur automatically prior to conscious awareness of visual shapes, and that sensory congruence facilitates conscious awareness of a stimulus being present.",success,"The results showed that congruent combinations, on average, broke suppression faster than incongruent combinations, thus providing converging evidence for Hung and colleagues’ assertions.",10.1177/0956797616677313,10.1177/0956797619875482
Honesty Requires Time (and Lack of Justifications),"Does Honesty Require Time? Two Preregistered Direct Replications of Experiment 2 of Shalvi, Eldar, and Bereby-Meyer (2012)","Shalvi, S., Eldar, O., & Bereby-Meyer, Y. (2012). Honesty Requires Time (and Lack of Justifications). Psychological Science, 23(10), 1264–1270. https://doi.org/10.1177/0956797612443835","Van der Cruyssen, I., D’hondt, J., Meijer, E., & Verschuere, B. (2020). Does Honesty Require Time? Two Preregistered Direct Replications of Experiment 2 of Shalvi, Eldar, and Bereby-Meyer (2012). Psychological Science, 31(4), 460–467. https://doi.org/10.1177/0956797620903716",Psychological Science,4.49,NA,"Recent research suggests that refraining from cheating in tempting situations requires self-control, which indicates that serving self-interest is an automatic tendency. However, evidence also suggests that people cheat to the extent that they can justify their unethical behavior to themselves. To merge these different lines of research, we adopted a dual-system approach that distinguished between the intuitive and deliberative cognitive systems. We suggest that for people to restrict their dishonest behavior, they need to have enough time and no justifications for self-serving unethical behavior. We employed an anonymous die-under-cup task in which participants privately rolled a die and reported the outcome to determine their pay. We manipulated the time available for participants to report their outcome (short vs. ample). The results of two experiments support our prediction, revealing that the dark side of people’s automatic self-serving tendency may be overcome when time to decide is ample and private justifications for dishonesty are not available.",failure,we found that time pressure did not increase cheating,10.1177/0956797612443835,10.1177/0956797620903716
A systems approach to quality in elementary schools,A Systems Approach to Effectiveness in Catholic Elementary Schools: A Replication and Extension,"Tarter, C. J., & Hoy, W. K. (2004). A systems approach to quality in elementary schools. Journal of Educational Administration, 42(5), 539–554. https://doi.org/10.1108/09578230410554052","Mitchell, R. M., & Tarter, C. J. (2011). A Systems Approach to Effectiveness in Catholic Elementary Schools: A Replication and Extension. Journal of School Leadership, 21(6), 789–818. https://doi.org/10.1177/105268461102100603",Journal of Educational Administration,1.97,NA,"An open social systems model is used to frame and test a series of hypotheses. The socioeconomic status of the environment and four internal system elements (structure, individual, culture, politics) of the school are used to explain two sets of school outcomes: student achievement and teachers' assessments of overall school effectiveness. A typical sample of 145 elementary schools in Ohio is used to test the relationships. The model and results are useful in understanding how this set of key variables as a whole defines quality elementary schools.",success,The results of this study further confirmed the usefulness of this model in understanding the factors that contribute to quality in elementary schools.,10.1108/09578230410554052,10.1177/105268461102100603
Reexamining semantic clustering: Insight from memory models,Semantic connection or visual connection: Investigating the true source of confusion,"Ishii, T. (2013). Reexamining semantic clustering: Insight from memory models. Vocabulary Learning and Instruction, 2(1), 1–7. https://doi.org/10.7820/vli.v02.1.ishii","Ishii, T. (2014). Semantic connection or visual connection: Investigating the true source of confusion. Language Teaching Research, 19(6), 712–722. https://doi.org/10.1177/1362168814559799",Vocabulary Learning and Instruction,0.41,NA,"It has been repeatedly argued that semantically related words should not be learned together because learning is impeded. However, the results of past studies are not uniform, some providing favorable results for semantic clustering, and some seem to suggest different types of similarity affect memory in different ways. The types of similarity that truly causethe problem therefore need to be examined more carefully. Focusing on visual features, which are commonly observed across different models of working memory, a study was conducted to examine if learners have difficulty memorizing a group of words that describe items with common physical features. The study compared the learning of three types of word sets: unrelated, semantically related, and physically related. While no statistically significant difference was observed between semanticallyrelated and unrelated sets, the scores for physically related sets were significantly lower than those for the other two types. This suggests the possibility that the impeding effect of semantic clustering reported in the past could be partly due to the precise nature of semantically similar words, which sometimes share visual features.",success,The results confirmed that physically related sets were harder to learn than the other two sets and exhibited more cases of confusion in a test conducted after an interval of 20 minutes.,10.7820/vli.v02.1.ishii,10.1177/1362168814559799
The Interpretability Hypothesis: evidence from wh-interrogatives in second language acquisition,The Interpretability Hypothesis again: A partial replication of Tsimpli and Dimitrakopoulou (2007),"Tsimpli, I. M., & Dimitrakopoulou, M. (2007). The Interpretability Hypothesis: evidence from wh-interrogatives in second language acquisition. Second Language Research, 23(2), 215–242. https://doi.org/10.1177/0267658307076546","Leal Méndez, T., & Slabakova, R. (2012). The Interpretability Hypothesis again: A partial replication of Tsimpli and Dimitrakopoulou (2007). International Journal of Bilingualism, 18(6), 537–557. https://doi.org/10.1177/1367006912448125",Second Language Research,1.63,NA,"The second language acquisition (SLA) literature reports numerous studies of proficient second language (L2) speakers who diverge significantly from native speakers despite the evidence offered by the L2 input. Recent SLA theories have attempted to account for native speaker/non-native speaker (NS/NNS) divergence by arguing for the dissociation between syntactic knowledge and morpho(pho)nology. In particular, Lardiere (1998), Prévost and White (2000), and Goad and White (2004) claim that highly proficient learners have knowledge of the abstract syntactic properties of the language but occasionally fail to associate them with the correct morphological or phonological forms. On the other hand, theories that support partial availability of Universal Grammar (UG) (Tsimpli and Roussou 1991; Hawkins and Chan, 1997) argue for a problem in the syntax: while UG principles and operations are available in SLA, the formal features of the target language that are not instantiated in the L1 or have a different setting, cause learnability problems. This article discusses acquisitional data in the light of the Interpretability Hypothesis (Tsimpli and Mastropavlou, 2007), which is a reformulation of the SLA theory suggested by Tsimpli and Roussou (1991) in minimalist terms. It is argued that a minimalist approach to SLA can be implemented to specify the status of the features that are least accessible to re-setting in the SLA process, given (1) constraints on their learnability and (2), their setting in the L1 grammar. The phenomenon discussed concerns the use of the resumptive strategy in wh- subject and object extraction by intermediate and advanced Greek learners of English. It is proposed that the acceptability rate of pronouns in the extraction site is conditioned by the Logical Form (LF) interpretability of the features involved in the derivation. Hence, the interpretable features of animacy and discourse-linking are hypothesized to be involved in the analysis of English pronouns by Greek L2 learners, while the first language (L1) specification of resumptive pronouns as clusters of uninterpretable Case and Agreement features resists resetting.",failure,"both groups of advanced learners, those that do and those that don’t have resumptives in their individual grammars, have acquired the ungrammaticality of resumptives in English",10.1177/0267658307076546,10.1177/1367006912448125
Comparison of Static Picture and Video Prompting on the Performance of Cooking-Related Tasks by Students with Autism,iPad® Video Prompting to Teach Cooking Tasks to Korean American Adolescents With Autism Spectrum Disorder,"Mechling, L. C., & Gustafson, M. R. (2008). Comparison of Static Picture and Video Prompting on the Performance of Cooking-Related Tasks by Students with Autism. Journal of Special Education Technology, 23(3), 31–45. https://doi.org/10.1177/016264340802300304","Kim, S., & Kang, V. Y. (2020). iPad® Video Prompting to Teach Cooking Tasks to Korean American Adolescents With Autism Spectrum Disorder. Career Development and Transition for Exceptional Individuals, 43(3), 131–145. https://doi.org/10.1177/2165143420908286",Journal of Special Education Technology,2.68,NA,"This study compared the effectiveness of static photographs and video prompts on the independent task performance of six young men with a diagnosis of autism. An adapted alternating-treatment design with baseline, comparison, withdrawal, and final treatment conditions was used to measure the percentage of cooking-related tasks completed independently by each student across the two treatments. Both procedures were effective in increasing correct task performance for all participants from baseline levels where only verbal task directions were provided. However, participants independently completed a greater number of tasks when using video prompting. During the final treatment phase each student further increased his level of performance when using video prompting with sets of tasks receiving static picture prompts during the comparison phase.",success,Results indicated the correct completion of multi-step cooking tasks increased with the intervention package and was maintained seven weeks following intervention across three participants.,10.1177/016264340802300304,10.1177/2165143420908286
Fast mapping between a phrasal form and meaning,"Input skewedness, consistency, and order of frequent verbs in frequency-driven second language construction learning: A replication and extension of Casenhiser and Goldberg (2005) to adult second language acquisition","Casenhiser, D., & Goldberg, A. E. (2005). Fast mapping between a phrasal form and meaning. Developmental Science, 8(6), 500–508. Portico. https://doi.org/10.1111/j.1467-7687.2005.00441.x","Nakamura, D. (2012). Input skewedness, consistency, and order of frequent verbs in frequency-driven second language construction learning: A replication and extension of Casenhiser and Goldberg (2005) to adult secondlanguage acquisition. International Review of Applied Linguistics in Language Teaching, 50(1), 1–37. https://doi.org/10.1515/iral-2012-0001",Developmental Science,2.41,NA,"This is the first study to investigate experimentally how children come to learn mappings between novel phrasal forms and novel meanings: a central task in learning a language. Two experiments are reported. In both studies 5‐ to 7‐year‐old children watched a short set of video clips depicting objects appearing in various ways. Each scene was described using a novel verb embedded in a novel construction. Children who watched the videos and heard the accompanying description were able to match new descriptions that used the novel construction with new scenes of appearance. Moreover, our results suggest a facilitative effect for the disproportionately high frequency of occurrence of a single verb in a particular construction (such as has been found to exist in naturalistic input to children). While the fast mapping might be taken as an indication of innate knowledge that is specific to language, analogous effects in non‐linguistic categorization tasks suggest that children are acquiring the new phrasal form with general cognitive skills.",failure,no significant positive effects of input skewedness on comprehension,10.1111/j.1467-7687.2005.00441.x,10.1515/iral-2012-0001
Reading Literary Fiction Improves Theory of Mind,The Effect of Reading a Short Passage of Literary Fiction on Theory of Mind: A Replication of Kidd and Castano (2013),"Kidd, D. C., & Castano, E. (2013). Reading Literary Fiction Improves Theory of Mind. Science, 342(6156), 377–380. https://doi.org/10.1126/science.1239918","van Kuijk, I., Verkoeijen, P., Dijkstra, K., & Zwaan, R. A. (2018). The Effect of Reading a Short Passage of Literary Fiction on Theory of Mind: A Replication of Kidd and Castano (2013). Collabra: Psychology, 4(1). https://doi.org/10.1525/collabra.117",Science,16.49,NA,"A Good Read Theory of Mind is the human capacity to comprehend that other people hold beliefs and desires and that these may differ from one's own beliefs and desires. The currently predominant view is that literary fiction—often described as narratives that focus on in-depth portrayals of subjects' inner feelings and thoughts—can be linked to theory of mind processes, especially those that are involved in the understanding or simulation of the affective characteristics of the subjects. Kidd and Castano (p. 377 , published online 3 October) provide experimental evidence that reading passages of literary fiction, in comparison to nonfiction or popular fiction, does indeed enhance the reader's performance on theory of mind tasks.",success,The results of this replication were largely consistent with Kidd and Castano’s original findings.,10.1126/science.1239918,10.1525/collabra.117
Dynamics of Performing and Remembering Organizational Routines,Theory Development Via Replicated Simulations and the Added Value of Standards,"Miller, K. D., Pentland, B. T., & Choi, S. (2012). Dynamics of Performing and Remembering Organizational Routines. Journal of Management Studies, 49(8), 1536–1558. Portico. https://doi.org/10.1111/j.1467-6486.2012.01062.x","Hauke, J., Achter, S., & Meyer, M. (2020). Theory Development Via Replicated Simulations and the Added Value of Standards. Journal of Artificial Societies and Social Simulation, 23(1). https://doi.org/10.18564/jasss.4219",Journal of Management Studies,4.79,NA,"This study addresses the dynamic interplay between action and memory in organizational routines. We consider three distinct forms of memory – procedural, declarative, and transactive – and examine their roles in the formation, efficiency, and adaptability of organizational routines. We introduce an agent‐based model simulating organizational routines as repeated patterns of sequential tasks accomplished by networks of individuals. We model the formation of new routines, and changes in established organizational routines resulting from loss of personnel (due to downsizing) and changes in environmental demands. We find that transactive memory enhances problem‐solving efficiency and facilitates adaptation to novel problems. Declarative memory built from past experience facilitates efficient routines in stable contexts, but obstructs efficiency gains when the organization encounters novel problems.",success,"Hence, we conclude the model is replicated successfully.",10.1111/j.1467-6486.2012.01062.x,10.18564/jasss.4219
ASSESSMENT OF DEVIANT AROUSAL IN ADULT MALE SEX OFFENDERS WITH DEVELOPMENTAL DISABILITIES,REPLICATIONS AND EXTENSIONS IN AROUSAL ASSESSMENT FOR SEX OFFENDERS WITH DEVELOPMENTAL DISABILITIES,"Reyes, J. R., Vollmer, T. R., Sloman, K. N., Hall, A., Reed, R., Jansen, G., Carr, S., Jackson, K., & Stoutimore, M. (2006). ASSESSMENT OF DEVIANT AROUSAL IN ADULT MALE SEX OFFENDERS WITH DEVELOPMENTAL DISABILITIES. Journal of Applied Behavior Analysis, 39(2), 173–188. Portico. https://doi.org/10.1901/jaba.2006.46-05","Reyes, J. R., Vollmer, T. R., & Hall, A. (2011). REPLICATIONS AND EXTENSIONS IN AROUSAL ASSESSMENT FOR SEX OFFENDERS WITH DEVELOPMENTAL DISABILITIES. Journal of Applied Behavior Analysis, 44(2), 369–373. Portico. https://doi.org/10.1901/jaba.2011.44-369",Journal of Applied Behavior Analysis,2.26,NA,"Ten individuals, residing in a treatment facility specializing in the rehabilitation of sex offenders with developmental disabilities, participated in an arousal assessment involving the use of the penile plethysmograph. The arousal assessments involved measuring change in penile circumference to various categories of stimuli both appropriate (adult men and women) and inappropriate (e.g., 8‐ to 9‐year‐old boys and girls). This approach extends the existing assessment literature by the use of repeated measurement and single‐subject experimental design. Data from these assessments were analyzed to determine if clear and informative outcomes were obtained. Overall, three general patterns of results emerged. Some participants showed differentiated deviant arousal or higher levels of arousal to specific inappropriate stimuli ( deviant is a term used in the existing sex‐offender literature to describe this type of arousal). Other participants showed undifferentiated deviant arousal, in which case they showed nonspecific arousal to inappropriate stimuli. The remaining participants showed no arousal to inappropriate stimuli but did show arousal to appropriate stimuli. Implications for assessment, treatment, and future directions are discussed.",success,Arousal assessment outcomes were similar to those obtained by Reyes et al. (2006).,10.1901/jaba.2006.46-05,10.1901/jaba.2011.44-369
"ASSOCIATIVE SYMMETRY, ANTISYMMETRY, AND A THEORY OF PIGEONS' EQUIVALENCE‐CLASS FORMATION",A REPLICATION AND EXTENSION OF THE ANTISYMMETRY EFFECT IN PIGEONS,"Urcuioli, P. J. (2008). ASSOCIATIVE SYMMETRY, ANTISYMMETRY, AND A THEORY OF PIGEONS’ EQUIVALENCE‐CLASS FORMATION. Journal of the Experimental Analysis of Behavior, 90(3), 257–282. Portico. https://doi.org/10.1901/jeab.2008.90-257","Urcuioli, P. J., & Swisher, M. (2012). A REPLICATION AND EXTENSION OF THE ANTISYMMETRY EFFECT IN PIGEONS. Journal of the Experimental Analysis of Behavior, 98(3), 283–293. Portico. https://doi.org/10.1901/jeab.2012.98-283",Journal of the Experimental Analysis of Behavior,1.12,NA,"Five experiments assessed associative symmetry in pigeons. In Experiments 1A, 1B and 2, pigeons learned two‐alternative symbolic matching with identical sample‐ and comparison‐response requirements and with matching stimuli appearing in all possible locations. Despite controlling for the nature of the functional stimuli and insuring all requisite discriminations, there was little or no evidence for symmetry. By contrast, Experiment 3 demonstrated symmetry in successive (go/no‐go) matching, replicating the findings of Frank and Wasserman (2005). In view of these results, I propose that in successive matching, (1) the functional stimuli are stimulus‐temporal location compounds, (2) continual nonreinforcement of some sample‐comparison combinations juxtaposed with reinforcement of other combinations throughout training facilitates stimulus class formation, (3) classes consist of the elements of the reinforced combinations, and (4) common elements produce class merger. The theory predicts that particular sets of training relations should yield “antisymmetry”: Pigeons should respond more to a reversal of the nonreinforced symbolic baseline relations than to a reversal of the reinforced relations. Experiment 4 confirmed this counterintuitive prediction. These results and other theoretical implications support the idea that equivalence relations are a natural consequence of reinforcement contingencies.",success,The present experiment replicated this finding.,10.1901/jeab.2008.90-257,10.1901/jeab.2012.98-283
The Outcome Effect and Professional Skepticism,The Outcome Effect and Professional Skepticism: A Replication and a Failed Attempt at Mitigation,"Brazel, J. F., Jackson, S. B., Schaefer, T. J., & Stewart, B. W. (2016). The Outcome Effect and Professional Skepticism. The Accounting Review, 91(6), 1577–1599. https://doi.org/10.2308/accr-51448","Brazel, J. F., Gimbar, C., Maksymov, E. M., & Schaefer, T. J. (2018). The Outcome Effect and Professional Skepticism: A Replication and a Failed Attempt at Mitigation. Behavioral Research in Accounting, 31(2), 135–143. https://doi.org/10.2308/bria-52306",The Accounting Review,4.18,NA,"Despite the importance placed on professional skepticism by the accounting profession and regulators, the failure of auditors to exercise an appropriate level of skepticism continues to be a global issue. We experimentally test a potential barrier to skepticism. We find that outcome knowledge biases supervisors' evaluations of skeptical behavior. Holding a staff member's skeptical judgments and acts constant, superiors on the engagement team evaluate the staff's skeptical behavior based on whether the staff's investigation of an issue ultimately identifies a misstatement. Our evidence suggests that evaluators penalize auditors who employ an appropriate level of skepticism, but do not identify a misstatement. Although consultation with their superiors while exercising skepticism improved staff auditors' performance evaluations, consultation did not effectively mitigate the outcome effect on their evaluations. Last, we observe that auditors in the field anticipate that their superiors will be influenced by outcome knowledge when they evaluate their skeptical behavior. Collectively, our results depict an evaluation system that may inadvertently discourage skepticism among auditors in the field. Data Availability: Contact the authors.",success,"Like the original study, we find that evaluators reward audit staff who exercise appropriate levels of skepticism and identify a misstatement (positive outcome).",10.2308/accr-51448,10.2308/bria-52306
"Different Tests, Different Answers",The Sensitivity of Teacher Value-Added Scores to the Use of Fall or Spring Test Scores,"Papay, J. P. (2011). Different Tests, Different Answers. American Educational Research Journal, 48(1), 163–193. https://doi.org/10.3102/0002831210362589","Atteberry, A., & Mangan, D. (2020). The Sensitivity of Teacher Value-Added Scores to the Use of Fall or Spring Test Scores. Educational Researcher, 49(5), 335–349. https://doi.org/10.3102/0013189x20922993",American Educational Research Journal,4.2,NA,"Recently, educational researchers and practitioners have turned to value-added models to evaluate teacher performance. Although value-added estimates depend on the assessment used to measure student achievement, the importance of outcome selection has received scant attention in the literature. Using data from a large, urban school district, I examine whether value-added estimates from three separate reading achievement tests provide similar answers about teacher performance. I find moderate-sized rank correlations, ranging from 0.15 to 0.58, between the estimates derived from different tests. Although the tests vary to some degree in content, scaling, and sample of students, these factors do not explain the differences in teacher effects. Instead, test timing and measurement error contribute substantially to the instability of value-added estimates across tests.",success,We find similarly low correlations (.13-.15) that persist across value-added specifications.,10.3102/0002831210362589,10.3102/0013189x20922993
Can race be erased? Coalitional computation and social categorization,Can race really be erased? A pre-registered replication study,"Kurzban, R., Tooby, J., & Cosmides, L. (2001). Can race be erased? Coalitional computation and social categorization. Proceedings of the National Academy of Sciences, 98(26), 15387–15392. https://doi.org/10.1073/pnas.251541498","Voorspoels, W., Bartlema, A., & Vanpaemel, W. (2014). Can race really be erased? A pre-registered replication study. Frontiers in Psychology, 5. https://doi.org/10.3389/fpsyg.2014.01035",Proceedings of the National Academy of Sciences,6.95,NA,"Previous studies have established that people encode the race of each individual they encounter, and do so via computational processes that appear to be both automatic and mandatory. If true, this conclusion would be important, because categorizing others by their race is a precondition for treating them differently according to race. Here we report experiments, using unobtrusive measures, showing that categorizing individuals by race is not inevitable, and supporting an alternative hypothesis: that encoding by race is instead a reversible byproduct of cognitive machinery that evolved to detect coalitional alliances. The results show that subjects encode coalitional affiliations as a normal part of person representation. More importantly, when cues of coalitional affiliation no longer track or correspond to race, subjects markedly reduce the extent to which they categorize others by race, and indeed may cease doing so entirely. Despite a lifetime's experience of race as a predictor of social alliance, less than 4 min of exposure to an alternate social world was enough to deflate the tendency to categorize by race. These results suggest that racism may be a volatile and eradicable construct that persists only so long as it is actively maintained through being linked to parallel systems of social alliance.",success,Our results indicate that the encoding of race is indeed reduced when another coalitional cue is available,10.1073/pnas.251541498,10.3389/fpsyg.2014.01035
Increased conspiracy beliefs among ethnic and Muslim minorities,Education and conspiracy beliefs: A replication of van Prooijen (2017),"van Prooijen, J., Staman, J., & Krouwel, A. P. M. (2018). Increased conspiracy beliefs among ethnic and Muslim minorities. Applied Cognitive Psychology, 32(5), 661–667. Portico. https://doi.org/10.1002/acp.3442","Ballová Mikušková, E. (2023). Education and conspiracy beliefs: A replication of van Prooijen (2017). Applied Cognitive Psychology, 37(1), 174–188. Portico. https://doi.org/10.1002/acp.4037",Applied Cognitive Psychology,1.25,NA,"In the present study, we tested whether Muslim minority members are more susceptible to conspiracy theories than majority members in the Netherlands. We examined conspiracy theories that are relevant (portraying the Muslim community as victim or Jewish people as perpetrators) and irrelevant for participants' Muslim identity (about the 2007 financial crisis, and other theories such as that the moon landings were fake). Results revealed that Muslims believed both identity‐relevant and irrelevant conspiracy theories more strongly than non‐Muslims. These differences could not be attributed to the contents of Muslim faith: Ethnic minority status exerted similar effects independent of Muslim identity. Instead, evidence suggested that feelings of both personal and group‐based deprivation independently contribute to belief in conspiracy theories. We conclude that feelings of deprivation lead marginalized minority members to perceive the social and political system as rigged, stimulating belief in both identity‐relevant and irrelevant conspiracy theories.",success,"These results showed the connection of education to socioeconomic status, a feeling of control and analytic thinking (cognitive reflection, scientific reasoning) and their power to reduce conspiracy beliefs.",10.1002/acp.3442,10.1002/acp.4037
Targeted enhancement of cortical-hippocampal brain networks and associative memory,Episodic memory improvements due to noninvasive stimulation targeting the cortical–hippocampal network: A replication and extension experiment,"Wang, J. X., Rogers, L. M., Gross, E. Z., Ryals, A. J., Dokucu, M. E., Brandstatt, K. L., Hermiller, M. S., & Voss, J. L. (2014). Targeted enhancement of cortical-hippocampal brain networks and associative memory. Science, 345(6200), 1054–1057. https://doi.org/10.1126/science.1252900","Hermiller, M. S., Karp, E., Nilakantan, A. S., & Voss, J. L. (2019). Episodic memory improvements due to noninvasive stimulation targeting the cortical–hippocampal network: A replication and extension experiment. Brain and Behavior, 9(12). Portico. https://doi.org/10.1002/brb3.1393",Science,16.49,NA,"Brain stimulation to improve human memory The hippocampus is a crucial brain area for certain types of memory. Working with humans, Wang et al. found that a specific type of non-invasive brain stimulation improved memory tests and enhanced information flow between the hippocampus and a number of other brain regions. This increased connectivity was highly specific for the individual target areas selected for each participant. Science , this issue p. 1054",success,"Similar to Wang et al., paired-associate learning was significantly improved after 1 week of active stimulation but not after 1 week of sham stimulation.",10.1126/science.1252900,10.1002/brb3.1393
Reading and doing arithmetic nonconsciously,A direct replication: Unconscious arithmetic processing,"Sklar, A. Y., Levy, N., Goldstein, A., Mandel, R., Maril, A., & Hassin, R. R. (2012). Reading and doing arithmetic nonconsciously. Proceedings of the National Academy of Sciences, 109(48), 19614–19619. https://doi.org/10.1073/pnas.1211645109","Karpinski, A., Briggs, J. C., & Yale, M. (2018). A direct replication: Unconscious arithmetic processing. European Journal of Social Psychology, 49(3), 637–644. Portico. https://doi.org/10.1002/ejsp.2390",Proceedings of the National Academy of Sciences,6.95,NA,"The modal view in the cognitive and neural sciences holds that consciousness is necessary for abstract, symbolic, and rule-following computations. Hence, semantic processing of multiple-word expressions, and performing of abstract mathematical computations, are widely believed to require consciousness. We report a series of experiments in which we show that multiple-word verbal expressions can be processed outside conscious awareness and that multistep, effortful arithmetic equations can be solved unconsciously. All experiments used Continuous Flash Suppression to render stimuli invisible for relatively long durations (up to 2,000 ms). Where appropriate, unawareness was verified using both objective and subjective measures. The results show that novel word combinations, in the form of expressions that contain semantic violations, become conscious before expressions that do not contain semantic violations, that the more negative a verbal expression is, the more quickly it becomes conscious, and that subliminal arithmetic equations prime their results. These findings call for a significant update of our view of conscious and unconscious processes.",success,"We found evidence of unconscious subtraction consistent with Sklar et al., albeit the effect is weak.",10.1073/pnas.1211645109,10.1002/ejsp.2390
Relative preferences for edible and leisure stimuli in children with autism,Relative preferences for edible and leisure stimuli in children with autism: A replication in Italy,"Conine, D. E., & Vollmer, T. R. (2018). Relative preferences for edible and leisure stimuli in children with autism. Journal of Applied Behavior Analysis, 52(2), 557–573. Portico. https://doi.org/10.1002/jaba.525","Slanzi, C. M., Graziano, M., D’Angelo, G., Vollmer, T. R., & Conine, D. E. (2019). Relative preferences for edible and leisure stimuli in children with autism: A replication in Italy. Journal of Applied Behavior Analysis, 53(4), 2429–2439. Portico. https://doi.org/10.1002/jaba.666",Journal of Applied Behavior Analysis,2.26,NA,"Prior researchers have reported a tendency for individuals with developmental disabilities to select edible items more often than leisure items when those items are presented together in stimulus preference assessments. However, children with autism spectrum disorders (ASD), with whom many behavior analysts currently practice, are underrepresented in this body of literature. We conducted a replication of prior research with 26 children with ASD. Results indicated that edible items were more likely than leisure items to rank highly in our preference assessments, in concurrence with prior research. However, leisure items were also selected more often overall than in prior research, and significant individual variation was observed. These results suggest that preference assessments containing both edible and leisure stimuli can yield useful information for behavior analysts providing services to children with ASD, and the degree of preference for edible items noted in prior work may not be reflected in this contemporary population.",success,"Results of our study were similar: For 44% of participants, at least one leisure item ranked above all edible items and leisure items displaced all edible items for 28% of participants.",10.1002/jaba.525,10.1002/jaba.666
Do female and ethnically diverse executives endure inequity in the CEO position or do they benefit from their minority status? An empirical examination,"Revisiting the gender gap in CEO compensation: Replication and extension of Hill, Upadhyay, and Beekun's (2015) work on CEO gender pay gap","Hill, A. D., Upadhyay, A. D., & Beekun, R. I. (2014). Do female and ethnically diverse executives endure inequity in the CEO position or do they benefit from their minority status? An empirical examination. Strategic Management Journal, 36(8), 1115–1134. Portico. https://doi.org/10.1002/smj.2274","Gupta, V. K., Mortal, S. C., & Guo, X. (2018). Revisiting the gender gap in CEO compensation: Replication and extension of Hill, Upadhyay, and Beekun’s (2015) work on CEO gender pay gap. Strategic Management Journal, 39(7), 2036–2050. Portico. https://doi.org/10.1002/smj.2905",Strategic Management Journal,5.76,NA,"We present competing hypotheses regarding whether gender and ethnic minority CEO s endure inequities resulting in lower compensation and higher likelihood of job exit or benefit from their valuable, rare, and inimitable minority status, resulting in higher compensation and lower likelihood of job exit. Using a longitudinal sample, we find support for the resource‐based hypothesis regarding compensation that suggests CEO s benefit from their minority status to receive higher compensation than white male CEO s receive. However, we also find mixed support for our hypotheses relating CEO minority status to the likelihood of exit. We find that the effects of minority status on likelihood of exit are significantly different for female and ethnic minority CEO s such that the former relationship is negative while the latter is positive . Copyright © 2014 John Wiley &amp; Sons, Ltd.",failure,We do not find reliable evidence for a difference in compensation paid to male and female CEOs,10.1002/smj.2274,10.1002/smj.2905
A Scientific Approach to Entrepreneurial Decision Making: Evidence from a Randomized Control Trial,A scientific approach to entrepreneurial decision‐making: Large‐scale replication and extension,"Camuffo, A., Cordova, A., Gambardella, A., & Spina, C. (2020). A Scientific Approach to Entrepreneurial Decision Making: Evidence from a Randomized Control Trial. Management Science, 66(2), 564–586. https://doi.org/10.1287/mnsc.2018.3249","Camuffo, A., Gambardella, A., Messinese, D., Novelli, E., Paolucci, E., & Spina, C. (2024). A scientific approach to entrepreneurial decision‐making: Large‐scale replication and extension. Strategic Management Journal, 45(6), 1209–1237. Portico. https://doi.org/10.1002/smj.3580",Management Science,4.67,NA,"A classical approach to collecting and elaborating information to make entrepreneurial decisions combines search heuristics, such as trial and error, effectuation, and confirmatory search. This paper develops a framework for exploring the implications of a more scientific approach to entrepreneurial decision making. The panel sample of our randomized control trial includes 116 Italian startups and 16 data points over a period of about one year. Both the treatment and control groups receive 10 sessions of general training on how to obtain feedback from the market and gauge the feasibility of their idea. We teach the treated startups to develop frameworks for predicting the performance of their idea and conduct rigorous tests of their hypotheses, very much as scientists do in their research. We let the firms in the control group instead follow their intuitions about how to assess their idea, which has typically produced fairly standard search heuristics. We find that entrepreneurs who behave like scientists perform better, are more likely to pivot to a different idea, and are not more likely to drop out than the control group in the early stages of the startup. These results are consistent with the main prediction of our theory: a scientific approach improves precision—it reduces the odds of pursuing projects with false positive returns and increases the odds of pursuing projects with false negative returns. This paper was accepted by Marie Thursby, entrepreneurship and innovation.",success,We observe a positive impact on idea termination and results that are consistent with a nonlinear effect on radical pivots,10.1287/mnsc.2018.3249,10.1002/smj.3580
"Mentalising Moderates the Link between Autism Traits and Current Gender Dysphoric Features in Primarily Non-autistic, Cisgender Individuals","Links Between Autistic Traits, Feelings of Gender Dysphoria, and Mentalising Ability: Replication and Extension of Previous Findings from the General Population","Kallitsounaki, A., & Williams, D. (2020). Mentalising Moderates the Link between Autism Traits and Current Gender Dysphoric Features in Primarily Non-autistic, Cisgender Individuals. Journal of Autism and Developmental Disorders, 50(11), 4148–4157. https://doi.org/10.1007/s10803-020-04478-4","Kallitsounaki, A., Williams, D. M., & Lind, S. E. (2020). Links Between Autistic Traits, Feelings of Gender Dysphoria, and Mentalising Ability: Replication and Extension of Previous Findings from the General Population. Journal of Autism and Developmental Disorders, 51(5), 1458–1465. https://doi.org/10.1007/s10803-020-04626-w",Journal of Autism and Developmental Disorders,1.84,NA,"The co-occurrence between autism and gender dysphoria has received much attention recently. We found that, among 101 adults from the general population number of autism traits, as measured using the autism-spectrum quotient was associated significantly with recalled and current gender dysphoric traits. Furthermore, performance on an objective measure of mentalising, such as the “Reading the Mind in the Eyes” test was associated with current gender dysphoric traits, but most importantly it moderated the relation between number of autism traits and number of current gender dysphoric traits, such that the association was significant only when mentalising ability was relatively low. Results suggest mentalising may represent a contributing factor to the relation between autism and gender dysphoric traits in the general population.",success,"The current study successfully replicated these findings (results were supplemented with Bayesian analyses), in sample of 126 adults.",10.1007/s10803-020-04478-4,10.1007/s10803-020-04626-w
An Empirical Study of the Dimensionality of the Mathematical Knowledge for Teaching Construct,Mathematical content knowledge and knowledge for teaching: exploring their distinguishability and contribution to student learning,"Copur-Gencturk, Y., Tolar, T., Jacobson, E., & Fan, W. (2018). An Empirical Study of the Dimensionality of the Mathematical Knowledge for Teaching Construct. Journal of Teacher Education, 70(5), 485–497. https://doi.org/10.1177/0022487118761860","Charalambous, C. Y., Hill, H. C., Chin, M. J., & McGinn, D. (2019). Mathematical content knowledge and knowledge for teaching: exploring their distinguishability and contribution to student learning. Journal of Mathematics Teacher Education, 23(6), 579–613. https://doi.org/10.1007/s10857-019-09443-2",Journal of Teacher Education,3.97,NA,"This study explores the dimensionality of mathematical knowledge needed by elementary school teachers. Specifically, we focus on the construct of Mathematical Knowledge for Teaching to investigate whether common mathematical content knowledge (the generic mathematical knowledge that is held by an educated adult), specialized content knowledge (the content knowledge that is unique to teaching), and pedagogical content knowledge (knowledge of the content, students, and teaching) can be distinguished empirically. Findings from a secondary analysis of data collected from upper elementary teachers in the Measures of Effective Teaching project ( N = 397) suggest the most parsimonious explanation of Mathematical Knowledge for Teaching construct is that it is unidimensional. We argue, based on the findings and limitations we identified, that researchers should reconsider both the structure of the components that make up the content knowledge for teaching and the effects of item design on the dimensionality of the construct.",success,Value-added models predicting student test outcomes on both state tests and a test with cognitively challenging tasks revealed that teacher knowledge positively predicts student achievement gains.,10.1177/0022487118761860,10.1007/s10857-019-09443-2
Class-Wide Function-Related Intervention Teams: Effects of Group Contingency Programs in Urban Classrooms,The Effects of Class-Wide Function-Related Intervention Teams (CW-FIT) on Students’ Prosocial Classroom Behaviors,"Kamps, D., Wills, H. P., Heitzman-Powell, L., Laylin, J., Szoke, C., Petrillo, T., & Culey, A. (2011). Class-Wide Function-Related Intervention Teams: Effects of Group Contingency Programs in Urban Classrooms. Journal of Positive Behavior Interventions, 13(3), 154–167. https://doi.org/10.1177/1098300711398935","Conklin, C. G., Kamps, D., & Wills, H. (2016). The Effects of Class-Wide Function-Related Intervention Teams (CW-FIT) on Students’ Prosocial Classroom Behaviors. Journal of Behavioral Education, 26(1), 75–100. https://doi.org/10.1007/s10864-016-9252-5",Journal of Positive Behavior Interventions,1.32,NA,"The purpose of the study was to determine the effectiveness of the Class- Wide Function-related Intervention Teams (CW-FIT) program, a group contingency intervention for whole classes, and for students with disruptive behaviors who are at risk for emotional/behavioral disorders (EBD). The CW-FIT program includes four elements designed from empirical studies on the assessment and treatment of problem behavior: (a) teaching socially appropriate communicative skills to access attention or brief escape; (b) extinction of or eliminating potential reinforcement (attention, escape) for problem behavior; (c) strengthening alternative or replacement behaviors, that is, differential reinforcement at individual levels within the context of peer groups with shared group contingencies; and (d) self-management for program maintenance. Procedures were designed to fit within a School-wide Positive Behavior Support framework as Tier II interventions. The CW-FIT implementation was completed in six classes drawn from three schools with 107 students and 8 target students with EBD risks. Results showed clinically important improvements. Group on-task data improved during CW-FIT over baseline levels. For target EBD risk students, results included decreased disruptive behaviors and increased on-task behavior during CW-FIT. Implications for teachers and practitioners are discussed; improved student behavior translates to important levels of increased instruction time in urban classrooms.",success,An ABAB reversal design was used to demonstrate intervention effectiveness and experimental control.,10.1177/1098300711398935,10.1007/s10864-016-9252-5
A Large-Scale Evaluation of the KiVa Antibullying Program: Grades 4–6,A Large-Scale Replication of the Effectiveness of the KiVa Antibullying Program: a Randomized Controlled Trial in the Netherlands,"Kärnä, A., Voeten, M., Little, T. D., Poskiparta, E., Kaljonen, A., & Salmivalli, C. (2011). A Large-Scale Evaluation of the KiVa Antibullying Program: Grades 4–6. Child Development, 82(1), 311–330. https://doi.org/10.1111/j.1467-8624.2010.01557.x","Huitsing, G., Lodder, G. M. A., Browne, W. J., Oldenburg, B., Van der Ploeg, R., & Veenstra, R. (2020). A Large-Scale Replication of the Effectiveness of the KiVa Antibullying Program: a Randomized Controlled Trial in the Netherlands. Prevention Science, 21(5), 627–638. https://doi.org/10.1007/s11121-020-01116-4",Child Development,2.1,NA,"This study demonstrates the effectiveness of the KiVa antibullying program using a large sample of 8,237 youth from Grades 4–6 (10–12 years). Altogether, 78 schools were randomly assigned to intervention (39 schools, 4,207 students) and control conditions (39 schools, 4,030 students). Multilevel regression analyses revealed that after 9 months of implementation, the intervention had consistent beneficial effects on 7 of the 11 dependent variables, including self- and peer-reported victimization and self-reported bullying. The results indicate that the KiVa program is effective in reducing school bullying and victimization in Grades 4–6. Despite some evidence against school-based interventions, the results suggest that well-conceived school-based programs can reduce victimization.",success,These longitudinal models showed that self-reported victimization and bullying reduced more strongly in KiVa-schools compared with control schools.,10.1111/j.1467-8624.2010.01557.x,10.1007/s11121-020-01116-4
The Framing of Decisions and the Psychology of Choice,Replication and extension of framing effects to compliance with health behaviors during pandemics,"Tversky, A., & Kahneman, D. (1981). The Framing of Decisions and the Psychology of Choice. Science, 211(4481), 453–458. https://doi.org/10.1126/science.7455683","Otterbring, T., Festila, A., & Folwarczny, M. (2021). Replication and extension of framing effects to compliance with health behaviors during pandemics. Safety Science, 134, 105065. https://doi.org/10.1016/j.ssci.2020.105065",Science,16.49,NA,"The psychological principles that govern the perception of decision problems and the evaluation of probabilities and outcomes produce predictable shifts of preference when the same problem is framed in different ways. Reversals of preference are demonstrated in choices regarding monetary outcomes, both hypothetical and real, and in questions pertaining to the loss of human lives. The effects of frames on preferences are compared to the effects of perspectives on perceptual appearance. The dependence of preferences on the formulation of decision problems is a significant concern for the theory of rational choice.",success,"we show that the classic Asian Disease Problem (Tversy and Kahneman, 1981) is replicable, regardless of disease type (real vs. hypothetical).",10.1126/science.7455683,10.1016/j.ssci.2020.105065
Reducing the Racial Achievement Gap: A Social-Psychological Intervention,New evidence on self-affirmation effects and theorized sources of heterogeneity from large-scale replications.,"Cohen, G. L., Garcia, J., Apfel, N., & Master, A. (2006). Reducing the Racial Achievement Gap: A Social-Psychological Intervention. Science, 313(5791), 1307–1310. https://doi.org/10.1126/science.1128317","Hanselman, P., Rozek, C. S., Grigg, J., & Borman, G. D. (2017). New evidence on self-affirmation effects and theorized sources of heterogeneity from large-scale replications. Journal of Educational Psychology, 109(3), 405–424. https://doi.org/10.1037/edu0000141",Science,16.49,NA,"Two randomized field experiments tested a social-psychological intervention designed to improve minority student performance and increase our understanding of how psychological threat mediates performance in chronically evaluative real-world environments. We expected that the risk of confirming a negative stereotype aimed at one's group could undermine academic performance in minority students by elevating their level of psychological threat. We tested whether such psychological threat could be lessened by having students reaffirm their sense of personal adequacy or “self-integrity.” The intervention, a brief in-class writing assignment, significantly improved the grades of African American students and reduced the racial achievement gap by 40%. These results suggest that the racial achievement gap, a major social concern in the United States, could be ameliorated by the use of timely and targeted social-psychological interventions.",failure,We found no evidence of effects in this replication study and estimates were precise enough to reject benefits larger than an effect size of 0.10.,10.1126/science.1128317,10.1037/edu0000141
Promoting Interest and Performance in High School Science Classes,Making connections: Replicating and extending the utility value intervention in the classroom.,"Hulleman, C. S., & Harackiewicz, J. M. (2009). Promoting Interest and Performance in High School Science Classes. Science, 326(5958), 1410–1412. https://doi.org/10.1126/science.1177067","Hulleman, C. S., Kosovich, J. J., Barron, K. E., & Daniel, D. B. (2017). Making connections: Replicating and extending the utility value intervention in the classroom. Journal of Educational Psychology, 109(3), 387–404. https://doi.org/10.1037/edu0000146",Science,16.49,NA,"For the Love of Science Which is a better predictor of a student's continued participation in science, facile understanding or personal interest? Hulleman and Harackiewicz (p. 1410 ) designed an experiment to find out what drives high-school students. First-year high-school students were asked either to write about what they had just learned or about how what they had just learned connected to some facet of their personal lives. Connections of personal relevance were stronger than good grades for predicting interest in further science courses and future science careers. This low-cost intervention seemed to have its largest effect on students who began the class with the least amount of confidence in their abilities.",success,increased both interest and performance of low-performing students,10.1126/science.1177067,10.1037/edu0000146
Reducing the Racial Achievement Gap: A Social-Psychological Intervention,Affirmative Intervention to Reduce Stereotype Threat Bias: Experimental Evidence from a Community College,"Cohen, G. L., Garcia, J., Apfel, N., & Master, A. (2006). Reducing the Racial Achievement Gap: A Social-Psychological Intervention. Science, 313(5791), 1307–1310. https://doi.org/10.1126/science.1128317","Baker, D. J., Skinner, B. T., & Redding, C. H. (2019). Affirmative Intervention to Reduce Stereotype Threat Bias: Experimental Evidence from a Community College. The Journal of Higher Education, 91(5), 722–754. https://doi.org/10.1080/00221546.2019.1650582",Science,16.49,NA,"Two randomized field experiments tested a social-psychological intervention designed to improve minority student performance and increase our understanding of how psychological threat mediates performance in chronically evaluative real-world environments. We expected that the risk of confirming a negative stereotype aimed at one's group could undermine academic performance in minority students by elevating their level of psychological threat. We tested whether such psychological threat could be lessened by having students reaffirm their sense of personal adequacy or “self-integrity.” The intervention, a brief in-class writing assignment, significantly improved the grades of African American students and reduced the racial achievement gap by 40%. These results suggest that the racial achievement gap, a major social concern in the United States, could be ameliorated by the use of timely and targeted social-psychological interventions.",failure,"Overall, we find little evidence of a positive effect of this one-time affirmation of social identity.",10.1126/science.1128317,10.1080/00221546.2019.1650582
Implicit Theories of Intelligence Predict Achievement Across an Adolescent Transition: A Longitudinal Study and an Intervention,Failure to Replicate: Testing a Growth Mindset Intervention for College Student Success,"Blackwell, L. S., Trzesniewski, K. H., & Dweck, C. S. (2007). Implicit Theories of Intelligence Predict Achievement Across an Adolescent Transition: A Longitudinal Study and an Intervention. Child Development, 78(1), 246–263. Portico. https://doi.org/10.1111/j.1467-8624.2007.00995.x","Brez, C., Hampton, E. M., Behrendt, L., Brown, L., & Powers, J. (2020). Failure to Replicate: Testing a Growth Mindset Intervention for College Student Success. Basic and Applied Social Psychology, 42(6), 460–468. https://doi.org/10.1080/01973533.2020.1806845",Child Development,2.1,NA,"Two studies explored the role of implicit theories of intelligence in adolescents' mathematics achievement. In Study 1 with 373 7th graders, the belief that intelligence is malleable (incremental theory) predicted an upward trajectory in grades over the two years of junior high school, while a belief that intelligence is fixed (entity theory) predicted a flat trajectory. A mediational model including learning goals, positive beliefs about effort, and causal attributions and strategies was tested. In Study 2, an intervention teaching an incremental theory to 7th graders (N=48) promoted positive change in classroom motivation, compared with a control group (N=43). Simultaneously, students in the control group displayed a continuing downward trajectory in grades, while this decline was reversed for students in the experimental group.",failure,did not yield meaningful differences in students' academic success between the intervention and control groups.,10.1111/j.1467-8624.2007.00995.x,10.1080/01973533.2020.1806845
Macropartisanship,Macropartisanship: A Replication and Critique,"MacKuen, M. B., Erikson, R. S., & Stimson, J. A. (1989). Macropartisanship. American Political Science Review, 83(4), 1125–1142. https://doi.org/10.2307/1961661","Green, D., Palmquist, B., & Schickler, E. (1998). Macropartisanship: A Replication and Critique. American Political Science Review, 92(4), 883–899. https://doi.org/10.2307/2586310",American Political Science Review,4.48,1989,"From an early, incorrect consensus that party identification was free of the short-term influences of political life, its aggregate, macropartisanship, drew little scholary notice. Though macropartisanship, typically seen as a biennial time series, appears essentially constant, our quarterly treatment demonstrates substantial and notably systematic movement of this crucial barometer of the U.S. party system. We demonstrate that it varies systematically with respect to time, has electoral consequences, and can be modeled as a function of economic evaluations and approval of the incumbent presidential administration. Macropartisanship, we argue, is a variable like others, subject to routine ebb and flow as citizens in the aggregate reflect their experiences of politics onto the parties. Its medium-term movements of considerable magnitude are lasting enough to matter but occur without connoting shifts in the underlying party system and can be understood without invoking the crises and convulsions of realignment theory.",failure,find considerably less evidence of partisan fluctuation.,10.2307/1961661,10.2307/2586310
