id,session_id,play_count,nickname,career,round_number,ref_o,ref_r,journal,journal_visible,player_guess,true_outcome,correct,lives_remaining,reaction_time,tab_switches,level,timestamp,research_experience,if_visible,impact_factor,personal_code,education
1,1773661329731,6,Test7,Postdoc,1,Knowing Who You Are and Adding to It,Empirical audit and review and an assessment of evidentiary value in research on the psychological consequences of scarcity,Social Psychological and Personality Science,false,success,failure,false,2,5125,0,Junior Reviewer,2026-03-16 11:42:35.81+00,,,,,
2,1773661329731,6,Test7,Postdoc,2,The Curse of Knowledge in Reasoning About False Beliefs,Eleven years of student replication projects provide evidence on the correlates of replicability in psychology,Psychological Science,false,failure,failure,true,2,6274,0,Junior Reviewer,2026-03-16 11:42:51.326+00,,,,,
3,1773661329731,6,Test7,Postdoc,3,Participation,Evaluating replicability of laboratory experiments in economics,American Economic Review,false,failure,success,false,1,1040,0,Junior Reviewer,2026-03-16 11:42:57.817+00,,,,,
4,1773661329731,6,Test7,Postdoc,4,"Ignoring History, Denying Racism: Mounting Evidence for the Marley Hypothesis and Epistemologies of Ignorance",Ignorance of History and Perceptions of Racism: Another Look at the Marley Hypothesis,Social Psychological and Personality Science,false,failure,failure,true,1,1016,0,Junior Reviewer,2026-03-16 11:43:01.217+00,,,,,
5,1773661329731,6,Test7,Postdoc,5,Language Matters: The Study of Canadian Politics through an Exploration of Syllabi and Comprehensive Exams,Replicating “Language Matters”: Taking Baselines into Account,Canadian Journal of Political Science,false,success,success,true,1,954,0,Junior Reviewer,2026-03-16 11:43:03.029+00,,,,,
6,1773661329731,6,Test7,Postdoc,6,When failure is not an option: a police firearms training concept for improving decision-making in shoot/don’t shoot scenarios,Blended police firearms training improves performance in shoot/don't shoot scenarios: a systematic replication with police cadets,Frontiers in Psychology,false,failure,success,false,0,742,0,Junior Reviewer,2026-03-16 11:43:04.625+00,,,,,
7,1773661396207,7,Luke,Postdoc,1,A Choice Mind-Set Increases the Acceptance and Maintenance of Wealth Inequality,Eleven years of student replication projects provide evidence on the correlates of replicability in psychology,Psychological Science,true,success,failure,false,2,7825,0,Junior Reviewer,2026-03-16 11:43:29.293+00,,,,,
8,1773661396207,7,Luke,Postdoc,2,Why Do People Tend to Infer “Ought” From “Is”? The Role of Biases in Explanation,Eleven years of student replication projects provide evidence on the correlates of replicability in psychology,Psychological Science,false,success,success,true,2,644,0,Junior Reviewer,2026-03-16 11:43:30.643+00,,,,,
9,1773661396207,7,Luke,Postdoc,3,ASSESSMENT OF DEVIANT AROUSAL IN ADULT MALE SEX OFFENDERS WITH DEVELOPMENTAL DISABILITIES,REPLICATIONS AND EXTENSIONS IN AROUSAL ASSESSMENT FOR SEX OFFENDERS WITH DEVELOPMENTAL DISABILITIES,Journal of Applied Behavior Analysis,true,success,success,true,2,596,0,Junior Reviewer,2026-03-16 11:43:31.794+00,,,,,
10,1773661396207,7,Luke,Postdoc,4,The Interpretability Hypothesis: evidence from wh-interrogatives in second language acquisition,The Interpretability Hypothesis again: A partial replication of Tsimpli and Dimitrakopoulou (2007),Second Language Research,false,success,failure,false,1,725,0,Junior Reviewer,2026-03-16 11:43:33.001+00,,,,,
11,1773661396207,7,Luke,Postdoc,5,"Friends or Strangers? Firm-Specific Uncertainty, Market Uncertainty, and Network Partner Selection","Friends or strangers? It all depends on context: A replication and extension of <scp>B</scp> eckman, Haunschild, and <scp>P</scp> hillips (2004)",Organization Science,false,success,failure,false,0,273,0,Junior Reviewer,2026-03-16 11:43:33.818+00,,,,,
12,1773661455199,8,Luke,Postdoc,1,Americans misperceive racial economic equality,Examining the replicability of online experiments selected by a decision market,Proceedings of the National Academy of Sciences,false,failure,success,false,2,1051,0,Junior Reviewer,2026-03-16 11:44:18.786+00,,,,,
13,1773661455199,8,Luke,Postdoc,2,Flexibility in task switching by monolinguals and bilinguals,Bilingualism and flexibility in task switching,Bilingualism: Language and Cognition,true,failure,success,false,1,463,0,Junior Reviewer,2026-03-16 11:44:20.794+00,,,,,
14,1773661455199,8,Luke,Postdoc,3,Measuring global oral proficiency in SLA research: A new elicited imitation test of L2 Chinese,Using elicited imitation to measure global oral proficiency in SLA research: A close replication study,Foreign Language Annals,true,failure,success,false,0,914,0,Junior Reviewer,2026-03-16 11:44:22.25+00,,,,,
15,1773661511046,9,Luke,Postdoc,1,Avoiding overhead aversion in charity,Evaluating the replicability of social science experiments in Nature and Science between 2010 and 2015,Science,true,failure,success,false,2,3260,0,Junior Reviewer,2026-03-16 11:46:54.056+00,,,,,
16,1773661511046,9,Luke,Postdoc,2,Implicit Theories of Intelligence Predict Achievement Across an Adolescent Transition: A Longitudinal Study and an Intervention,Failure to Replicate: Testing a Growth Mindset Intervention for College Student Success,Child Development,true,success,failure,false,1,1933,0,Junior Reviewer,2026-03-16 11:47:25.965+00,,,,,
17,1773661511046,9,Luke,Postdoc,3,"ASSOCIATIVE SYMMETRY, ANTISYMMETRY, AND A THEORY OF PIGEONS' EQUIVALENCE‐CLASS FORMATION",A REPLICATION AND EXTENSION OF THE ANTISYMMETRY EFFECT IN PIGEONS,Journal of the Experimental Analysis of Behavior,false,success,success,true,1,2957,0,Junior Reviewer,2026-03-16 11:47:30.091+00,,,,,
18,1773661511046,9,Luke,Postdoc,4,Intuitive Conceptions of Dead Agents' Minds: The Natural Foundations of Afterlife Beliefs as Phenomenological Boundary,Intuitive Conceptions of Dead Persons' Mentality: A Cross-Cultural Replication and More,Journal of Cognition and Culture,true,failure,success,false,0,1784,0,Junior Reviewer,2026-03-16 11:47:32.943+00,,,,,
19,1773662309859,10,Luke,Postdoc,1,A Bad Taste in the Mouth,"Reexamining the Effect of Gustatory Disgust on Moral Judgment: A Multilab Direct Replication of Eskine, Kacinik, and Prinz (2011)",Psychological Science,true,failure,failure,true,3,16934,0,Junior Reviewer,2026-03-16 11:59:02.567+00,,,,,
20,1773662309859,10,Luke,Postdoc,2,The Effects of the Timing of Corrective Feedback on the Acquisition of a New Linguistic Structure,"What Is the Ideal Time to Provide Corrective Feedback? An Approximate Replication of Li, Zhu, and Ellis (2016)",The Modern Language Journal,true,failure,success,false,2,3069,0,Junior Reviewer,2026-03-16 11:59:13.558+00,,,,,
21,1773662309859,10,Luke,Postdoc,3,The Double-Edged Sword of Genetic Accounts of Criminality,Syntax and output files for Cheung &amp; Heine 2015 study 3 replication,Personality and Social Psychology Bulletin,false,success,success,true,2,1014,0,Junior Reviewer,2026-03-16 11:59:15.321+00,,,,,
22,1773662309859,10,Luke,Postdoc,4,Cognitive Control Predicts Use of Model-based Reinforcement Learning,Eleven years of student replication projects provide evidence on the correlates of replicability in psychology,Journal of Cognitive Neuroscience,false,success,success,true,2,838,0,Junior Reviewer,2026-03-16 11:59:17.346+00,,,,,
23,1773662309859,10,Luke,Postdoc,5,Using High-Level Construal and Perceptions of Changeability to Promote Self-Change Over Self-Protection Motives in Response to Negative Feedback,Eleven years of student replication projects provide evidence on the correlates of replicability in psychology,Personality and Social Psychology Bulletin,true,success,failure,false,1,971,0,Junior Reviewer,2026-03-16 11:59:18.876+00,,,,,
24,1773662309859,10,Luke,Postdoc,6,Asymmetrical Body Perception,It’s out of my hands! Grasping capacity may not influence perceived object size.,Psychological Science,false,failure,success,false,0,1894,0,Junior Reviewer,2026-03-16 11:59:21.358+00,,,,,
25,1773662457705,11,Luke,Postdoc,1,"Body Cues, Not Facial Expressions, Discriminate Between Intense Positive and Negative Emotions",Evaluating the replicability of social science experiments in Nature and Science between 2010 and 2015,Science,true,success,success,true,3,889,0,Junior Reviewer,2026-03-16 12:01:01.292+00,,,,,
26,1773662457705,11,Luke,Postdoc,2,A RANDOMIZED TRIAL OF MOTIVATIONAL INTERVIEWING TO IMPROVE MIDDLE SCHOOL STUDENTS’ ACADEMIC PERFORMANCE,MOTIVATIONAL INTERVIEWING TO IMPROVE MIDDLE SCHOOL STUDENTS’ ACADEMIC PERFORMANCE: A REPLICATION STUDY,Journal of Community Psychology,false,success,success,true,3,534,0,Junior Reviewer,2026-03-16 12:01:03.778+00,,,,,
27,1773662457705,11,Luke,Postdoc,3,The Effect of Relative Encoding on Memory-Based Judgments,Eleven years of student replication projects provide evidence on the correlates of replicability in psychology,Psychological Science,true,failure,success,false,2,392,0,Junior Reviewer,2026-03-16 12:01:04.601+00,,,,,
28,1773662457705,11,Luke,Postdoc,4,Knowing Who You Are and Adding to It,Empirical audit and review and an assessment of evidentiary value in research on the psychological consequences of scarcity,Social Psychological and Personality Science,true,success,failure,false,1,496,0,Junior Reviewer,2026-03-16 12:01:05.561+00,,,,,
29,1773662457705,11,Luke,Postdoc,5,Racial Progress as Threat to the Status Hierarchy,Eleven years of student replication projects provide evidence on the correlates of replicability in psychology,Psychological Science,true,success,failure,false,0,232,0,Junior Reviewer,2026-03-16 12:01:06.216+00,,,,,
30,1773662471741,12,Luke,Postdoc,1,Implicit Attitude Formation Through Classical Conditioning,Incidental Attitude Formation via the Surveillance Task: A Registered Replication Report of Olson and Fazio (2001),Psychological Science,true,failure,success,false,2,1357,0,Junior Reviewer,2026-03-16 12:01:16.474+00,,,,,
31,1773662471741,12,Luke,Postdoc,2,The Social Sense: Susceptibility to Others’ Beliefs in Human Infants and Adults,Evaluating the replicability of social science experiments in Nature and Science between 2010 and 2015,Science,true,success,success,true,2,952,0,Junior Reviewer,2026-03-16 12:01:18.482+00,,,,,
32,1773662471741,12,Luke,Postdoc,3,The Double-Edged Sword of Genetic Accounts of Criminality,Syntax and output files for Cheung &amp; Heine 2015 study 3 replication,Personality and Social Psychology Bulletin,false,success,success,true,2,543,0,Junior Reviewer,2026-03-16 12:01:19.345+00,,,,,
33,1773662471741,12,Luke,Postdoc,4,The Bias Blind Spot: Perceptions of Bias in Self Versus Others,Agency and self-other asymmetries in perceived bias and shortcomings: Replications of the Bias Blind Spot and link to free will beliefs,Personality and Social Psychology Bulletin,false,failure,success,false,1,383,0,Junior Reviewer,2026-03-16 12:01:19.993+00,,,,,
34,1773662471741,12,Luke,Postdoc,5,Having Control Over and Above Situations: The Influence of Elevated Viewpoints on Risk Taking,[82] Data Replicada #1: Do Elevated Viewpoints Increase Risk Taking?,Journal of Marketing Research,false,failure,failure,true,1,352,0,Junior Reviewer,2026-03-16 12:01:20.769+00,,,,,
35,1773662471741,12,Luke,Postdoc,6,Can race be erased? Coalitional computation and social categorization,Can race really be erased? A pre-registered replication study,Proceedings of the National Academy of Sciences,false,success,success,true,1,136,0,Junior Reviewer,2026-03-16 12:01:21.4+00,,,,,
36,1773662471741,12,Luke,Postdoc,7,"Age-Related Differences in Maximal and Rapid Torque Characteristics of the Hip Extensors and Dynamic Postural Balance in Healthy, Young and Old Females",Estimating the Replicability of Sports and Exercise Science Research,Journal of Strength and Conditioning Research,false,failure,failure,true,2,344,0,Reviewer 1,2026-03-16 12:01:22.228+00,,,,,
37,1773662471741,12,Luke,Postdoc,8,With a Clean Conscience,Clean thoughts lead to less severe moral judgment,Psychological Science,false,success,success,true,2,1037,0,Reviewer 1,2026-03-16 12:01:24.875+00,,,,,
38,1773662471741,12,Luke,Postdoc,9,Reducing the Racial Achievement Gap: A Social-Psychological Intervention,New evidence on self-affirmation effects and theorized sources of heterogeneity from large-scale replications.,Science,false,failure,failure,true,2,288,0,Reviewer 1,2026-03-16 12:01:25.584+00,,,,,
39,1773662471741,12,Luke,Postdoc,10,A RANDOMIZED TRIAL OF MOTIVATIONAL INTERVIEWING TO IMPROVE MIDDLE SCHOOL STUDENTS’ ACADEMIC PERFORMANCE,MOTIVATIONAL INTERVIEWING TO IMPROVE MIDDLE SCHOOL STUDENTS’ ACADEMIC PERFORMANCE: A REPLICATION STUDY,Journal of Community Psychology,true,failure,success,false,1,262,0,Reviewer 1,2026-03-16 12:01:26.385+00,,,,,
40,1773662471741,12,Luke,Postdoc,11,Social Vulnerability to Environmental Hazards<sup>*</sup>,Replicating and Adapting an Index of Social Vulnerability to a New Context: A Comparison Study for Norway,Social Science Quarterly,true,failure,failure,true,1,817,0,Reviewer 1,2026-03-16 12:01:27.891+00,,,,,
41,1773662471741,12,Luke,Postdoc,12,Honesty Requires Time (and Lack of Justifications),"Does Honesty Require Time? Two Preregistered Direct Replications of Experiment 2 of Shalvi, Eldar, and Bereby-Meyer (2012)",Psychological Science,true,failure,failure,true,1,359,0,Reviewer 1,2026-03-16 12:01:28.705+00,,,,,
42,1773662471741,12,Luke,Postdoc,13,Implicit Attitude Generalization Occurs Immediately; Explicit Attitude Generalization Takes Time,Estimating the reproducibility of psychological science,Psychological Science,false,failure,failure,true,2,445,0,Reviewer 2,2026-03-16 12:01:29.84+00,,,,,
43,1773662471741,12,Luke,Postdoc,14,A Single Exposure to the American Flag Shifts Support Toward Republicanism up to 8 Months Later,Investigating Variation in Replicability,Psychological Science,true,failure,failure,true,2,352,0,Reviewer 2,2026-03-16 12:01:32.505+00,,,,,
44,1773662471741,12,Luke,Postdoc,15,The Sunny Side of Fairness,"Replication of G Tabibnia, AB Satpute, MD Lieberman  (2008, PS 19 (4))",Psychological Science,true,failure,success,false,1,367,0,Reviewer 2,2026-03-16 12:01:33.224+00,,,,,
45,1773662471741,12,Luke,Postdoc,16,You That Read Wrong Again! A Transposed-Word Effect in Grammaticality Judgments,Eleven years of student replication projects provide evidence on the correlates of replicability in psychology,Psychological Science,true,failure,success,false,0,368,0,Reviewer 2,2026-03-16 12:01:34.136+00,,,,,
46,1773663028748,13,Luke,Postdoc,1,Intuitive Conceptions of Dead Agents' Minds: The Natural Foundations of Afterlife Beliefs as Phenomenological Boundary,Intuitive Conceptions of Dead Persons' Mentality: A Cross-Cultural Replication and More,Journal of Cognition and Culture,true,success,success,true,3,53741,0,Junior Reviewer,2026-03-16 12:11:28.43+00,,,,,
47,1773663028748,13,Luke,Postdoc,2,Stability and change in the opinion-policy relationship: Evidence from state minimum wage laws,Stability and change in the opinion–policy relationship: Evidence from minimum wage laws,,true,success,success,true,3,735,0,Junior Reviewer,2026-03-16 12:11:30.957+00,,,,,
48,1773663028748,13,Luke,Postdoc,3,Can a Word Sound Like a Shape Before You Have Seen It? Sound-Shape Mapping Prior to Conscious Awareness,Sound-Symbolism Effects in the Absence of Awareness: A Replication Study,Psychological Science,false,failure,success,false,2,1879,0,Junior Reviewer,2026-03-16 12:11:33.629+00,,,,,
49,1773663028748,13,Luke,Postdoc,4,Visual biases in judging body weight,Evidence for a specific distortion in perceptual body image in eating disorders: A replication and extension,British Journal of Health Psychology,false,success,success,true,2,320,0,Junior Reviewer,2026-03-16 12:11:34.615+00,,,,,
50,1773663028748,13,Luke,Postdoc,5,Thar She Bursts: Reducing Confusion Reduces Bubbles,Evaluating replicability of laboratory experiments in economics,American Economic Review,true,success,success,true,2,343,0,Junior Reviewer,2026-03-16 12:11:35.565+00,,,,,
51,1773663028748,13,Luke,Postdoc,6,Rational integration of noisy evidence and prior semantic expectations in sentence interpretation,Eleven years of student replication projects provide evidence on the correlates of replicability in psychology,Proceedings of the National Academy of Sciences,true,failure,success,false,1,922,0,Junior Reviewer,2026-03-16 12:11:38.344+00,,,,,
52,1773663028748,13,Luke,Postdoc,7,Disentangling professional competence and foreign accent,Accent Bias in Professional Evaluations: A Conceptual Replication Study in Brazil,Journal of Second Language Pronunciation,false,success,failure,false,0,487,0,Junior Reviewer,2026-03-16 12:11:39.525+00,,,,,
53,12345,,test,,,,,,,success,success,true,,,,,,,,,,
54,1773778295147,43,professor_LooK,Professor,1,"Effect of consecutive jumping trials on metatarsophalangeal, ankle, and knee biomechanics during take‐off and landing",Estimating the Replicability of Sports and Exercise Science Research,European Journal of Sport Science,true,success,success,true,3,1237,0,Junior Reviewer,2026-03-17 20:25:02.734+00,"I regularly read research articles, I conduct research, I publish research, I conduct replications",true,,,
55,1773778295147,43,professor_LooK,Professor,2,Statistical Training in Psychology: A National Survey and Commentary on Undergraduate Programs,Replicating a National Survey on Statistical Training in Undergraduate Psychology Programs,Teaching of Psychology,true,success,success,true,3,58,0,Junior Reviewer,2026-03-17 20:25:03.09+00,"I regularly read research articles, I conduct research, I publish research, I conduct replications",false,,,
56,1773778295147,43,professor_LooK,Professor,3,"The Prevention, Identification, and Cognitive Determinants of Math Difficulty.",Intervention for First Graders With Limited Number Knowledge,Journal of Educational Psychology,false,success,success,true,3,69,0,Junior Reviewer,2026-03-17 20:25:03.317+00,"I regularly read research articles, I conduct research, I publish research, I conduct replications",false,,,
57,1773778295147,43,professor_LooK,Professor,4,Truth From Language and Truth From Fit: The Impact of Linguistic Concreteness and Level of Construal on Subjective Truth,The Effect of Concrete Wording on Truth Judgements: A Preregistered Replication and Extension of Hansen & Wänke (),Personality and Social Psychology Bulletin,false,success,failure,false,2,109,0,Junior Reviewer,2026-03-17 20:25:03.531+00,"I regularly read research articles, I conduct research, I publish research, I conduct replications",true,2.24,,
58,1773778295147,43,professor_LooK,Professor,5,Creating a Profile of a Nurse Effective in Caring,Caritas and job environment: A replication of Persky et al,Nursing Administration Quarterly,true,success,failure,false,1,100,0,Junior Reviewer,2026-03-17 20:25:03.739+00,"I regularly read research articles, I conduct research, I publish research, I conduct replications",true,,,
59,1773778295147,43,professor_LooK,Professor,6,Comparing Video Prompting to Video Modeling for Teaching Daily Living Skills to Six Adults with Developmental Disabilities,Teaching Daily Living Skills to Seven Individuals With Severe Intellectual Disabilities: A Comparison of Video Prompting to Video Modeling,Education and Training in Developmental Disabilities,true,success,success,true,1,108,0,Junior Reviewer,2026-03-17 20:25:03.94+00,"I regularly read research articles, I conduct research, I publish research, I conduct replications",true,,,
60,1773778295147,43,professor_LooK,Professor,7,Concurrent working memory load can reduce distraction,Can concurrent memory load reduce distraction? A replication study and beyond.,Proceedings of the National Academy of Sciences,true,success,failure,false,0,105,0,Junior Reviewer,2026-03-17 20:25:04.139+00,"I regularly read research articles, I conduct research, I publish research, I conduct replications",true,6.96,,
61,1773779139151,44,citizen_luke,Apprenticeship / No university degree,1,"The Effects of Canvassing, Telephone Calls, and Direct Mail on Voter Turnout: A Field Experiment","Correction to Gerber and Green (2000), Replication of Disputed Findings, and Reply to Imai (2005)",American Political Science Review,true,success,success,true,3,5958,0,Junior Reviewer,2026-03-17 20:26:11.313+00,I am unfamiliar with research,false,,,
62,1773779139151,44,citizen_luke,Apprenticeship / No university degree,2,Evidence for lifespan extension and delayed age–related biomarkers in insulin receptor substrate 1 null mice,Replication of Extended Lifespan Phenotype in Mice with Deletion of Insulin Receptor Substrate 1,The FASEB Journal,false,failure,success,false,2,4173,0,Junior Reviewer,2026-03-17 20:26:50.45+00,I am unfamiliar with research,true,,,
63,1773779139151,44,citizen_luke,Apprenticeship / No university degree,3,"Audience Costs, Information, and Credible Commitment Problems","Audience costs, domestic economy and coercive diplomacy",Journal of Conflict Resolution,false,failure,failure,true,2,3755,0,Junior Reviewer,2026-03-17 20:27:17.714+00,I am unfamiliar with research,false,,,
64,1773779139151,44,citizen_luke,Apprenticeship / No university degree,4,Recovery from Proactive Semantic Interference in Mild Cognitive Impairment and Normal Aging: Relationship to Atrophy in Brain Regions Vulnerable to Alzheimer’s Disease,Recovery from Proactive Semantic Interference and MRI Volume: A Replication and Extension Study,Journal of Alzheimer's Disease,false,failure,success,false,1,683,0,Junior Reviewer,2026-03-17 20:27:20.219+00,I am unfamiliar with research,false,,,
65,1773779139151,44,citizen_luke,Apprenticeship / No university degree,5,Wholesome Foods and Wholesome Morals?,Direct and Conceptual Replications of Eskine (2013),Social Psychological and Personality Science,false,failure,failure,true,1,1537,0,Junior Reviewer,2026-03-17 20:27:22.261+00,I am unfamiliar with research,true,2.62,,
66,1773779139151,44,citizen_luke,Apprenticeship / No university degree,6,Nonconscious Goal Pursuit in Novel Environments,Estimating the reproducibility of psychological science,Psychological Science,true,failure,failure,true,1,430,0,Junior Reviewer,2026-03-17 20:27:23.113+00,I am unfamiliar with research,false,4.5,,
67,1773779139151,44,citizen_luke,Apprenticeship / No university degree,7,Reexamining semantic clustering: Insight from memory models,Semantic connection or visual connection: Investigating the true source of confusion,Vocabulary Learning and Instruction,false,success,success,true,2,24004,1,Reviewer 1,2026-03-17 20:27:47.632+00,I am unfamiliar with research,false,,,
68,1773779139151,44,citizen_luke,Apprenticeship / No university degree,8,Tact training versus bidirectional intraverbal training in teaching a foreign language,A Comparison of Tact Training and Bidirectional Intraverbal Training in Teaching a Foreign Language: A Refined Replication,Journal of Applied Behavior Analysis,true,failure,success,false,1,1918,0,Reviewer 1,2026-03-17 20:27:52.218+00,I am unfamiliar with research,false,,,
69,1773779139151,44,citizen_luke,Apprenticeship / No university degree,9,Intuitive Conceptions of Dead Agents' Minds: The Natural Foundations of Afterlife Beliefs as Phenomenological Boundary,Intuitive Conceptions of Dead Persons' Mentality: A Cross-Cultural Replication and More,Journal of Cognition and Culture,true,failure,success,false,0,556,0,Reviewer 1,2026-03-17 20:27:53.541+00,I am unfamiliar with research,true,0.43,,
70,1773779382250,45,PHDstudent,PhD Candidate,1,With a Clean Conscience,"Replication of ""With a clean conscience: Cleanliness reduces the severity of moral judgments"" by Schnall, Benton, and Harvey (2008, Psychological Science)",Psychological Science,false,success,failure,false,2,4441,0,Junior Reviewer,2026-03-17 20:30:06.663+00,"I regularly read research articles, I conduct research",true,4.5,,
71,1773779382250,45,PHDstudent,PhD Candidate,2,Working memory moderates the effect of the integrative process of implicit and explicit autonomous motivation on academic achievement,Past academic achievement contributes to university students' autonomous motivation (AM) which is later moderated by implicit motivation and working memory: A Bayesian replication of the explicit-implicit model of AM,British Journal of Psychology,false,success,success,true,2,318,0,Junior Reviewer,2026-03-17 20:30:07.897+00,"I regularly read research articles, I conduct research",true,,,
72,1773779382250,45,PHDstudent,PhD Candidate,3,Cross-national evidence of a negativity bias in psychophysiological reactions to news,"Replicating and Extending Soroka, Fournier, and Nir: Negative News Increases Arousal and Negative Affect",Proceedings of the National Academy of Sciences,true,success,success,true,2,243,0,Junior Reviewer,2026-03-17 20:30:08.613+00,"I regularly read research articles, I conduct research",false,6.96,,
73,1773779382250,45,PHDstudent,PhD Candidate,4,Nonconscious Goal Pursuit in Novel Environments,Estimating the reproducibility of psychological science,Psychological Science,false,success,failure,false,1,133,0,Junior Reviewer,2026-03-17 20:30:09.074+00,"I regularly read research articles, I conduct research",false,4.5,,
74,1773779382250,45,PHDstudent,PhD Candidate,5,A systems approach to quality in elementary schools,A Systems Approach to Effectiveness in Catholic Elementary Schools: A Replication and Extension,Journal of Educational Administration,true,success,success,true,1,275,0,Junior Reviewer,2026-03-17 20:30:09.678+00,"I regularly read research articles, I conduct research",true,,,
75,1773779382250,45,PHDstudent,PhD Candidate,6,Reexamining semantic clustering: Insight from memory models,Semantic connection or visual connection: Investigating the true source of confusion,Vocabulary Learning and Instruction,false,success,success,true,1,435,0,Junior Reviewer,2026-03-17 20:30:10.527+00,"I regularly read research articles, I conduct research",true,,,
76,1773779382250,45,PHDstudent,PhD Candidate,7,Reading Literary Fiction Improves Theory of Mind,Evaluating the replicability of social science experiments in Nature and Science between 2010 and 2015,Science,true,success,failure,false,0,394,0,Junior Reviewer,2026-03-17 20:30:11.314+00,"I regularly read research articles, I conduct research",false,16.54,,
77,1773779417731,46,PROFwrong,Professor,1,Can you connect with me now? How the presence of mobile communication technology influences face-to-face conversation quality,Replication of the Mere Presence Hypothesis: The Effects of Cell Phones on Face-to-Face Conversations,Journal of Social and Personal Relationships,false,success,failure,false,2,8514,0,Junior Reviewer,2026-03-17 20:30:48.584+00,"I regularly read research articles, I conduct replications",true,,,
78,1773779417731,46,PROFwrong,Professor,2,Cognitive Control Predicts Use of Model-based Reinforcement Learning,Eleven years of student replication projects provide evidence on the correlates of replicability in psychology,Journal of Cognitive Neuroscience,true,success,success,true,2,3391,0,Junior Reviewer,2026-03-17 20:30:54.13+00,"I regularly read research articles, I conduct replications",false,2.56,,
79,1773779417731,46,PROFwrong,Professor,3,Are Schools the Great Equalizer? Cognitive Inequality during the Summer Months and the School Year,"Inequality in Reading and Math Skills Forms Mainly before Kindergarten: A Replication, and Partial Correction, of “Are Schools the Great Equalizer?”",American Sociological Review,false,failure,failure,true,2,4938,0,Junior Reviewer,2026-03-17 20:30:59.944+00,"I regularly read research articles, I conduct replications",false,,,
80,1773779417731,46,PROFwrong,Professor,4,Ideology and Specific Support for the Supreme Court,Reevaluating ideological asymmetries in specific support for the Supreme Court,Political Research Quarterly,true,success,failure,false,1,2520,0,Junior Reviewer,2026-03-17 20:31:06.816+00,"I regularly read research articles, I conduct replications",false,,,
81,1773779417731,46,PROFwrong,Professor,5,Reading Literary Fiction Improves Theory of Mind,The Effect of Reading a Short Passage of Literary Fiction on Theory of Mind: A Replication of Kidd and Castano (2013),Science,false,failure,success,false,0,2017,0,Junior Reviewer,2026-03-17 20:31:09.532+00,"I regularly read research articles, I conduct replications",false,16.54,,
82,1773779481207,47,everythingreplicates,Other,1,Implicit Theories of Intelligence Predict Achievement Across an Adolescent Transition: A Longitudinal Study and an Intervention,Failure to Replicate: Testing a Growth Mindset Intervention for College Student Success,Child Development,false,success,failure,false,2,738,0,Junior Reviewer,2026-03-17 20:32:04.027+00,I am unfamiliar with research,true,2.11,,
83,1773779481207,47,everythingreplicates,Other,2,"Further Evidence That Repeated Checking Leads to Reduced Memory Confidence, Vividness and Detail: New Evidence That Repeated Object Exposure Also Results in Memory Distrust",Not all checking decreases memory confidence: Implications for obsessive-compulsive disorder,Behaviour Change,true,success,success,true,2,91,0,Junior Reviewer,2026-03-17 20:32:04.461+00,I am unfamiliar with research,false,0,,
84,1773779481207,47,everythingreplicates,Other,3,Psycholinguistic and corpus-linguistic evidence for L2 constructions,Preterit-imperfect acquisition in L2 Spanish writing: Moving beyond lexical aspect,Annual Review of Cognitive Linguistics,false,success,success,true,2,114,0,Junior Reviewer,2026-03-17 20:32:04.718+00,I am unfamiliar with research,true,0,,
85,1773779481207,47,everythingreplicates,Other,4,Counterfeit diversity: How strategically misrepresenting gender diversity dampens organizations’ perceived sincerity and elevates women’s identity threat concerns.,"Replication of a study from ""Counterfeit Diversity: How Strategically Misrepresenting Gender Diversity Dampens Organizations' Perceived Sincerity and Elevates Women's Identity Threat Concerns"" (JPSP | Kroeper, Williams & Murphy 2022)",Journal of Personality and Social Psychology,false,success,success,true,2,110,0,Junior Reviewer,2026-03-17 20:32:04.921+00,I am unfamiliar with research,true,2.24,,
86,1773779481207,47,everythingreplicates,Other,5,Toward more accurate contextualization of the <scp>CEO</scp> effect on firm performance,The “CEO in context” technique revisited: A replication and extension of Hambrick and Quigley (2014),Strategic Management Journal,false,success,success,true,2,109,0,Junior Reviewer,2026-03-17 20:32:05.149+00,I am unfamiliar with research,false,5.78,,
87,1773779481207,47,everythingreplicates,Other,6,Coadministration of a Tumor-Penetrating Peptide Enhances the Efficacy of Cancer Drugs,Replication Study: Coadministration of a tumor-penetrating peptide enhances the efficacy of cancer drugs,Science,true,success,failure,false,1,213,0,Junior Reviewer,2026-03-17 20:32:05.485+00,I am unfamiliar with research,false,16.54,,
88,1773779481207,47,everythingreplicates,Other,7,Incidental environmental anchors,Do Incidental Environmental Anchors Bias Consumers’ Price Estimations?,Journal of Behavioral Decision Making,false,success,failure,false,0,84,0,Junior Reviewer,2026-03-17 20:32:05.852+00,I am unfamiliar with research,false,1.1,,
89,1773779539656,48,everythingfails,Undergraduate Student,1,Evaluating Psychosocial Mechanisms Underlying STEM Persistence in Undergraduates: Evidence of Impact from a Six-Day Pre–College Engagement STEM Academy Program,Evaluating Psychosocial Mechanisms Underlying STEM Persistence in Undergraduates: Scalability and Longitudinal Analysis of Three Cohorts from a Six-Day Pre–College Engagement STEM Academy Program,CBE—Life Sciences Education,false,failure,success,false,2,662,0,Junior Reviewer,2026-03-17 20:32:29.928+00,I conduct replications,true,,,
90,1773779539656,48,everythingfails,Undergraduate Student,2,Learning About What Others Were Doing,Registered Replication Report,Psychological Science,false,failure,failure,true,2,277,0,Junior Reviewer,2026-03-17 20:32:30.493+00,I conduct replications,true,4.5,,
91,1773779539656,48,everythingfails,Undergraduate Student,3,Promoting Interest and Performance in High School Science Classes,Making connections: Replicating and extending the utility value intervention in the classroom.,Science,false,failure,success,false,1,235,0,Junior Reviewer,2026-03-17 20:32:31+00,I conduct replications,true,16.54,,
92,1773779539656,48,everythingfails,Undergraduate Student,4,"Motivation, Vision, and Gender: A Survey of Learners of English in China","Reexamining the Role of Vision in Second Language Motivation: A Preregistered Conceptual Replication of You, Dörnyei, and Csizér (2016)",Language Learning,false,failure,failure,true,1,241,0,Junior Reviewer,2026-03-17 20:32:31.52+00,I conduct replications,true,3.19,,
93,1773779539656,48,everythingfails,Undergraduate Student,5,Fast mapping between a phrasal form and meaning,"Input skewedness, consistency, and order of frequent verbs in frequency-driven second language construction learning: A replication and extension of Casenhiser and Goldberg (2005) to adult second language acquisition",Developmental Science,false,failure,failure,true,1,254,0,Junior Reviewer,2026-03-17 20:32:32.03+00,I conduct replications,true,2.42,,
94,1773779539656,48,everythingfails,Undergraduate Student,6,Clinical Supervision in South Korea and the United States,A comparative study of clinical supervision in the Republic of Ireland and the United States.,The Counseling Psychologist,true,failure,success,false,0,210,0,Junior Reviewer,2026-03-17 20:32:32.494+00,I conduct replications,false,,,
95,1773779555577,49,TABSWITCHER,Postdoc,1,Contextualizing Mathematics: Teaching Problem Solving to Secondary Students With Intellectual and Developmental Disabilities,Contextualizing Mathematical Problem-Solving Instruction for Secondary Students with Extensive Support Needs: A Systematic Replication,Intellectual and Developmental Disabilities,true,success,success,true,3,3403,1,Junior Reviewer,2026-03-17 20:33:30.814+00,"I regularly read research articles, I conduct research, I publish research, I conduct replications",false,,,
96,1773779555577,49,TABSWITCHER,Postdoc,2,Creating a Profile of a Nurse Effective in Caring,Caritas and job environment: A replication of Persky et al,Nursing Administration Quarterly,false,success,failure,false,2,5447,2,Junior Reviewer,2026-03-17 20:33:37.392+00,"I regularly read research articles, I conduct research, I publish research, I conduct replications",false,,,
97,1773779555577,49,TABSWITCHER,Postdoc,3,The role of signals in two variations of differential‐reinforcement‐of‐low‐rate procedures,Differential reinforcement‐of‐low‐rate procedures: A systematic replication with students with autism spectrum disorder,Journal of Applied Behavior Analysis,false,success,success,true,2,6640,3,Junior Reviewer,2026-03-17 20:33:44.908+00,"I regularly read research articles, I conduct research, I publish research, I conduct replications",true,,,
98,1773779555577,49,TABSWITCHER,Postdoc,4,Evidence for lifespan extension and delayed age–related biomarkers in insulin receptor substrate 1 null mice,Replication of Extended Lifespan Phenotype in Mice with Deletion of Insulin Receptor Substrate 1,The FASEB Journal,true,success,success,true,2,4841,4,Junior Reviewer,2026-03-17 20:33:50.227+00,"I regularly read research articles, I conduct research, I publish research, I conduct replications",false,,,
99,1773779555577,49,TABSWITCHER,Postdoc,5,"The Prevention, Identification, and Cognitive Determinants of Math Difficulty.",Intervention for First Graders With Limited Number Knowledge,Journal of Educational Psychology,false,success,success,true,2,1770,1,Junior Reviewer,2026-03-17 20:33:52.766+00,"I regularly read research articles, I conduct research, I publish research, I conduct replications",false,,,
100,1773779555577,49,TABSWITCHER,Postdoc,6,"Race and Cognitive‐Ability Test Performance: The Mediating Effects of Test Preparation, Test‐Taking Strategy Use and Self‐Eff icacy",Test-Taking Strategy as a Mediator between Race and Academic Performance,Journal of Applied Social Psychology,true,success,success,true,3,2868,1,Reviewer 1,2026-03-17 20:33:57.375+00,"I regularly read research articles, I conduct research, I publish research, I conduct replications",false,,,
101,1773779555577,49,TABSWITCHER,Postdoc,7,Does Attack Advertising Demobilize the Electorate?,Replicating Experiments Using Aggregate and Survey Data: The Case of Negative Advertising and Turnout,American Political Science Review,true,success,success,true,3,2802,1,Reviewer 1,2026-03-17 20:34:03.484+00,"I regularly read research articles, I conduct research, I publish research, I conduct replications",true,,,
102,1773779555577,49,TABSWITCHER,Postdoc,8,Understanding how Graphic Pictorial Warnings Work on Cigarette Packaging,Understanding Graphic Pictorial Warnings in Advertising: A Replication and Extension,Journal of Public Policy & Marketing,false,success,success,true,3,1620,1,Reviewer 1,2026-03-17 20:34:07.179+00,"I regularly read research articles, I conduct research, I publish research, I conduct replications",false,,,
103,1773779555577,49,TABSWITCHER,Postdoc,9,Collective transcendence beliefs shape the sacredness of objects: The case of art.,"Replication of a study from ""Collective transcendence beliefs shape the sacredness of objects: the case of art"" (JPSP | Chen, Ruttan & Feinberg, 2022)",Journal of Personality and Social Psychology,false,success,success,true,3,2566,1,Reviewer 1,2026-03-17 20:34:10.557+00,"I regularly read research articles, I conduct research, I publish research, I conduct replications",false,2.24,,
104,1773779555577,49,TABSWITCHER,Postdoc,10,Coadministration of a Tumor-Penetrating Peptide Enhances the Efficacy of Cancer Drugs,Replication Study: Coadministration of a tumor-penetrating peptide enhances the efficacy of cancer drugs,Science,true,success,failure,false,2,1565,1,Reviewer 1,2026-03-17 20:34:12.753+00,"I regularly read research articles, I conduct research, I publish research, I conduct replications",false,16.54,,
105,1773779555577,49,TABSWITCHER,Postdoc,11,Leseverständnis ohne Lesen?,Kognitive Verarbeitung von Leseverständnisitems mit und ohne Text,Zeitschrift für Pädagogische Psychologie,true,success,success,true,2,11650,1,Reviewer 1,2026-03-17 20:34:24.62+00,"I regularly read research articles, I conduct research, I publish research, I conduct replications",true,,,
106,1773779555577,49,TABSWITCHER,Postdoc,12,"Prediction error demarcates the transition from retrieval, to reconsolidation, to new learning",Demarcating the boundary conditions of memory reconsolidation: An unsuccessful replication,Learning & Memory,true,success,failure,false,1,1650,1,Reviewer 1,2026-03-17 20:34:32.378+00,"I regularly read research articles, I conduct research, I publish research, I conduct replications",true,,,
107,1773779555577,49,TABSWITCHER,Postdoc,13,Improving Teachers’ Knowledge of Functional Assessment-based Interventions: Outcomes of a Professional Development Series,"Improving Educators’ Knowledge, Confidence, and Usefulness of Functional Assessment-based Interventions: Outcomes of Professional Learning",Education and Treatment of Children,true,success,success,true,2,1626,1,Reviewer 2,2026-03-17 20:34:36.451+00,"I regularly read research articles, I conduct research, I publish research, I conduct replications",false,,,
108,1773779555577,49,TABSWITCHER,Postdoc,14,The natural selection of bad science,Replication of the natural selection of bad science,Royal Society Open Science,false,success,success,true,2,3031,1,Reviewer 2,2026-03-17 20:34:42.71+00,"I regularly read research articles, I conduct research, I publish research, I conduct replications",false,,,
109,1773779555577,49,TABSWITCHER,Postdoc,15,The Obsessive-Compulsive Inventory: Development and validation of a short version.,The Chinese version of the Obsessive-Compulsive Inventory-Revised scale: Replication and extension to non-clinical and clinical individuals with OCD symptoms,Psychological Assessment,true,success,success,true,2,1352,1,Reviewer 2,2026-03-17 20:34:44.378+00,"I regularly read research articles, I conduct research, I publish research, I conduct replications",true,,,
110,1773779555577,49,TABSWITCHER,Postdoc,16,A computational and neural model of momentary subjective well-being,Testing a computational model of subjective well-being: a preregistered replication of Rutledge et al. (2014),Proceedings of the National Academy of Sciences,false,success,success,true,2,1158,1,Reviewer 2,2026-03-17 20:34:46.044+00,"I regularly read research articles, I conduct research, I publish research, I conduct replications",false,6.96,,
111,1773779555577,49,TABSWITCHER,Postdoc,17,"Different Tests, Different Answers",The Sensitivity of Teacher Value-Added Scores to the Use of Fall or Spring Test Scores,American Educational Research Journal,true,success,success,true,2,1563,1,Reviewer 2,2026-03-17 20:34:47.807+00,"I regularly read research articles, I conduct research, I publish research, I conduct replications",true,,,
112,1773779555577,49,TABSWITCHER,Postdoc,18,"Loss aversion, the endowment effect, and gain-loss framing shape preferences for noninstrumental information","Replication of a study from ""Loss Aversion, the Endowment Effect, and Gain-Loss Framing Shape Preferences for Noninstrumental Information"" (PNAS | Litovsky et al. 2022)",Proceedings of the National Academy of Sciences,true,success,success,true,3,1472,1,Associate Editor,2026-03-17 20:34:49.555+00,"I regularly read research articles, I conduct research, I publish research, I conduct replications",true,6.96,,
113,1773779555577,49,TABSWITCHER,Postdoc,19,"Patterns of Brain Activity Supporting Autobiographical Memory, Prospection, and Theory of Mind, and Their Relationship to the Default Mode Network","Multi-echo fMRI replication sample of autobiographical memory, prospection and theory of mind reasoning tasks",Journal of Cognitive Neuroscience,false,success,success,true,3,2874,1,Associate Editor,2026-03-17 20:34:55.36+00,"I regularly read research articles, I conduct research, I publish research, I conduct replications",false,2.56,,
114,1773779555577,49,TABSWITCHER,Postdoc,20,Academic Choice for Included Students with Emotional and Behavioral Disorders,Empowering Teachers With Low-Intensity Strategies to Support Instruction: Implementing Across-Activity Choices During Third-Grade Reading Instruction,Preventing School Failure: Alternative Education for Children and Youth,true,success,success,true,3,1749,1,Associate Editor,2026-03-17 20:34:57.393+00,"I regularly read research articles, I conduct research, I publish research, I conduct replications",false,,,
115,1773779555577,49,TABSWITCHER,Postdoc,21,"MELIORATION, MATCHING, AND MAXIMIZATION",Melioration revisited: a systematic replication of Vaughan (1981),Journal of the Experimental Analysis of Behavior,true,success,success,true,3,1823,1,Associate Editor,2026-03-17 20:34:59.481+00,"I regularly read research articles, I conduct research, I publish research, I conduct replications",false,1.12,,
116,1773779555577,49,TABSWITCHER,Postdoc,22,Concurrent working memory load can reduce distraction,Can concurrent memory load reduce distraction? A replication study and beyond.,Proceedings of the National Academy of Sciences,false,success,failure,false,2,1260,1,Associate Editor,2026-03-17 20:35:01.201+00,"I regularly read research articles, I conduct research, I publish research, I conduct replications",true,6.96,,
117,1773779555577,49,TABSWITCHER,Postdoc,23,Improving Foster Children's School Achievements: Promising Results from a Swedish Intensive Study,Improving foster children’s school performance: a replication of the Helsingborg study,Adoption & Fostering,true,success,success,true,2,2037,1,Associate Editor,2026-03-17 20:35:03.413+00,"I regularly read research articles, I conduct research, I publish research, I conduct replications",true,,,
118,1773779555577,49,TABSWITCHER,Postdoc,24,Evaluating Psychosocial Mechanisms Underlying STEM Persistence in Undergraduates: Evidence of Impact from a Six-Day Pre–College Engagement STEM Academy Program,Evaluating Psychosocial Mechanisms Underlying STEM Persistence in Undergraduates: Scalability and Longitudinal Analysis of Three Cohorts from a Six-Day Pre–College Engagement STEM Academy Program,CBE—Life Sciences Education,true,success,success,true,3,1527,1,Senior Editor,2026-03-17 20:35:06.534+00,"I regularly read research articles, I conduct research, I publish research, I conduct replications",false,,,
119,1773779555577,49,TABSWITCHER,Postdoc,25,The Thermometer of Social Relations,Physical Warmth and Perceptual Focus: A Replication of IJzerman and Semin (2009),Psychological Science,false,failure,success,false,2,1390,0,Senior Editor,2026-03-17 20:35:10.109+00,"I regularly read research articles, I conduct research, I publish research, I conduct replications",true,4.5,,
120,1773779555577,49,TABSWITCHER,Postdoc,26,"Sick Body, Vigilant Mind","Preregistered Direct Replication of “Sick Body, Vigilant Mind: The Biological Immune System Activates the Behavioral Immune System”",Psychological Science,false,failure,failure,true,2,515,0,Senior Editor,2026-03-17 20:35:12.321+00,"I regularly read research articles, I conduct research, I publish research, I conduct replications",true,4.5,,
121,1773779555577,49,TABSWITCHER,Postdoc,27,Reducing the Racial Achievement Gap: A Social-Psychological Intervention,New evidence on self-affirmation effects and theorized sources of heterogeneity from large-scale replications.,Science,true,failure,failure,true,2,377,0,Senior Editor,2026-03-17 20:35:13.165+00,"I regularly read research articles, I conduct research, I publish research, I conduct replications",false,16.54,,
122,1773779555577,49,TABSWITCHER,Postdoc,28,The Effects of Caffeine on Vertical Jump Height and Execution in Collegiate Athletes,Estimating the Replicability of Sports and Exercise Science Research,Journal of Strength and Conditioning Research,true,failure,failure,true,2,339,0,Senior Editor,2026-03-17 20:35:13.845+00,"I regularly read research articles, I conduct research, I publish research, I conduct replications",true,1.86,,
123,1773779555577,49,TABSWITCHER,Postdoc,29,Rostral Anterior Cingulate Thickness Predicts the Emotional Psilocybin Experience,Regional Specificity of the Cingulate Cortex Thickness Association with the Intensity of Psilocybin Experience: A Replication Study,Biomedicines,false,failure,failure,true,2,263,0,Senior Editor,2026-03-17 20:35:14.442+00,"I regularly read research articles, I conduct research, I publish research, I conduct replications",true,,,
124,1773779555577,49,TABSWITCHER,Postdoc,30,The Effects of Self-Monitoring on Teachers’ Use of Specific Praise,Effects of Targeted Professional Development on Teachers’ Specific Praise Rates,Journal of Positive Behavior Interventions,true,failure,success,false,1,265,0,Senior Editor,2026-03-17 20:35:15.046+00,"I regularly read research articles, I conduct research, I publish research, I conduct replications",true,,,
125,1773779555577,49,TABSWITCHER,Postdoc,31,Why Do Mothers Breastfeed Girls Less than Boys? Evidence and Implications for Child Health in India,Gender‐Biased Breastfeeding in Egypt: Examining the Fertility Preference Hypotheses of Jayachandran and Kuziemko (2011),The Quarterly Journal of Economics,false,failure,success,false,0,284,0,Senior Editor,2026-03-17 20:35:15.66+00,"I regularly read research articles, I conduct research, I publish research, I conduct replications",false,15.27,,
126,1773820880799,5,Lukemobile,Postdoc,1,Registered report: Fusobacterium nucleatum infection is prevalent in human colorectal carcinoma,Replication Study: Fusobacterium nucleatum infection is prevalent in human colorectal carcinoma,eLife,false,failure,failure,true,3,11324,0,Junior Reviewer,2026-03-18 08:01:46.374+00,"I regularly read research articles, I conduct research, I publish research, I conduct replications",false,,,
127,1773820880799,5,Lukemobile,Postdoc,2,Macropartisanship,Macropartisanship: A Replication and Critique,American Political Science Review,true,success,failure,false,2,16318,0,Junior Reviewer,2026-03-18 08:02:05.846+00,"I regularly read research articles, I conduct research, I publish research, I conduct replications",true,,,
128,1773820880799,5,Lukemobile,Postdoc,3,EVALUATION OF A SELF‐INSTRUCTION PACKAGE FOR CONDUCTING STIMULUS PREFERENCE ASSESSMENTS,Preference assessment training via self-instruction: A replication and extension,Journal of Applied Behavior Analysis,false,failure,success,false,1,8982,0,Junior Reviewer,2026-03-18 08:02:17.99+00,"I regularly read research articles, I conduct research, I publish research, I conduct replications",true,,,
129,1773820880799,5,Lukemobile,Postdoc,4,Rostral Anterior Cingulate Thickness Predicts the Emotional Psilocybin Experience,Regional Specificity of the Cingulate Cortex Thickness Association with the Intensity of Psilocybin Experience: A Replication Study,Biomedicines,true,success,failure,false,0,2800,0,Junior Reviewer,2026-03-18 08:02:23.513+00,"I regularly read research articles, I conduct research, I publish research, I conduct replications",false,,,
130,1773927338877,53,LukeThursday,I am a phd student,1,Increased conspiracy beliefs among ethnic and Muslim minorities,Education and conspiracy beliefs: A replication of van Prooijen (2017),Applied Cognitive Psychology,false,success,success,true,3,1037,0,Junior Reviewer,2026-03-19 13:36:55.414+00,3 = publish research,false,1.24,Hiin9302,PhD
131,1773927338877,53,LukeThursday,I am a phd student,2,Maltreatment Profiles Among Incarcerated Boys With Callous-Unemotional Traits,Gender Differences in Callous Unemotional Trait Profiles in an Undergraduate Sample,Child Maltreatment,false,failure,success,false,2,520,0,Junior Reviewer,2026-03-19 13:36:56.78+00,3 = publish research,true,1.45,Hiin9302,PhD
132,1773927338877,53,LukeThursday,I am a phd student,3,From Psychological Need Satisfaction to Intentional Behavior: Testing a Motivational Sequence in Two Behavioral Contexts,Predicting teachers’ use of digital learning materials: combining self-determination theory and the integrative model of behaviour prediction,Personality and Social Psychology Bulletin,false,failure,success,false,1,375,0,Junior Reviewer,2026-03-19 13:36:58.15+00,3 = publish research,true,2.24,Hiin9302,PhD
133,1773927338877,53,LukeThursday,I am a phd student,4,"Social Media Use, Physical Activity, and Internalizing Symptoms in Adolescence: Cross-sectional Analysis","Digital technology use, physical activity, and internalizing symptoms in adolescence: replication and extension in a post-pandemic cohort",JMIR Mental Health,false,success,success,true,1,311,0,Junior Reviewer,2026-03-19 13:36:59.149+00,3 = publish research,false,,Hiin9302,PhD
134,1773927338877,53,LukeThursday,I am a phd student,5,Impulsive choice and pre‐exposure to delays: iv. effects of delay‐ and immediacy‐exposure training relative to maturational changes in impulsivity,Immediate Reinforcement Training Has Moderate Effect on Delay Discounting Behavior in Rats: A Systematic Replication,Journal of the Experimental Analysis of Behavior,false,success,success,true,1,342,0,Junior Reviewer,2026-03-19 13:37:01.236+00,3 = publish research,true,1.12,Hiin9302,PhD
135,1773927338877,53,LukeThursday,I am a phd student,6,Effects of an Automated Vocabulary and Comprehension Intervention,"Systematic Replication of the Effects of a Supplementary, Technology-Assisted, Storybook Intervention for Preschool Children with Weak Vocabulary and Comprehension Skills",Journal of Early Intervention,false,success,success,true,1,239,0,Junior Reviewer,2026-03-19 13:37:02.685+00,3 = publish research,false,,Hiin9302,PhD
136,1773927338877,53,LukeThursday,I am a phd student,7,Student and Teacher Outcomes of the Class-Wide Function-Related Intervention Team Efficacy Trial,Classroom Management That Works: A Replication Trial of the CW-FIT Program,Exceptional Children,false,success,success,true,2,472,0,Reviewer 1,2026-03-19 13:37:03.613+00,3 = publish research,false,,Hiin9302,PhD
137,1773927338877,53,LukeThursday,I am a phd student,8,Action Anticipation Through Attribution of False Belief by 2-Year-Olds,"A two-lab direct replication attempt of Southgate, Senju and Csibra (2007)",Psychological Science,false,success,failure,false,1,560,0,Reviewer 1,2026-03-19 13:37:05.789+00,3 = publish research,false,4.5,Hiin9302,PhD
138,1773927338877,53,LukeThursday,I am a phd student,9,Making Positive Change: A Randomized Study Comparing Solution-Focused vs. Problem-Focused Coaching Questions,The Effect of Solution‐Focused Versus Problem‐Focused Questions: A Replication,Journal of Systemic Therapies,false,success,success,true,1,334,0,Reviewer 1,2026-03-19 13:37:06.605+00,3 = publish research,true,,Hiin9302,PhD
139,1773927338877,53,LukeThursday,I am a phd student,10,Intertemporal consumption and debt aversion: an experimental study,Intertemporal consumption and debt aversion: a replication and extension,Experimental Economics,false,success,success,true,1,239,0,Reviewer 1,2026-03-19 13:37:07.276+00,3 = publish research,false,,Hiin9302,PhD
140,1773927338877,53,LukeThursday,I am a phd student,11,Thinking about God increases acceptance of artificial intelligence in decision-making,Does thinking about God increase acceptance of artificial intelligence in decision-making?,Proceedings of the National Academy of Sciences,false,success,failure,false,0,214,0,Reviewer 1,2026-03-19 13:37:07.837+00,3 = publish research,false,6.96,Hiin9302,PhD
141,1773927442414,54,LukeThursday,I am a phd student,1,Statistical Training in Psychology: A National Survey and Commentary on Undergraduate Programs,Replicating a National Survey on Statistical Training in Undergraduate Psychology Programs,Teaching of Psychology,false,success,success,true,3,1454,0,Junior Reviewer,2026-03-19 13:39:05.626+00,3 = publish research,true,,Hiin9302,PhD
142,1773927442414,54,LukeThursday,I am a phd student,2,Visual biases in judging body weight,Evidence for a specific distortion in perceptual body image in eating disorders: A replication and extension,British Journal of Health Psychology,false,failure,success,false,2,359,0,Junior Reviewer,2026-03-19 13:39:06.473+00,3 = publish research,false,1.79,Hiin9302,PhD
143,1773927442414,54,LukeThursday,I am a phd student,3,Comparing stimulus preference and response force in a conjugate preparation,Comparing stimulus preference and response force in a conjugate preparation: A replication with auditory stimulation,Journal of the Experimental Analysis of Behavior,false,success,success,true,2,319,0,Junior Reviewer,2026-03-19 13:39:07.657+00,3 = publish research,false,1.12,Hiin9302,PhD
144,1773927442414,54,LukeThursday,I am a phd student,4,Understanding Information Systems Continuance: An Expectation-Confirmation Model1,Continuance Intention on Using Mobile Banking Applications: A Replication Study of Information Systems Continuance Model,MIS Quarterly,false,success,success,true,2,446,0,Junior Reviewer,2026-03-19 13:39:08.641+00,3 = publish research,true,,Hiin9302,PhD
145,1773927442414,54,LukeThursday,I am a phd student,5,An evaluation of the agreement between the conservative dual‐criterion method and expert visual analysis,Agreement between visual inspection and objective analysis methods: A replication and extension,Journal of Applied Behavior Analysis,false,failure,success,false,1,511,0,Junior Reviewer,2026-03-19 13:39:09.521+00,3 = publish research,true,,Hiin9302,PhD
146,1773927442414,54,LukeThursday,I am a phd student,6,Can a Word Sound Like a Shape Before You Have Seen It? Sound-Shape Mapping Prior to Conscious Awareness,Sound-Symbolism Effects in the Absence of Awareness: A Replication Study,Psychological Science,false,success,success,true,1,312,0,Junior Reviewer,2026-03-19 13:39:10.218+00,3 = publish research,false,4.5,Hiin9302,PhD
147,1773927442414,54,LukeThursday,I am a phd student,7,"Race and Cognitive‐Ability Test Performance: The Mediating Effects of Test Preparation, Test‐Taking Strategy Use and Self‐Eff icacy",Test-Taking Strategy as a Mediator between Race and Academic Performance,Journal of Applied Social Psychology,false,success,success,true,2,295,0,Reviewer 1,2026-03-19 13:39:10.954+00,3 = publish research,true,,Hiin9302,PhD
148,1773927442414,54,LukeThursday,I am a phd student,8,Social Perception in Infancy: A Near Infrared Spectroscopy Study,Negative affect is related to reduced differential neural responses to social and non-social stimuli in 5-to-8-month-old infants: A functional near-infrared spectroscopy-study,Child Development,false,success,success,true,2,615,0,Reviewer 1,2026-03-19 13:39:13.393+00,3 = publish research,false,2.11,Hiin9302,PhD
149,1773927442414,54,LukeThursday,I am a phd student,9,Dynamics of Performing and Remembering Organizational Routines,Theory Development Via Replicated Simulations and the Added Value of Standards,Journal of Management Studies,false,failure,success,false,1,536,0,Reviewer 1,2026-03-19 13:39:14.362+00,3 = publish research,true,,Hiin9302,PhD
150,1773927442414,54,LukeThursday,I am a phd student,10,Neutralizing misinformation through inoculation: Exposing misleading argumentation techniques reduces their influence,The effect of misinformation and inoculation: Replication of an experiment on the effect of false experts in the context of climate change communication,PLOS ONE,false,failure,failure,true,1,1096,0,Reviewer 1,2026-03-19 13:39:16.185+00,3 = publish research,true,2.36,Hiin9302,PhD
151,1773927442414,54,LukeThursday,I am a phd student,11,Living in the north is not necessarily favorable: Different metaphoric associations between cardinal direction and valence in Hong Kong and in the United States,Many Labs 2: Investigating Variation in Replicability Across Samples and Settings,European Journal of Social Psychology,false,failure,success,false,0,513,0,Reviewer 1,2026-03-19 13:39:17.562+00,3 = publish research,false,1.75,Hiin9302,PhD
152,1773927826332,55,LukeThursday2,I am post doc,1,Reading Literary Fiction Improves Theory of Mind,Leidt het lezen van literaire fictie tot meer empathie? : een replicatiestudie van Kidd en Castano (2013),Science,false,failure,failure,true,3,13792,0,Junior Reviewer,2026-03-19 13:45:42.766+00,publish research,true,16.54,Hiin9302,PhD
153,1773927826332,55,LukeThursday2,I am post doc,2,You That Read Wrong Again! A Transposed-Word Effect in Grammaticality Judgments,Eleven years of student replication projects provide evidence on the correlates of replicability in psychology,Psychological Science,false,failure,success,false,2,1062,0,Junior Reviewer,2026-03-19 13:45:45.374+00,publish research,true,4.5,Hiin9302,PhD
154,1773927826332,55,LukeThursday2,I am post doc,3,"Ignoring History, Denying Racism: Mounting Evidence for the Marley Hypothesis and Epistemologies of Ignorance",Ignorance of History and Perceptions of Racism: Another Look at the Marley Hypothesis,Social Psychological and Personality Science,false,success,failure,false,1,392,0,Junior Reviewer,2026-03-19 13:45:46.495+00,publish research,false,2.62,Hiin9302,PhD
155,1773927826332,55,LukeThursday2,I am post doc,4,You Call It “Self-Exuberance”; I Call It “Bragging”,Eleven years of student replication projects provide evidence on the correlates of replicability in psychology,Psychological Science,false,success,success,true,1,1926,0,Junior Reviewer,2026-03-19 13:45:49.829+00,publish research,false,4.5,Hiin9302,PhD
156,1773927826332,55,LukeThursday2,I am post doc,5,"Development and Initial Test of the Safety Behaviors in Test Anxiety Questionnaire: Superstitious Behavior, Reassurance Seeking, Test Anxiety, and Test Performance",Reassurance seeking and spoiled answers on academic tests,Assessment,false,success,success,true,1,4945,0,Junior Reviewer,2026-03-19 13:45:55.248+00,publish research,true,0.99,Hiin9302,PhD
157,1773927826332,55,LukeThursday2,I am post doc,6,Inferring Identity From Language,Eleven years of student replication projects provide evidence on the correlates of replicability in psychology,Psychological Science,false,success,failure,false,0,599,0,Junior Reviewer,2026-03-19 13:45:56.605+00,publish research,true,4.5,Hiin9302,PhD
158,1773927826332,56,LukeThursday2,I am post doc,1,Avoiding overhead aversion in charity,Evaluating the replicability of social science experiments in Nature and Science between 2010 and 2015,Science,false,success,success,true,3,1124,0,Junior Reviewer,2026-03-19 13:48:42.707+00,publish research,true,16.54,Hiin9302,PhD
159,1773927826332,56,LukeThursday2,I am post doc,2,A RAPID ASSESSMENT OF SKILLS IN YOUNG CHILDREN WITH AUTISM,A rapid assessment of instructional strategies to teach auditory-visual conditional discriminations to children with autism,Journal of Applied Behavior Analysis,false,success,success,true,3,344,0,Junior Reviewer,2026-03-19 13:48:43.628+00,publish research,false,,Hiin9302,PhD
160,1773927826332,56,LukeThursday2,I am post doc,3,Association of Electronic Cigarette Use With Initiation of Combustible Tobacco Product Smoking in Early Adolescence,Exploring the gateway hypothesis of e-cigarettes and tobacco: a prospective replication study among adolescents in the Netherlands and Flanders,JAMA,false,success,success,true,3,128,0,Junior Reviewer,2026-03-19 13:48:44.22+00,publish research,true,,Hiin9302,PhD
161,1773927826332,56,LukeThursday2,I am post doc,4,Face of a fighter: Bizygomatic width as a cue of formidability,Facial width‐to‐height ratio predicts fighting success: A direct replication and extension of Zilioli et al. (2014),Aggressive Behavior,false,success,success,true,3,95,0,Junior Reviewer,2026-03-19 13:48:44.676+00,publish research,false,,Hiin9302,PhD
162,1773927826332,56,LukeThursday2,I am post doc,5,"Mentalising Moderates the Link between Autism Traits and Current Gender Dysphoric Features in Primarily Non-autistic, Cisgender Individuals","Links Between Autistic Traits, Feelings of Gender Dysphoria, and Mentalising Ability: Replication and Extension of Previous Findings from the General Population",Journal of Autism and Developmental Disorders,false,success,success,true,4,47,0,Reviewer 1,2026-03-19 13:48:45.156+00,publish research,false,1.85,Hiin9302,PhD
163,1773927826332,56,LukeThursday2,I am post doc,6,A Cognitive Strategies Approach to Reading and Writing Instruction for English Language Learners in Secondary School,Reducing achievement gaps in academic writing for Latinos and English learners in Grades 7–12.,Research in the Teaching of English,false,success,success,true,4,464,0,Reviewer 1,2026-03-19 13:48:46.444+00,publish research,false,,Hiin9302,PhD
164,1773927826332,56,LukeThursday2,I am post doc,7,Is ostension any more than attention?,Gaze Following Is Not Dependent on Ostensive Cues: A Critical Test of Natural Pedagogy,Scientific Reports,false,success,success,true,4,111,0,Reviewer 1,2026-03-19 13:48:46.947+00,publish research,true,3.91,Hiin9302,PhD
165,1773927826332,56,LukeThursday2,I am post doc,8,Discouraged by Peer Excellence,Exploring the dark side of exposure to peer excellence among traditional and nontraditional college students,Psychological Science,false,success,success,true,4,88,0,Reviewer 1,2026-03-19 13:48:47.348+00,publish research,true,4.5,Hiin9302,PhD
166,1773927826332,56,LukeThursday2,I am post doc,9,Identification of novel genetic susceptibility loci for Behçet's disease using a genome-wide association study,Replication study confirms the association between UBAC2 and Behçet's disease in two independent Chinese sets of patients and controls,Arthritis Research & Therapy,false,success,success,true,4,112,0,Reviewer 1,2026-03-19 13:48:47.652+00,publish research,true,,Hiin9302,PhD
167,1773927826332,56,LukeThursday2,I am post doc,10,"Taking Back Control: Findings on the Cognitive, Behavioral, and Motivational Consequences of Victim Sensitivity","Can You Take Back Control? A Conceptual Replication Attempt of Balancing a Lack of Trust of Victim Sensitivity Through Compensatory Control (Buchholz et al., 2023)",Social Justice Research,false,success,failure,false,3,79,0,Reviewer 1,2026-03-19 13:48:47.835+00,publish research,true,1.44,Hiin9302,PhD
168,1773927826332,56,LukeThursday2,I am post doc,11,Building BRIDGES,Special Education Teachers Integrating Reading with Eighth Grade U.S. History Content,Exceptional Children,false,success,success,true,4,63,0,Reviewer 2,2026-03-19 13:48:48.011+00,publish research,true,,Hiin9302,PhD
169,1773927826332,56,LukeThursday2,I am post doc,12,"Loss aversion, the endowment effect, and gain-loss framing shape preferences for noninstrumental information","Replication of a study from ""Loss Aversion, the Endowment Effect, and Gain-Loss Framing Shape Preferences for Noninstrumental Information"" (PNAS | Litovsky et al. 2022)",Proceedings of the National Academy of Sciences,false,success,success,true,4,80,0,Reviewer 2,2026-03-19 13:48:48.788+00,publish research,true,6.96,Hiin9302,PhD
170,1773927826332,56,LukeThursday2,I am post doc,13,A Behavioral-Genetic Study of Alexithymia and its Relationships with Trait Emotional Intelligence,A Behavior Genetic Analysis of Trait Emotional Intelligence and Alexithymia: A Replication,Twin Research and Human Genetics,false,success,success,true,4,96,0,Reviewer 2,2026-03-19 13:48:48.981+00,publish research,true,,Hiin9302,PhD
171,1773927826332,56,LukeThursday2,I am post doc,14,Gratitude and Prosocial Behavior,"Gratitude, indebtedness, and reciprocity: an extended replication of Bartlett & DeSteno (2006)",Psychological Science,false,success,failure,false,3,87,0,Reviewer 2,2026-03-19 13:48:49.163+00,publish research,true,4.5,Hiin9302,PhD
172,1773927826332,56,LukeThursday2,I am post doc,15,"Prediction error demarcates the transition from retrieval, to reconsolidation, to new learning",Demarcating the boundary conditions of memory reconsolidation: An unsuccessful replication,Learning & Memory,false,success,failure,false,2,95,0,Reviewer 2,2026-03-19 13:48:49.355+00,publish research,false,,Hiin9302,PhD
173,1773927826332,56,LukeThursday2,I am post doc,16,Brand Experience: What is It? How is it Measured? Does it Affect Loyalty?,Eco-Friendly Brands to Drive Sustainable Development: Replication and Extension of the Brand Experience Scale in a Cross-National Context,Journal of Marketing,false,success,success,true,2,80,0,Reviewer 2,2026-03-19 13:48:49.564+00,publish research,true,,Hiin9302,PhD
174,1773927826332,56,LukeThursday2,I am post doc,17,Culturally Divergent Responses to Mortality Salience,Tolerating dissimilar other when primed with death: neural evidence of self-control engaged by interdependent people in Japan,Psychological Science,false,success,success,true,2,112,0,Reviewer 2,2026-03-19 13:48:49.756+00,publish research,true,4.5,Hiin9302,PhD
175,1773927826332,56,LukeThursday2,I am post doc,18,Aiming at the same target: A masked priming study directly comparing derivation and inflection in the second language,Comparing early-stage L2 processing of derived and inflected words: a conceptual replication of Jacob et al. (2018) with Chinese learners of L2 English,International Journal of Bilingualism,false,success,failure,false,1,120,0,Reviewer 2,2026-03-19 13:48:49.972+00,publish research,false,,Hiin9302,PhD
176,1773927826332,56,LukeThursday2,I am post doc,19,Carbohydrate mouth rinse improves morning high‐intensity exercise performance,Estimating the Replicability of Sports and Exercise Science Research,European Journal of Sport Science,false,success,success,true,2,143,0,Associate Editor,2026-03-19 13:48:50.188+00,publish research,false,,Hiin9302,PhD
177,1773927826332,56,LukeThursday2,I am post doc,20,E2-2 Protein and Fuchs's Corneal Dystrophy,Replication of the<i>TCF4</i>Intronic Variant in Late-Onset Fuchs Corneal Dystrophy and Evidence of Independence from the<i>FCD2</i>Locus,New England Journal of Medicine,false,success,success,true,2,96,0,Associate Editor,2026-03-19 13:48:50.932+00,publish research,false,,Hiin9302,PhD
178,1773927826332,56,LukeThursday2,I am post doc,21,When failure is not an option: a police firearms training concept for improving decision-making in shoot/don’t shoot scenarios,Blended police firearms training improves performance in shoot/don't shoot scenarios: a systematic replication with police cadets,Frontiers in Psychology,false,success,success,true,2,79,0,Associate Editor,2026-03-19 13:48:51.107+00,publish research,true,2.75,Hiin9302,PhD
179,1773927826332,56,LukeThursday2,I am post doc,22,The Uncertain Self: How Self-Concept Structure Affects Subscription Choice,[84] Data Replicada #3: Does Self-Concept Uncertainty Influence Magazine Subscription Choice?,Journal of Consumer Research,false,success,failure,false,1,94,0,Associate Editor,2026-03-19 13:48:51.315+00,publish research,true,5.41,Hiin9302,PhD
180,1773927826332,56,LukeThursday2,I am post doc,23,The Development of Regulatory Functions From Birth to 5 Years: Insights From Premature Infants,A Developmental Hierarchical-Integrative Perspective on the Emergence of Self-Regulation: A Replication and Extension,Child Development,false,success,success,true,1,128,0,Associate Editor,2026-03-19 13:48:51.515+00,publish research,true,2.11,Hiin9302,PhD
181,1773927826332,56,LukeThursday2,I am post doc,24,Does Seeing Faces of Young Black Boys Facilitate the Identification of Threatening Stimuli?,Eleven years of student replication projects provide evidence on the correlates of replicability in psychology,Psychological Science,false,success,failure,false,0,127,0,Associate Editor,2026-03-19 13:48:51.699+00,publish research,false,4.5,Hiin9302,PhD
182,1773927826332,57,LukeThursday3,I am post doc,1,Task-Based Language Teaching for Beginner-Level Learners of L2 French: An Exploratory Study,Input-based tasks for beginner-level learners: An approximate replication and extension of Erlam & Ellis (2018),The Canadian Modern Language Review,false,success,success,true,3,2664,0,Junior Reviewer,2026-03-19 14:09:48.981+00,publish research,false,,Hiin9302,PhD
183,1773927826332,57,LukeThursday3,I am post doc,2,Why Do People Tend to Infer “Ought” From “Is”? The Role of Biases in Explanation,Eleven years of student replication projects provide evidence on the correlates of replicability in psychology,Psychological Science,false,failure,success,false,2,967,0,Junior Reviewer,2026-03-19 14:09:50.693+00,publish research,true,4.5,Hiin9302,PhD
184,1773927826332,57,LukeThursday3,I am post doc,3,Comprehensive follow-up of the first genome-wide association study of multiple sclerosis identifies KIF21B and TMEM39A as susceptibility loci,Replication of <i>KIF21B</i> as a susceptibility locus for multiple sclerosis: Table 1,Human Molecular Genetics,false,success,success,true,2,384,0,Junior Reviewer,2026-03-19 14:09:51.574+00,publish research,true,,Hiin9302,PhD
185,1773927826332,57,LukeThursday3,I am post doc,4,Rational integration of noisy evidence and prior semantic expectations in sentence interpretation,Eleven years of student replication projects provide evidence on the correlates of replicability in psychology,Proceedings of the National Academy of Sciences,false,success,success,true,2,437,0,Junior Reviewer,2026-03-19 14:09:52.396+00,publish research,false,6.96,Hiin9302,PhD
186,1773927826332,57,LukeThursday3,I am post doc,5,Influence of life stress on depression: moderation by a polymorphism in the 5-HTT gene (Science. — 2003 Jul — 18. — 301(5631). — P. 386—389: англ.),Gene-Environment Interaction in Youth Depression: Replication of the 5-HTTLPR Moderation in a Diverse Setting,Neurology Bulletin,false,success,success,true,2,49854,1,Junior Reviewer,2026-03-19 14:10:42.741+00,publish research,true,,Hiin9302,PhD
187,1773927826332,57,LukeThursday3,I am post doc,6,With a Clean Conscience,Clean thoughts lead to less severe moral judgment,Psychological Science,false,success,success,true,3,952,0,Reviewer 1,2026-03-19 14:10:44.867+00,publish research,false,4.5,Hiin9302,PhD
188,1773927826332,57,LukeThursday3,I am post doc,7,Transethnic Replication of Association of CTG18.1 Repeat Expansion of<i>TCF4</i>Gene With Fuchs' Corneal Dystrophy in Chinese Implies Common Causal Variant,Transethnic Replication of Association of CTG18.1 Repeat Expansion of<i>TCF4</i>Gene With Fuchs' Corneal Dystrophy in Chinese Implies Common Causal Variant,Investigative Opthalmology & Visual Science,false,success,success,true,3,691,0,Reviewer 1,2026-03-19 14:10:47.016+00,publish research,true,,Hiin9302,PhD
189,1773927826332,57,LukeThursday3,I am post doc,8,Errors Are Aversive,"Replication of Hajcak & Foti  (2008, PS, Study 1)",Psychological Science,false,success,failure,false,2,464,0,Reviewer 1,2026-03-19 14:10:48.957+00,publish research,false,4.5,Hiin9302,PhD
190,1773927826332,57,LukeThursday3,I am post doc,9,Washing Away Your Sins: Threatened Morality and Physical Cleansing,The Effect of Physical Cleaning on Threatened Morality in Individuals With Obsessive-Compulsive Disorder,Science,false,success,success,true,2,535,0,Reviewer 1,2026-03-19 14:10:50.381+00,publish research,false,16.54,Hiin9302,PhD
191,1773927826332,57,LukeThursday3,I am post doc,10,Progressive Supranuclear Palsy,Replication of progressive supranuclear palsy genome-wide association study identifies SLCO1A2 and DUSP10 as new susceptibility loci,Neuro-Ophthalmology,false,success,success,true,2,423,0,Reviewer 1,2026-03-19 14:10:51.693+00,publish research,true,,Hiin9302,PhD
192,1773927826332,57,LukeThursday3,I am post doc,11,A Motion Aftereffect From Still Photographs Depicting Motion,Estimating the reproducibility of psychological science,Psychological Science,false,success,success,true,2,342,0,Reviewer 1,2026-03-19 14:10:52.772+00,publish research,true,4.5,Hiin9302,PhD
193,1773927826332,57,LukeThursday3,I am post doc,12,Weight as an Embodiment of Importance,Many Labs 3: Evaluating participant pool quality across the academic semester via replication,Psychological Science,false,success,failure,false,1,237,0,Reviewer 1,2026-03-19 14:10:53.484+00,publish research,false,4.5,Hiin9302,PhD
194,1773927826332,57,LukeThursday3,I am post doc,13,Responsiveness without Representation: Evidence from Minimum Wage Laws in U.S. States,Stability and change in the opinion–policy relationship: Evidence from minimum wage laws,American Journal of Political Science,false,success,success,true,2,583,0,Reviewer 2,2026-03-19 14:10:54.852+00,publish research,false,,Hiin9302,PhD
195,1773927826332,57,LukeThursday3,I am post doc,14,Honesty Requires Time (and Lack of Justifications),"Does Honesty Require Time? Two Preregistered Direct Replications of Experiment 2 of Shalvi, Eldar, and Bereby-Meyer (2012)",Psychological Science,false,success,failure,false,1,622,0,Reviewer 2,2026-03-19 14:10:57.165+00,publish research,false,4.5,Hiin9302,PhD
196,1773927826332,57,LukeThursday3,I am post doc,15,Exploring the potential relationship between eye gaze and English L2 speakers’ responses to recasts,"Eye gaze and L2 speakers’ responses to recasts: A systematic replication study of McDonough, Crowther, Kielstra and Trofimovich (2015)",Second Language Research,false,success,success,true,1,238,0,Reviewer 2,2026-03-19 14:10:57.924+00,publish research,true,,Hiin9302,PhD
197,1773927826332,57,LukeThursday3,I am post doc,16,Voluntary Muscle Relaxation Can Mitigate Fatigue and Improve Countermovement Jump Performance,Estimating the Replicability of Sports and Exercise Science Research,Journal of Strength and Conditioning Research,false,success,failure,false,0,207,0,Reviewer 2,2026-03-19 14:10:58.603+00,publish research,true,1.86,Hiin9302,PhD
198,1773927826332,58,LukeThursday3,I am post doc,1,Working memory moderates the effect of the integrative process of implicit and explicit autonomous motivation on academic achievement,Past academic achievement contributes to university students' autonomous motivation (AM) which is later moderated by implicit motivation and working memory: A Bayesian replication of the explicit-implicit model of AM,British Journal of Psychology,false,success,success,true,3,2706,0,Junior Reviewer,2026-03-19 14:13:15.675+00,publish research,false,,Hiin9302,PhD
199,1773927826332,58,LukeThursday3,I am post doc,2,"Patterns of Brain Activity Supporting Autobiographical Memory, Prospection, and Theory of Mind, and Their Relationship to the Default Mode Network","Multi-echo fMRI replication sample of autobiographical memory, prospection and theory of mind reasoning tasks",Journal of Cognitive Neuroscience,false,success,success,true,3,119,0,Junior Reviewer,2026-03-19 14:13:16.267+00,publish research,true,2.56,Hiin9302,PhD
200,1773927826332,58,LukeThursday3,I am post doc,3,"Audience Costs, Information, and Credible Commitment Problems","Audience costs, domestic economy and coercive diplomacy",Journal of Conflict Resolution,false,success,failure,false,2,71,0,Junior Reviewer,2026-03-19 14:13:16.7+00,publish research,false,,Hiin9302,PhD
201,1773927826332,58,LukeThursday3,I am post doc,4,The Gender Asymmetric Effect of Intimate Partner Violence on Relationship Satisfaction,The Relevance of Relationship Satisfaction and Continuation to the Gender Symmetry Debate,Violence and Victims,false,success,success,true,2,143,0,Junior Reviewer,2026-03-19 14:13:16.987+00,publish research,true,0.55,Hiin9302,PhD
202,1773927826332,58,LukeThursday3,I am post doc,5,The Dark Side of a Smiley,The Dark Versus Bright Side of a Smiley: A Preregistered Replication of Experiment 3 in Glikson et al. (2018) “The Dark Side of a Smiley”,Social Psychological and Personality Science,false,success,failure,false,1,160,0,Junior Reviewer,2026-03-19 14:13:17.267+00,publish research,false,2.62,Hiin9302,PhD
203,1773927826332,58,LukeThursday3,I am post doc,6,"Prediction error demarcates the transition from retrieval, to reconsolidation, to new learning",Demarcating the boundary conditions of memory reconsolidation: An unsuccessful replication,Learning & Memory,false,success,failure,false,0,128,0,Junior Reviewer,2026-03-19 14:13:17.468+00,publish research,true,,Hiin9302,PhD
204,1773927826332,59,LukeThursday3,I am post doc,1,Analytic Thinking Promotes Religious Disbelief,Evaluating the replicability of social science experiments in Nature and Science between 2010 and 2015,Science,false,failure,failure,true,3,773,0,Junior Reviewer,2026-03-19 14:13:22.681+00,publish research,true,16.54,Hiin9302,PhD
205,1773927826332,59,LukeThursday3,I am post doc,2,"Taking Back Control: Findings on the Cognitive, Behavioral, and Motivational Consequences of Victim Sensitivity","Can You Take Back Control? A Conceptual Replication Attempt of Balancing a Lack of Trust of Victim Sensitivity Through Compensatory Control (Buchholz et al., 2023)",Social Justice Research,false,failure,failure,true,3,151,0,Junior Reviewer,2026-03-19 14:13:23.444+00,publish research,true,1.44,Hiin9302,PhD
206,1773927826332,59,LukeThursday3,I am post doc,3,Macropartisanship,Macropartisanship: A Replication and Critique,American Political Science Review,false,failure,failure,true,3,88,0,Junior Reviewer,2026-03-19 14:13:23.788+00,publish research,false,,Hiin9302,PhD
207,1773927826332,59,LukeThursday3,I am post doc,4,How Guilt and Pride Shape Subsequent Self-Control,Investigating the Relationship Between Guilt and Self‐control Using Experience Sampling Method in Japan: Replication of Hofmann & Fisher (2012) and Additional Investigations,Social Psychological and Personality Science,false,failure,success,false,2,111,0,Junior Reviewer,2026-03-19 14:13:24.043+00,publish research,false,2.62,Hiin9302,PhD
208,1773927826332,59,LukeThursday3,I am post doc,5,"Sick Body, Vigilant Mind","Preregistered Direct Replication of “Sick Body, Vigilant Mind: The Biological Immune System Activates the Behavioral Immune System”",Psychological Science,false,failure,failure,true,2,111,0,Junior Reviewer,2026-03-19 14:13:24.276+00,publish research,true,4.5,Hiin9302,PhD
209,1773927826332,59,LukeThursday3,I am post doc,6,"School Climate: Historical Review, Instrument Development, and School Assessment","Psychometric Support of the School Climate Measure in a Large, Diverse Sample of Adolescents: A Replication and Extension",Journal of Psychoeducational Assessment,false,failure,success,false,1,166,0,Junior Reviewer,2026-03-19 14:13:24.579+00,publish research,true,,Hiin9302,PhD
210,1773927826332,59,LukeThursday3,I am post doc,7,"The Prevention, Identification, and Cognitive Determinants of Math Difficulty.",Intervention for First Graders With Limited Number Knowledge,Journal of Educational Psychology,false,failure,success,false,0,248,0,Junior Reviewer,2026-03-19 14:13:24.988+00,publish research,false,,Hiin9302,PhD
211,1773929623567,60,LukeThursday3,I am post doc,1,Testing the Death Thought Suppression and Rebound Hypothesis,Registered Replication Report: Study 3 From Trafimow and Hughes (2012),Social Psychological and Personality Science,false,success,success,true,3,1876,0,Junior Reviewer,2026-03-19 14:13:47.573+00,publish research,true,2.62,Hiin9302,PhD
212,1773929623567,60,LukeThursday3,I am post doc,2,Building capacity for injury prevention: a process evaluation of a replication of the Cardiff Violence Prevention Programme in the Southeastern USA,Building capacity for injury prevention: a process evaluation of a replication of the Cardiff Violence Prevention Programme in the Southeastern USA,Injury Prevention,false,success,success,true,3,399,0,Junior Reviewer,2026-03-19 14:13:48.379+00,publish research,false,,Hiin9302,PhD
213,1773929623567,60,LukeThursday3,I am post doc,3,Vocabulary simplification for children: a special case of ‘motherese’?,Text matters: Exploring the lexical reservoirs of books in preschool rooms,Journal of Child Language,false,success,success,true,3,87,0,Junior Reviewer,2026-03-19 14:13:48.627+00,publish research,false,,Hiin9302,PhD
214,1773929623567,60,LukeThursday3,I am post doc,4,Individualized Clinical Coaching in the TLE TeachLivE Lab,Mixed-Reality Simulation With Preservice Teacher Candidates: A Conceptual Replication,Teacher Education and Special Education: The Journal of the Teacher Education Division of the Council for Exceptional Children,false,success,success,true,3,94,0,Junior Reviewer,2026-03-19 14:13:48.843+00,publish research,false,,Hiin9302,PhD
215,1773929623567,60,LukeThursday3,I am post doc,5,Mutualistic Coupling Between Vocabulary and Reasoning Supports Cognitive Development During Late Adolescence and Early Adulthood,Mutualistic Coupling Between Vocabulary and Reasoning in Young Children: A Replication and Extension of the Study by Kievit et al. (2017),Psychological Science,false,success,success,true,4,94,0,Reviewer 1,2026-03-19 14:13:49.059+00,publish research,false,4.5,Hiin9302,PhD
216,1773929623567,60,LukeThursday3,I am post doc,6,The Visual Mandela Effect as Evidence for Shared and Specific False Memories Across People,"Replication of a study from ""The Visual Mandela Effect as Evidence for Shared and Specific False Memories Across People"" (Psychological Science | Prasad & Bainbridge 2022)",Psychological Science,false,success,success,true,4,419,0,Reviewer 1,2026-03-19 14:13:49.836+00,publish research,true,4.5,Hiin9302,PhD
217,1773929623567,60,LukeThursday3,I am post doc,7,Optimal learning in a virtual patient simulation of cranial nerve palsies: The interaction between social learning context and student aptitude,Virtual patient simulations and optimal social learning context: A replication of an aptitude–treatment interaction effect,Medical Teacher,false,success,success,true,4,86,0,Reviewer 1,2026-03-19 14:13:50.131+00,publish research,true,,Hiin9302,PhD
218,1773929623567,60,LukeThursday3,I am post doc,8,Turning the Hands of Time,Turning the hands of time again: a purely confirmatory replication study and a Bayesian analysis,Social Psychological and Personality Science,false,success,failure,false,3,78,0,Reviewer 1,2026-03-19 14:13:50.331+00,publish research,false,2.62,Hiin9302,PhD
219,1773929623567,60,LukeThursday3,I am post doc,9,Changes in the Prevalence of Thin Bodies Bias Young Women’s Judgments About Body Size,"Replication of ""Changes in the prevalence of thin bodies bias young women's judgements about body size"" (Psychological Science | Devine et al. 2022)",Psychological Science,false,success,failure,false,2,86,0,Reviewer 1,2026-03-19 14:13:50.523+00,publish research,true,4.5,Hiin9302,PhD
220,1773929623567,60,LukeThursday3,I am post doc,10,The Effects of Self-Monitoring on Teachers’ Use of Specific Praise,Effects of Targeted Professional Development on Teachers’ Specific Praise Rates,Journal of Positive Behavior Interventions,false,success,success,true,2,78,0,Reviewer 1,2026-03-19 14:13:50.717+00,publish research,true,,Hiin9302,PhD
221,1773929623567,60,LukeThursday3,I am post doc,11,Improving Teachers’ Knowledge of Functional Assessment-based Interventions: Outcomes of a Professional Development Series,"Improving Educators’ Knowledge, Confidence, and Usefulness of Functional Assessment-based Interventions: Outcomes of Professional Learning",Education and Treatment of Children,false,success,success,true,2,70,0,Reviewer 1,2026-03-19 14:13:51.124+00,publish research,true,,Hiin9302,PhD
222,1773929623567,60,LukeThursday3,I am post doc,12,The Parieto-Frontal Integration Theory (P-FIT) of intelligence: Converging neuroimaging evidence,Structural and Functional Brain Parameters Related to Cognitive Performance Across Development: Replication and Extension of the Parieto-Frontal Integration Theory in a Single Sample,Behavioral and Brain Sciences,false,success,success,true,3,96,0,Reviewer 2,2026-03-19 14:13:51.396+00,publish research,false,,Hiin9302,PhD
223,1773929623567,60,LukeThursday3,I am post doc,13,Behavioral nudges reduce failure to appear for court,"Replication of two studies from ""Behavioral nudges reduce failure to appear for court"" (Science | Fishbane, Ouss & Shah, 2020)",Science,false,success,success,true,3,233,0,Reviewer 2,2026-03-19 14:13:52.077+00,publish research,true,16.54,Hiin9302,PhD
224,1773929623567,60,LukeThursday3,I am post doc,14,Understanding Information Systems Continuance: An Expectation-Confirmation Model1,Continuance Intention on Using Mobile Banking Applications: A Replication Study of Information Systems Continuance Model,MIS Quarterly,false,success,success,true,3,87,0,Reviewer 2,2026-03-19 14:13:52.276+00,publish research,true,,Hiin9302,PhD
225,1773929623567,60,LukeThursday3,I am post doc,15,"Warmer Hearts, Warmer Rooms",Many Labs 3: Evaluating participant pool quality across the academic semester via replication,Social Psychology,false,success,failure,false,2,94,0,Reviewer 2,2026-03-19 14:13:52.484+00,publish research,true,2.24,Hiin9302,PhD
226,1773929623567,60,LukeThursday3,I am post doc,16,Scarcity Frames Value,Empirical audit and review and an assessment of evidentiary value in research on the psychological consequences of scarcity,Psychological Science,false,success,failure,false,1,95,0,Reviewer 2,2026-03-19 14:13:52.683+00,publish research,true,4.5,Hiin9302,PhD
227,1773929623567,60,LukeThursday3,I am post doc,17,The Local-Ladder Effect,Many Labs 2: Investigating Variation in Replicability Across Samples and Settings,Psychological Science,false,success,failure,false,0,112,0,Reviewer 2,2026-03-19 14:13:52.9+00,publish research,false,4.5,Hiin9302,PhD
228,1773930324802,5,Player10,I am post doc,1,Turning the Hands of Time,Turning the hands of time again: a purely confirmatory replication study and a Bayesian analysis,Social Psychological and Personality Science,false,success,failure,false,2,152852,0,Junior Reviewer,2026-03-19 14:39:28.785+00,publish research,true,2.62,ABCD1234,PhD
229,1773930324802,5,Player10,I am post doc,2,Changes in the Prevalence of Thin Bodies Bias Young Women’s Judgments About Body Size,"Replication of ""Changes in the prevalence of thin bodies bias young women's judgements about body size"" (Psychological Science | Devine et al. 2022)",Psychological Science,false,failure,failure,true,2,3359,0,Junior Reviewer,2026-03-19 14:41:55.942+00,publish research,false,4.5,ABCD1234,PhD
230,1773930324802,5,Player10,I am post doc,3,Recovery from Proactive Semantic Interference in Mild Cognitive Impairment and Normal Aging: Relationship to Atrophy in Brain Regions Vulnerable to Alzheimer’s Disease,Recovery from Proactive Semantic Interference and MRI Volume: A Replication and Extension Study,Journal of Alzheimer's Disease,false,success,success,true,2,312,0,Junior Reviewer,2026-03-19 14:41:56.749+00,publish research,true,,ABCD1234,PhD
231,1773930324802,5,Player10,I am post doc,4,Brand Experience: What is It? How is it Measured? Does it Affect Loyalty?,Eco-Friendly Brands to Drive Sustainable Development: Replication and Extension of the Brand Experience Scale in a Cross-National Context,Journal of Marketing,false,success,success,true,2,226,0,Junior Reviewer,2026-03-19 14:41:57.461+00,publish research,false,,ABCD1234,PhD
232,1773930324802,5,Player10,I am post doc,5,Macropartisanship,Macropartisanship: A Replication and Critique,American Political Science Review,false,success,failure,false,1,703,0,Junior Reviewer,2026-03-19 14:41:59.1+00,publish research,true,,ABCD1234,PhD
233,1773930324802,5,Player10,I am post doc,6,"The Prevention, Identification, and Cognitive Determinants of Math Difficulty.",Intervention for First Graders With Limited Number Knowledge,Journal of Educational Psychology,false,success,success,true,1,495,0,Junior Reviewer,2026-03-19 14:42:00.668+00,publish research,false,,ABCD1234,PhD
234,1773930324802,5,Player10,I am post doc,7,Coadministration of a Tumor-Penetrating Peptide Enhances the Efficacy of Cancer Drugs,Replication Study: Coadministration of a tumor-penetrating peptide enhances the efficacy of cancer drugs,Science,false,success,failure,false,0,1368,0,Junior Reviewer,2026-03-19 14:42:02.523+00,publish research,true,16.54,ABCD1234,PhD
235,1773929623567,61,LukeThursday3,I am post doc,1,Stability and change in the opinion-policy relationship: Evidence from state minimum wage laws,Stability and change in the opinion–policy relationship: Evidence from minimum wage laws,,false,success,success,true,3,608864,1,Junior Reviewer,2026-03-19 14:56:23.306+00,publish research,false,,Hiin9302,PhD
236,1773929623567,61,LukeThursday3,I am post doc,2,Concurrent working memory load can reduce distraction,Can concurrent memory load reduce distraction? A replication study and beyond.,Proceedings of the National Academy of Sciences,false,success,failure,false,2,97,0,Junior Reviewer,2026-03-19 14:56:24.522+00,publish research,true,6.96,Hiin9302,PhD
237,1773929623567,61,LukeThursday3,I am post doc,3,Curriculum-Based Measures of Beginning Writing: Technical Features of the Slope,Technical Features of Slopes for Curriculum-Based Measures of Secondary Writing,Exceptional Children,false,success,failure,false,1,56,0,Junior Reviewer,2026-03-19 14:56:25.322+00,publish research,false,,Hiin9302,PhD
238,1773929623567,61,LukeThursday3,I am post doc,4,"Ignoring History, Denying Racism: Mounting Evidence for the Marley Hypothesis and Epistemologies of Ignorance",Ignorance of History and Perceptions of Racism: Another Look at the Marley Hypothesis,Social Psychological and Personality Science,false,success,failure,false,0,79,0,Junior Reviewer,2026-03-19 14:56:25.833+00,publish research,false,2.62,Hiin9302,PhD
239,1774008869878,62,LukeFriday1,I am a postdoc,1,Incidental Haptic Sensations Influence Social Judgments and Decisions,Evaluating the replicability of social science experiments in Nature and Science between 2010 and 2015,Science,false,failure,success,false,2,4767,0,Junior Reviewer,2026-03-20 12:15:06.755+00,"I regularly read research articles, I conduct research, I publish research, I conduct replications",false,16.54,Hiin9302,PhD
240,1774008869878,62,LukeFriday1,I am a postdoc,2,Responsiveness without Representation: Evidence from Minimum Wage Laws in U.S. States,Stability and change in the opinion–policy relationship: Evidence from minimum wage laws,American Journal of Political Science,false,success,success,true,2,472,0,Junior Reviewer,2026-03-20 12:15:07.995+00,"I regularly read research articles, I conduct research, I publish research, I conduct replications",true,,Hiin9302,PhD
241,1774008869878,62,LukeFriday1,I am a postdoc,3,"ASSOCIATIVE SYMMETRY, ANTISYMMETRY, AND A THEORY OF PIGEONS' EQUIVALENCE‐CLASS FORMATION",A REPLICATION AND EXTENSION OF THE ANTISYMMETRY EFFECT IN PIGEONS,Journal of the Experimental Analysis of Behavior,false,success,success,true,2,815,0,Junior Reviewer,2026-03-20 12:15:10.986+00,"I regularly read research articles, I conduct research, I publish research, I conduct replications",false,1.12,Hiin9302,PhD
242,1774008869878,62,LukeFriday1,I am a postdoc,4,Having Control Over and Above Situations: The Influence of Elevated Viewpoints on Risk Taking,[82] Data Replicada #1: Do Elevated Viewpoints Increase Risk Taking?,Journal of Marketing Research,false,failure,failure,true,2,199,0,Junior Reviewer,2026-03-20 12:15:11.634+00,"I regularly read research articles, I conduct research, I publish research, I conduct replications",false,2.11,Hiin9302,PhD
243,1774008869878,62,LukeFriday1,I am a postdoc,5,The Thermometer of Social Relations,Physical Warmth and Perceptual Focus: A Replication of IJzerman and Semin (2009),Psychological Science,false,success,success,true,2,327,0,Junior Reviewer,2026-03-20 12:15:12.242+00,"I regularly read research articles, I conduct research, I publish research, I conduct replications",true,4.5,Hiin9302,PhD
244,1774008869878,62,LukeFriday1,I am a postdoc,6,The Uncertain Self: How Self-Concept Structure Affects Subscription Choice,[84] Data Replicada #3: Does Self-Concept Uncertainty Influence Magazine Subscription Choice?,Journal of Consumer Research,false,success,failure,false,1,2200,0,Junior Reviewer,2026-03-20 12:15:14.715+00,"I regularly read research articles, I conduct research, I publish research, I conduct replications",true,5.41,Hiin9302,PhD
245,1774008869878,62,LukeFriday1,I am a postdoc,7,Behavioral nudges reduce failure to appear for court,"Replication of two studies from ""Behavioral nudges reduce failure to appear for court"" (Science | Fishbane, Ouss & Shah, 2020)",Science,false,success,success,true,2,336,0,Reviewer 1,2026-03-20 12:15:15.499+00,"I regularly read research articles, I conduct research, I publish research, I conduct replications",false,16.54,Hiin9302,PhD
246,1774008869878,62,LukeFriday1,I am a postdoc,8,Tact training versus bidirectional intraverbal training in teaching a foreign language,A Comparison of Tact Training and Bidirectional Intraverbal Training in Teaching a Foreign Language: A Refined Replication,Journal of Applied Behavior Analysis,false,failure,success,false,1,576,0,Reviewer 1,2026-03-20 12:15:17.018+00,"I regularly read research articles, I conduct research, I publish research, I conduct replications",false,,Hiin9302,PhD
247,1774008869878,62,LukeFriday1,I am a postdoc,9,With a Clean Conscience,Does Cleanliness Influence Moral Judgments?,Psychological Science,false,failure,failure,true,1,40,0,Reviewer 1,2026-03-20 12:15:17.219+00,"I regularly read research articles, I conduct research, I publish research, I conduct replications",false,4.5,Hiin9302,PhD
248,1774008869878,62,LukeFriday1,I am a postdoc,10,Exploring the potential relationship between eye gaze and English L2 speakers’ responses to recasts,"Eye gaze and L2 speakers’ responses to recasts: A systematic replication study of McDonough, Crowther, Kielstra and Trofimovich (2015)",Second Language Research,false,failure,success,false,0,71,0,Reviewer 1,2026-03-20 12:15:17.427+00,"I regularly read research articles, I conduct research, I publish research, I conduct replications",true,,Hiin9302,PhD
249,1774010057822,63,LukeFriday3,I am professor,1,Is ostension any more than attention?,Gaze Following Is Not Dependent on Ostensive Cues: A Critical Test of Natural Pedagogy,Scientific Reports,false,success,success,true,3,4402,0,Junior Reviewer,2026-03-20 12:34:43.421+00,conduct research,true,3.91,Hiin9302,Bachelors degree
250,1774010057822,63,LukeFriday3,I am professor,2,"Social Media Use, Physical Activity, and Internalizing Symptoms in Adolescence: Cross-sectional Analysis","Digital technology use, physical activity, and internalizing symptoms in adolescence: replication and extension in a post-pandemic cohort",JMIR Mental Health,false,failure,success,false,2,216,0,Junior Reviewer,2026-03-20 12:34:44.188+00,conduct research,false,,Hiin9302,Bachelors degree
251,1774010057822,63,LukeFriday3,I am professor,3,RETRACTED: In vivo direct imaging of neuronal activity at high temporospatial resolution,No Replication of Direct Neuronal Activity-related (DIANA) fMRI in Anesthetized Mice,Science,false,failure,failure,true,2,303,0,Junior Reviewer,2026-03-20 12:34:44.764+00,conduct research,false,16.54,Hiin9302,Bachelors degree
252,1774010057822,63,LukeFriday3,I am professor,4,Anticipating Divine Protection? Reminders of God Can Increase Nonmoral Risk Taking,"Do Religious Primes Increase Risk Taking? Evidence Against “Anticipating Divine Protection” in Two Preregistered Direct Replications of Kupor, Laurin, and Levav (2015)",Psychological Science,false,failure,failure,true,2,103,0,Junior Reviewer,2026-03-20 12:34:45.045+00,conduct research,true,4.5,Hiin9302,Bachelors degree
253,1774010057822,63,LukeFriday3,I am professor,5,Cognitive Control Predicts Use of Model-based Reinforcement Learning,Eleven years of student replication projects provide evidence on the correlates of replicability in psychology,Journal of Cognitive Neuroscience,false,success,success,true,2,104,0,Junior Reviewer,2026-03-20 12:34:45.324+00,conduct research,true,2.56,Hiin9302,Bachelors degree
254,1774010057822,63,LukeFriday3,I am professor,6,Higher social class predicts increased unethical behavior,Eleven years of student replication projects provide evidence on the correlates of replicability in psychology,Proceedings of the National Academy of Sciences,false,failure,failure,true,3,128,0,Reviewer 1,2026-03-20 12:34:45.581+00,conduct research,false,6.96,Hiin9302,Bachelors degree
255,1774010057822,63,LukeFriday3,I am professor,7,Thought for Food: Imagined Consumption Reduces Actual Consumption,Evaluating the replicability of social science experiments in Nature and Science between 2010 and 2015,Science,false,failure,success,false,2,95,0,Reviewer 1,2026-03-20 12:34:46.02+00,conduct research,true,16.54,Hiin9302,Bachelors degree
256,1774010057822,63,LukeFriday3,I am professor,8,Wholesome Foods and Wholesome Morals?,Direct and Conceptual Replications of Eskine (2013),Social Psychological and Personality Science,false,success,failure,false,1,135,0,Reviewer 1,2026-03-20 12:34:46.444+00,conduct research,true,2.62,Hiin9302,Bachelors degree
257,1774010057822,63,LukeFriday3,I am professor,9,Name Your Favorite Musician,"Effects of the Generic Masculine and its Alternatives in Germanophone countries - A Multi-lab Replication and Extension of Stahlberg, Sczesny, and Braun, 2001",Journal of Language and Social Psychology,false,success,success,true,1,103,0,Reviewer 1,2026-03-20 12:34:46.661+00,conduct research,false,1.26,Hiin9302,Bachelors degree
258,1774010057822,63,LukeFriday3,I am professor,10,Nonconscious Goal Pursuit in Novel Environments,Estimating the reproducibility of psychological science,Psychological Science,false,success,failure,false,0,88,0,Reviewer 1,2026-03-20 12:34:46.845+00,conduct research,true,4.5,Hiin9302,Bachelors degree
259,1774017051401,64,LukeFriday4,I am a postdoc,1,RETRACTED: In vivo direct imaging of neuronal activity at high temporospatial resolution,No replication of direct neuronal activity–related (DIANA) fMRI in anesthetized mice,Science,false,success,failure,false,2,4666,0,Junior Reviewer,2026-03-20 14:31:05.406+00,"I regularly read research articles, I conduct research, I publish research, I conduct replications",false,16.54,Hiin9302,Bachelors degree
260,1774017051401,64,LukeFriday4,I am a postdoc,2,Curriculum-Based Measures of Beginning Writing: Technical Features of the Slope,Technical Features of Slopes for Curriculum-Based Measures of Secondary Writing,Exceptional Children,false,failure,failure,true,2,1399,0,Junior Reviewer,2026-03-20 14:31:11.671+00,"I regularly read research articles, I conduct research, I publish research, I conduct replications",true,,Hiin9302,Bachelors degree
261,1774017051401,64,LukeFriday4,I am a postdoc,3,"“Science capital”: A conceptual, methodological, and empirical argument for extending bourdieusian notions of capital beyond the arts",Who has high science capital? An exploration of emerging patterns of science capital among students aged 17/18 in England,Journal of Research in Science Teaching,false,failure,success,false,1,352,0,Junior Reviewer,2026-03-20 14:31:12.605+00,"I regularly read research articles, I conduct research, I publish research, I conduct replications",false,,Hiin9302,Bachelors degree
262,1774017051401,64,LukeFriday4,I am a postdoc,4,The positive feedback bias as a response to self‐image threat,The conflicted language of interracial feedback.,British Journal of Social Psychology,false,success,success,true,1,647,0,Junior Reviewer,2026-03-20 14:31:14.119+00,"I regularly read research articles, I conduct research, I publish research, I conduct replications",false,,Hiin9302,Bachelors degree
263,1774017051401,64,LukeFriday4,I am a postdoc,5,ASSESSMENT OF DEVIANT AROUSAL IN ADULT MALE SEX OFFENDERS WITH DEVELOPMENTAL DISABILITIES,REPLICATIONS AND EXTENSIONS IN AROUSAL ASSESSMENT FOR SEX OFFENDERS WITH DEVELOPMENTAL DISABILITIES,Journal of Applied Behavior Analysis,false,success,success,true,1,334,0,Junior Reviewer,2026-03-20 14:31:15.644+00,"I regularly read research articles, I conduct research, I publish research, I conduct replications",true,,Hiin9302,Bachelors degree
264,1774017051401,64,LukeFriday4,I am a postdoc,6,Dynamics of Performing and Remembering Organizational Routines,Theory Development Via Replicated Simulations and the Added Value of Standards,Journal of Management Studies,false,success,success,true,1,279,0,Junior Reviewer,2026-03-20 14:31:16.381+00,"I regularly read research articles, I conduct research, I publish research, I conduct replications",false,,Hiin9302,Bachelors degree
265,1774017051401,64,LukeFriday4,I am a postdoc,7,Promoting Interest and Performance in High School Science Classes,Making connections: Replicating and extending the utility value intervention in the classroom.,Science,false,success,success,true,2,432,0,Reviewer 1,2026-03-20 14:31:17.238+00,"I regularly read research articles, I conduct research, I publish research, I conduct replications",false,16.54,Hiin9302,Bachelors degree
266,1774017051401,64,LukeFriday4,I am a postdoc,8,Infants generate goal‐based action predictions,Infants’ perception of goal-directed actions: A multi-lab replication reveals that infants anticipate paths and not goals,Developmental Science,false,success,failure,false,1,510,0,Reviewer 1,2026-03-20 14:31:20.181+00,"I regularly read research articles, I conduct research, I publish research, I conduct replications",false,2.42,Hiin9302,Bachelors degree
267,1774017051401,64,LukeFriday4,I am a postdoc,9,Implicit Theories of Intelligence Predict Achievement Across an Adolescent Transition: A Longitudinal Study and an Intervention,Testing the association of growth mindset and grades across a challenging transition: Is growth mindset associated with grades?,Child Development,false,success,failure,false,0,231,0,Reviewer 1,2026-03-20 14:31:22.093+00,"I regularly read research articles, I conduct research, I publish research, I conduct replications",false,2.11,Hiin9302,Bachelors degree
268,1774017116529,10,Lukemobile,I am a postdoc,1,Visual biases in judging body weight,Evidence for a specific distortion in perceptual body image in eating disorders: A replication and extension,British Journal of Health Psychology,false,success,success,true,3,11392,0,Junior Reviewer,2026-03-20 14:32:17.897+00,I regularly read research articles,true,1.79,Dcba4321,PhD
269,1774017116529,10,Lukemobile,I am a postdoc,2,Fast mapping between a phrasal form and meaning,"Input skewedness, consistency, and order of frequent verbs in frequency-driven second language construction learning: A replication and extension of Casenhiser and Goldberg (2005) to adult second language acquisition",Developmental Science,false,failure,failure,true,3,1097,0,Junior Reviewer,2026-03-20 14:32:22.649+00,I regularly read research articles,false,2.42,Dcba4321,PhD
270,1774017116529,10,Lukemobile,I am a postdoc,3,Class-Wide Function-Related Intervention Teams: Effects of Group Contingency Programs in Urban Classrooms,The Effects of Class-Wide Function-Related Intervention Teams (CW-FIT) on Students’ Prosocial Classroom Behaviors,Journal of Positive Behavior Interventions,false,success,success,true,3,680,0,Junior Reviewer,2026-03-20 14:32:24.785+00,I regularly read research articles,false,,Dcba4321,PhD
271,1774017116529,10,Lukemobile,I am a postdoc,4,The Instability of Philosophical Intuitions: Running Hot and Cold on Truetemp,The Stability of Philosophical Intuitions: Failed Replications of Swain <i>et al</i>. (2008),Philosophy and Phenomenological Research,false,success,failure,false,2,1408,0,Junior Reviewer,2026-03-20 14:32:30.001+00,I regularly read research articles,true,,Dcba4321,PhD
272,1774017116529,10,Lukemobile,I am a postdoc,5,Do female and ethnically diverse executives endure inequity in the CEO position or do they benefit from their minority status? An empirical examination,"Revisiting the gender gap in CEO compensation: Replication and extension of Hill, Upadhyay, and Beekun's (2015) work on CEO gender pay gap",Strategic Management Journal,false,success,failure,false,1,31208,0,Junior Reviewer,2026-03-20 14:33:06.939+00,I regularly read research articles,false,5.78,Dcba4321,PhD
273,1774017116529,10,Lukemobile,I am a postdoc,6,"Different Tests, Different Answers",The Sensitivity of Teacher Value-Added Scores to the Use of Fall or Spring Test Scores,American Educational Research Journal,false,success,success,true,1,1313,0,Junior Reviewer,2026-03-20 14:33:41.417+00,I regularly read research articles,false,,Dcba4321,PhD
274,1774017116529,10,Lukemobile,I am a postdoc,7,The Curse of Knowledge in Reasoning About False Beliefs,Eleven years of student replication projects provide evidence on the correlates of replicability in psychology,Psychological Science,false,success,failure,false,0,753,0,Junior Reviewer,2026-03-20 14:33:43.244+00,I regularly read research articles,false,4.5,Dcba4321,PhD
275,1774031006718,11,Lukemobile,I am a postdoc,1,"Sick Body, Vigilant Mind","Preregistered Direct Replication of “Sick Body, Vigilant Mind: The Biological Immune System Activates the Behavioral Immune System”",Psychological Science,false,success,failure,false,2,14144,0,Junior Reviewer,2026-03-20 18:24:13.652+00,I regularly read research articles,true,4.5,Dcba4321,PhD
276,1774031006718,11,Lukemobile,I am a postdoc,2,"Ignoring History, Denying Racism: Mounting Evidence for the Marley Hypothesis and Epistemologies of Ignorance",Ignorance of History and Perceptions of Racism: Another Look at the Marley Hypothesis,Social Psychological and Personality Science,false,success,failure,false,1,4213,0,Junior Reviewer,2026-03-20 18:24:21.146+00,I regularly read research articles,true,2.62,Dcba4321,PhD
277,1774031006718,11,Lukemobile,I am a postdoc,3,The Local-Ladder Effect,Many Labs 2: Investigating Variation in Replicability Across Samples and Settings,Psychological Science,false,failure,failure,true,1,3756,0,Junior Reviewer,2026-03-20 18:24:26.85+00,I regularly read research articles,true,4.5,Dcba4321,PhD
278,1774031006718,11,Lukemobile,I am a postdoc,4,"Taking Back Control: Findings on the Cognitive, Behavioral, and Motivational Consequences of Victim Sensitivity","Can You Take Back Control? A Conceptual Replication Attempt of Balancing a Lack of Trust of Victim Sensitivity Through Compensatory Control (Buchholz et al., 2023)",Social Justice Research,false,success,failure,false,0,4834,0,Junior Reviewer,2026-03-20 18:24:34.694+00,I regularly read research articles,false,1.44,Dcba4321,PhD
279,1774031111775,12,Spielplatz,I am working outside of research,1,Mental fatigue impairs physical performance in humans,Does mental fatigue impair physical performance? A replication study,Journal of Applied Physiology,false,failure,failure,true,3,5135,0,Junior Reviewer,2026-03-20 18:26:39.542+00,I am unfamiliar with research,false,2.48,Baas2021,No formal qualification
280,1774031111775,12,Spielplatz,I am working outside of research,2,Intentional Binding Without Intentional Action,Intentional binding – Is it just causal binding? A replication study of Suzuki et al. (2019),Psychological Science,false,failure,failure,true,3,8360,0,Junior Reviewer,2026-03-20 18:26:57.981+00,I am unfamiliar with research,true,4.5,Baas2021,No formal qualification
281,1774031111775,12,Spielplatz,I am working outside of research,3,Coadministration of a Tumor-Penetrating Peptide Enhances the Efficacy of Cancer Drugs,Replication Study: Coadministration of a tumor-penetrating peptide enhances the efficacy of cancer drugs,Science,false,failure,failure,true,3,1114,0,Junior Reviewer,2026-03-20 18:27:06.604+00,I am unfamiliar with research,true,16.54,Baas2021,No formal qualification
282,1774031111775,12,Spielplatz,I am working outside of research,4,Flexibility in task switching by monolinguals and bilinguals,Bilingualism and flexibility in task switching,Bilingualism: Language and Cognition,false,failure,success,false,2,908,0,Junior Reviewer,2026-03-20 18:27:10.645+00,I am unfamiliar with research,false,1.65,Baas2021,No formal qualification
283,1774031111775,12,Spielplatz,I am working outside of research,5,A Single Dose of Oral ATP Supplementation Improves Performance and Physiological Response During Lower Body Resistance Exercise in Recreational Resistance-Trained Males,Estimating the Replicability of Sports and Exercise Science Research,Journal of Strength and Conditioning Research,false,success,failure,false,1,2658,0,Junior Reviewer,2026-03-20 18:27:19.068+00,I am unfamiliar with research,true,1.86,Baas2021,No formal qualification
284,1774031111775,12,Spielplatz,I am working outside of research,6,Blinded with science: Trivial graphs and formulas increase ad persuasiveness and belief in product efficacy,Blinded with Science or Informed by Charts? A Replication Study,Public Understanding of Science,false,failure,failure,true,1,921,0,Junior Reviewer,2026-03-20 18:27:24.232+00,I am unfamiliar with research,false,,Baas2021,No formal qualification
285,1774031111775,12,Spielplatz,I am working outside of research,7,The Slave Trade and the Origins of Mistrust in Africa,Narrow and scientific replication of ‘The slave trade and the origins of mistrust in Africa',American Economic Review,false,failure,success,false,0,2401,0,Junior Reviewer,2026-03-20 18:27:31.836+00,I am unfamiliar with research,true,,Baas2021,No formal qualification
286,1774167685647,1,Luk,I am a postdoc,1,Contextualizing Mathematics: Teaching Problem Solving to Secondary Students With Intellectual and Developmental Disabilities,Contextualizing Mathematical Problem-Solving Instruction for Secondary Students with Extensive Support Needs: A Systematic Replication,Intellectual and Developmental Disabilities,false,success,success,true,3,2488,0,Junior Reviewer,2026-03-22 08:22:17.498+00,"I regularly read research articles, I conduct research, I publish research, I conduct replications",true,,Hiin9302,PhD
287,1774167685647,1,Luk,I am a postdoc,2,Do female and ethnically diverse executives endure inequity in the CEO position or do they benefit from their minority status? An empirical examination,"Revisiting the gender gap in CEO compensation: Replication and extension of Hill, Upadhyay, and Beekun's (2015) work on CEO gender pay gap",Strategic Management Journal,false,failure,failure,true,3,768,0,Junior Reviewer,2026-03-22 08:22:20.523+00,"I regularly read research articles, I conduct research, I publish research, I conduct replications",false,5.78,Hiin9302,PhD
288,1774167685647,1,Luk,I am a postdoc,3,Can you connect with me now? How the presence of mobile communication technology influences face-to-face conversation quality,How bad is the mere presence of a phone? A replication of Przybylski and Weinstein (2013) and an extension to creativity,Journal of Social and Personal Relationships,false,failure,failure,true,3,2058,0,Junior Reviewer,2026-03-22 08:22:25.633+00,"I regularly read research articles, I conduct research, I publish research, I conduct replications",false,,Hiin9302,PhD
289,1774167685647,1,Luk,I am a postdoc,4,Coadministration of a Tumor-Penetrating Peptide Enhances the Efficacy of Cancer Drugs,Replication Study: Coadministration of a tumor-penetrating peptide enhances the efficacy of cancer drugs,Science,false,failure,failure,true,3,668,0,Junior Reviewer,2026-03-22 08:22:27.009+00,"I regularly read research articles, I conduct research, I publish research, I conduct replications",false,16.54,Hiin9302,PhD
290,1774167685647,1,Luk,I am a postdoc,5,Improving Foster Children's School Achievements: Promising Results from a Swedish Intensive Study,Improving foster children’s school performance: a replication of the Helsingborg study,Adoption & Fostering,false,failure,success,false,2,934,0,Junior Reviewer,2026-03-22 08:22:28.607+00,"I regularly read research articles, I conduct research, I publish research, I conduct replications",false,,Hiin9302,PhD
291,1774167685647,1,Luk,I am a postdoc,6,From marine ecology to crime analysis: Improving the detection of serial sexual offences using a taxonomic similarity measure,"Another look at across-crime similarity coefficients for use in behavioural linkage analysis: an attempt to replicate Woodhams, Grant, and Price (2007)",Journal of Investigative Psychology and Offender Profiling,false,success,failure,false,1,1007,0,Junior Reviewer,2026-03-22 08:22:30.175+00,"I regularly read research articles, I conduct research, I publish research, I conduct replications",false,,Hiin9302,PhD
292,1774167685647,1,Luk,I am a postdoc,7,With a Clean Conscience,Clean thoughts lead to less severe moral judgment,Psychological Science,false,failure,success,false,0,1190,0,Junior Reviewer,2026-03-22 08:22:31.947+00,"I regularly read research articles, I conduct research, I publish research, I conduct replications",false,4.5,Hiin9302,PhD
293,1774360243443,65,LukeFriday4,I am a postdoc,1,"Sick Body, Vigilant Mind","Preregistered Direct Replication of “Sick Body, Vigilant Mind: The Biological Immune System Activates the Behavioral Immune System”",Psychological Science,false,failure,failure,true,3,2216,0,Junior Reviewer,2026-03-24 13:52:07.501+00,"I regularly read research articles, I conduct research, I publish research, I conduct replications",true,4.42,Hiin9302,Bachelors degree
294,1774360243443,65,LukeFriday4,I am a postdoc,2,With a Clean Conscience,Does Cleanliness Influence Moral Judgments?,Psychological Science,false,failure,failure,true,3,1344,0,Junior Reviewer,2026-03-24 13:52:09.629+00,"I regularly read research articles, I conduct research, I publish research, I conduct replications",false,4.42,Hiin9302,Bachelors degree
295,1774360243443,65,LukeFriday4,I am a postdoc,3,Replicating Milgram: Would people still obey today?,Doubting the power of prestige: obedience to authority beyond institutional and research justifications,American Psychologist,false,success,success,true,3,2416,0,Junior Reviewer,2026-03-24 13:52:12.492+00,"I regularly read research articles, I conduct research, I publish research, I conduct replications",false,2.59,Hiin9302,Bachelors degree
296,1774360243443,65,LukeFriday4,I am a postdoc,4,Gratitude and Prosocial Behavior,"Gratitude, indebtedness, and reciprocity: an extended replication of Bartlett & DeSteno (2006)",Psychological Science,false,failure,failure,true,3,2337,0,Junior Reviewer,2026-03-24 13:52:15.495+00,"I regularly read research articles, I conduct research, I publish research, I conduct replications",true,4.42,Hiin9302,Bachelors degree
297,1774360243443,65,LukeFriday4,I am a postdoc,5,The Interpretability Hypothesis: evidence from wh-interrogatives in second language acquisition,The Interpretability Hypothesis again: A partial replication of Tsimpli and Dimitrakopoulou (2007),Second Language Research,false,success,failure,false,2,1806,0,Junior Reviewer,2026-03-24 13:52:17.964+00,"I regularly read research articles, I conduct research, I publish research, I conduct replications",false,1.66,Hiin9302,Bachelors degree
298,1774360243443,65,LukeFriday4,I am a postdoc,6,Lateral Eye Movements Increase False Memory Rates,Lateral Eye Movements Do Not Increase False-Memory Rates: A Failed Direct-Replication Study,Clinical Psychological Science,false,failure,failure,true,3,3320,0,Reviewer 1,2026-03-24 13:52:22.037+00,"I regularly read research articles, I conduct research, I publish research, I conduct replications",true,2.96,Hiin9302,Bachelors degree
299,1774360243443,65,LukeFriday4,I am a postdoc,7,Psycholinguistic and corpus-linguistic evidence for L2 constructions,Preterit-imperfect acquisition in L2 Spanish writing: Moving beyond lexical aspect,Annual Review of Cognitive Linguistics,false,success,success,true,3,2328,0,Reviewer 1,2026-03-24 13:52:25.822+00,"I regularly read research articles, I conduct research, I publish research, I conduct replications",false,0,Hiin9302,Bachelors degree
300,1774360243443,65,LukeFriday4,I am a postdoc,8,Feeling the future: Experimental evidence for anomalous retroactive influences on cognition and affect.,Failing the Future: Three Unsuccessful Attempts to Replicate Bem's ‘Retroactive Facilitation of Recall’ Effect,Journal of Personality and Social Psychology,false,failure,failure,true,3,1407,0,Reviewer 1,2026-03-24 13:52:27.677+00,"I regularly read research articles, I conduct research, I publish research, I conduct replications",false,2.28,Hiin9302,Bachelors degree
301,1774360243443,65,LukeFriday4,I am a postdoc,9,Neutralizing misinformation through inoculation: Exposing misleading argumentation techniques reduces their influence,The effect of misinformation and inoculation: Replication of an experiment on the effect of false experts in the context of climate change communication,PLOS ONE,false,failure,failure,true,3,1967,0,Reviewer 1,2026-03-24 13:52:30.101+00,"I regularly read research articles, I conduct research, I publish research, I conduct replications",false,2.39,Hiin9302,Bachelors degree
302,1774360243443,65,LukeFriday4,I am a postdoc,10,The guanine nucleotide binding protein β polypeptide 3 gene C825T polymorphism is associated with elite endurance athletes,<i>GNB3</i>C825T Polymorphism and Elite Athletic Status: A Replication Study with Two Ethnic Groups,Experimental Physiology,false,success,failure,false,2,3880,0,Reviewer 1,2026-03-24 13:52:34.542+00,"I regularly read research articles, I conduct research, I publish research, I conduct replications",true,2.06,Hiin9302,Bachelors degree
303,1774360243443,65,LukeFriday4,I am a postdoc,11,Coming Out in the Classroom... An Occupational Hazard?: The Influence of Sexual Orientation on Teacher Credibility and Perceived Student Learning,"Is Coming Out in the Classroom Still an Occupational Hazard? A Replication of Russ, Simonds, and Hunt (2002)",Communication Education,false,success,failure,false,1,5272,0,Reviewer 1,2026-03-24 13:52:40.301+00,"I regularly read research articles, I conduct research, I publish research, I conduct replications",true,2.32,Hiin9302,Bachelors degree
304,1774360243443,65,LukeFriday4,I am a postdoc,12,The Effects of Making Public Service Employees Aware of Their Prosocial and Societal Impact: A Microintervention study,A replication of “the effects of making public service employees aware of their prosocial and societal impact”,,false,failure,failure,true,1,3846,0,Reviewer 1,2026-03-24 13:52:44.707+00,"I regularly read research articles, I conduct research, I publish research, I conduct replications",false,,Hiin9302,Bachelors degree
305,1774360243443,65,LukeFriday4,I am a postdoc,13,The Effects of Music in Advertising on Choice Behavior: A Classical Conditioning Approach,Breakthrough or One-Hit Wonder?,Journal of Marketing,false,success,failure,false,0,2728,0,Reviewer 1,2026-03-24 13:52:47.891+00,"I regularly read research articles, I conduct research, I publish research, I conduct replications",false,4.83,Hiin9302,Bachelors degree
306,1774360769995,1,LukeTuesday,I am a postdoc,1,Drones and Support for the Use of Force,The Costs of Conflict and Support for the Use of Force: Accounting for Information Equivalence in Survey Experiments,,false,failure,failure,true,3,12581,0,Junior Reviewer,2026-03-24 14:00:16.667+00,"I regularly read research articles, I conduct research, I publish research, I conduct replications",false,,HIIN9302,PhD
307,1774360769995,1,LukeTuesday,I am a postdoc,2,Goal Conflict Encourages Work and Discourages Leisure,[97] Data Replicada #10: Does Goal Conflict Affect Time Spent on Work and Leisure?,Journal of Consumer Research,false,success,failure,false,2,2127,0,Junior Reviewer,2026-03-24 14:00:21.506+00,"I regularly read research articles, I conduct research, I publish research, I conduct replications",true,5.49,HIIN9302,PhD
308,1774360769995,1,LukeTuesday,I am a postdoc,3,The Left-Digit Bias: When and Why Are Consumers Penny Wise and Pound Foolish?,[92] Data Replicada #8: Is The Left-Digit Bias Stronger When Prices Are Presented Side-By-Side?,Journal of Marketing Research,false,success,success,true,2,1783,0,Junior Reviewer,2026-03-24 14:00:23.746+00,"I regularly read research articles, I conduct research, I publish research, I conduct replications",true,2.13,HIIN9302,PhD
309,1774360769995,1,LukeTuesday,I am a postdoc,4,Why people are reluctant to tempt fate.,Eleven years of student replication projects provide evidence on the correlates of replicability in psychology,Journal of Personality and Social Psychology,false,success,failure,false,1,2176,0,Junior Reviewer,2026-03-24 14:00:26.418+00,"I regularly read research articles, I conduct research, I publish research, I conduct replications",true,2.28,HIIN9302,PhD
310,1774360769995,1,LukeTuesday,I am a postdoc,5,Cognitive principles of multimedia learning: The role of modality and contiguity.,On the Robustness of the Modality ­Effect: Attempting to Replicate a Basic Finding,Journal of Educational Psychology,false,failure,failure,true,1,991,0,Junior Reviewer,2026-03-24 14:00:27.947+00,"I regularly read research articles, I conduct research, I publish research, I conduct replications",true,1.98,HIIN9302,PhD
311,1774360769995,1,LukeTuesday,I am a postdoc,6,A social functional approach to emotions in bargaining: When communicating anger pays and when it backfires.,Many Labs 5: Testing Pre-Data-Collection Peer Review as an Intervention to Increase Replicability,Journal of Personality and Social Psychology,false,failure,failure,true,1,278,0,Junior Reviewer,2026-03-24 14:00:28.682+00,"I regularly read research articles, I conduct research, I publish research, I conduct replications",true,2.28,HIIN9302,PhD
312,1774360769995,1,LukeTuesday,I am a postdoc,7,Decision making and learning while taking sequential risks.,Estimating the reproducibility of psychological science,"Journal of Experimental Psychology: Learning, Memory, and Cognition",false,success,failure,false,0,471,0,Junior Reviewer,2026-03-24 14:00:29.53+00,"I regularly read research articles, I conduct research, I publish research, I conduct replications",true,0.93,HIIN9302,PhD
313,1774364847272,66,Luke2403,I am a postdoc,1,Keeping (future) rivals down: Temporal social comparison predicts coworker social undermining via future status threat and envy.,(How Much) Do Temporal Social Comparisons Matter?,Journal of Applied Psychology,false,success,success,true,3,6698,0,Junior Reviewer,2026-03-24 15:07:48.488+00,"I regularly read research articles, I conduct research, I publish research, I conduct replications",true,3.49,Hiin9302,Bachelors degree
314,1774364847272,66,Luke2403,I am a postdoc,2,The Role of Inhibitory Control in Second Language Phonological Processing,"Clarifying the role of inhibitory control in L2 phonological processing: A preregistered, close replication of Darcy et al. (2016)",Language Learning,false,failure,failure,true,3,1207,0,Junior Reviewer,2026-03-24 15:07:50.533+00,"I regularly read research articles, I conduct research, I publish research, I conduct replications",true,3.23,Hiin9302,Bachelors degree
315,1774364847272,66,Luke2403,I am a postdoc,3,Optimal learning in a virtual patient simulation of cranial nerve palsies: The interaction between social learning context and student aptitude,Virtual patient simulations and optimal social learning context: A replication of an aptitude–treatment interaction effect,Medical Teacher,false,failure,success,false,2,2728,0,Junior Reviewer,2026-03-24 15:07:53.789+00,"I regularly read research articles, I conduct research, I publish research, I conduct replications",false,3.18,Hiin9302,Bachelors degree
316,1774364847272,66,Luke2403,I am a postdoc,4,Subliminal Instrumental Conditioning Demonstrated in the Human Brain,Feasibility of unconscious instrumental conditioning: A registered replication,Neuron,false,failure,failure,true,2,688,0,Junior Reviewer,2026-03-24 15:07:55.19+00,"I regularly read research articles, I conduct research, I publish research, I conduct replications",true,11.54,Hiin9302,Bachelors degree
317,1774364847272,66,Luke2403,I am a postdoc,5,Curriculum-Based Measures of Beginning Writing: Technical Features of the Slope,Technical Features of Slopes for Curriculum-Based Measures of Secondary Writing,Exceptional Children,false,success,failure,false,1,734,0,Junior Reviewer,2026-03-24 15:07:56.437+00,"I regularly read research articles, I conduct research, I publish research, I conduct replications",false,1.81,Hiin9302,Bachelors degree
318,1774364847272,66,Luke2403,I am a postdoc,6,Quantitative analysis of faults and failures in a complex software system,A Second Replicated Quantitative Analysis of Fault Distributions in Complex Software Systems,IEEE Transactions on Software Engineering,false,failure,success,false,0,328,0,Junior Reviewer,2026-03-24 15:07:58.182+00,"I regularly read research articles, I conduct research, I publish research, I conduct replications",false,5,Hiin9302,Bachelors degree
319,1774364847272,67,Luke2403,I am a postdoc,1,"I am what I do, not what I have: The differential centrality of experiential and material purchases to the self.",Revisiting the Differential Centrality of Experiential and Material Purchases to the Self: Replication and Extension of Carter and Gilovich (2012),Journal of Personality and Social Psychology,false,success,success,true,3,472,0,Junior Reviewer,2026-03-24 15:08:08.614+00,"I regularly read research articles, I conduct research, I publish research, I conduct replications",true,2.28,Hiin9302,Bachelors degree
320,1774364847272,67,Luke2403,I am a postdoc,2,Tradeoffs between sequences: Weighing accumulated outcomes against outcome-adjusted delays.,Eleven years of student replication projects provide evidence on the correlates of replicability in psychology,"Journal of Experimental Psychology: Learning, Memory, and Cognition",false,success,success,true,3,527,0,Junior Reviewer,2026-03-24 15:08:09.989+00,"I regularly read research articles, I conduct research, I publish research, I conduct replications",false,0.93,Hiin9302,Bachelors degree
321,1774364847272,67,Luke2403,I am a postdoc,3,People use less information than they think to make up their minds,Examining the replicability of online experiments selected by a decision market,Proceedings of the National Academy of Sciences,false,success,success,true,3,248,0,Junior Reviewer,2026-03-24 15:08:10.678+00,"I regularly read research articles, I conduct research, I publish research, I conduct replications",true,7,Hiin9302,Bachelors degree
322,1774364847272,67,Luke2403,I am a postdoc,4,Rule Learning by Seven-Month-Old Infants,"Robustness of the rule‐learning effect in 7‐month‐old infants: A close, multicenter replication of Marcus et al. (1999)",Science,false,success,failure,false,2,279,0,Junior Reviewer,2026-03-24 15:08:11.294+00,"I regularly read research articles, I conduct research, I publish research, I conduct replications",true,16.72,Hiin9302,Bachelors degree
323,1774364847272,67,Luke2403,I am a postdoc,5,Cultural variation in correspondence bias: The critical role of attitude diagnosticity of socially constrained behavior.,Many Labs 2: Investigating Variation in Replicability Across Samples and Settings,Journal of Personality and Social Psychology,false,success,success,true,2,304,0,Junior Reviewer,2026-03-24 15:08:12.214+00,"I regularly read research articles, I conduct research, I publish research, I conduct replications",true,2.28,Hiin9302,Bachelors degree
324,1774364847272,67,Luke2403,I am a postdoc,6,Syntax-induced pattern deafness,Eleven years of student replication projects provide evidence on the correlates of replicability in psychology,Proceedings of the National Academy of Sciences,false,success,success,true,3,304,0,Reviewer 1,2026-03-24 15:08:12.854+00,"I regularly read research articles, I conduct research, I publish research, I conduct replications",true,7,Hiin9302,Bachelors degree
325,1774364847272,67,Luke2403,I am a postdoc,7,SOCIAL ATTITUDES AND SPEECH RATINGS,"Searching for the “native” speaker: A preregistered conceptual replication and extension of Reid, Trofimovich, and O’Brien (2019)",Studies in Second Language Acquisition,false,success,failure,false,2,304,0,Reviewer 1,2026-03-24 15:08:14.726+00,"I regularly read research articles, I conduct research, I publish research, I conduct replications",false,3.41,Hiin9302,Bachelors degree
326,1774364847272,67,Luke2403,I am a postdoc,8,An empirical test of the rigid flexibility model,Effects of simplicity and discipline on operational flexibility: An empirical reexamination of the rigid flexibility model,Journal of Operations Management,false,success,success,true,2,112,0,Reviewer 1,2026-03-24 15:08:14.99+00,"I regularly read research articles, I conduct research, I publish research, I conduct replications",true,4.94,Hiin9302,Bachelors degree
327,1774364847272,67,Luke2403,I am a postdoc,9,Psycholinguistic and corpus-linguistic evidence for L2 constructions,Preterit-imperfect acquisition in L2 Spanish writing: Moving beyond lexical aspect,Annual Review of Cognitive Linguistics,false,success,success,true,2,119,0,Reviewer 1,2026-03-24 15:08:15.19+00,"I regularly read research articles, I conduct research, I publish research, I conduct replications",true,0,Hiin9302,Bachelors degree
328,1774364847272,67,Luke2403,I am a postdoc,10,Social Vulnerability to Environmental Hazards<sup>*</sup>,Replicating and Adapting an Index of Social Vulnerability to a New Context: A Comparison Study for Norway,Social Science Quarterly,false,success,failure,false,1,127,0,Reviewer 1,2026-03-24 15:08:15.397+00,"I regularly read research articles, I conduct research, I publish research, I conduct replications",true,1.23,Hiin9302,Bachelors degree
329,1774364847272,67,Luke2403,I am a postdoc,11,Tracing attention and the activation flow in spoken word planning using eye movements.,Estimating the reproducibility of psychological science,"Journal of Experimental Psychology: Learning, Memory, and Cognition",false,success,failure,false,0,136,0,Reviewer 1,2026-03-24 15:08:15.613+00,"I regularly read research articles, I conduct research, I publish research, I conduct replications",false,0.93,Hiin9302,Bachelors degree
330,1774438576257,68,Luke2503,I am a postdoc,1,Maximizing Performance,"The Effects of Augmented Feedback, Focus of Attention, and Monetary Reward on Vertical Jump Height: A Replication Study",Medicine & Science in Sports & Exercise,false,success,failure,false,2,895,0,Junior Reviewer,2026-03-25 11:36:22.621+00,"I regularly read research articles, I conduct research, I publish research, I conduct replications",true,,Hiin9302,Bachelors degree
331,1774438576257,68,Luke2503,I am a postdoc,2,Aiming at the same target: A masked priming study directly comparing derivation and inflection in the second language,Comparing early-stage L2 processing of derived and inflected words: a conceptual replication of Jacob et al. (2018) with Chinese learners of L2 English,International Journal of Bilingualism,false,failure,failure,true,2,256,0,Junior Reviewer,2026-03-25 11:36:23.613+00,"I regularly read research articles, I conduct research, I publish research, I conduct replications",true,1.33,Hiin9302,Bachelors degree
332,1774438576257,68,Luke2503,I am a postdoc,3,Executive function and theory of mind: Predictive relations from ages 2 to 4.,33-month-old children succeed in a false belief task with reduced processing demands: A replication of Setoh et al. (2016),Developmental Psychology,false,failure,success,false,1,215,0,Junior Reviewer,2026-03-25 11:36:24.253+00,"I regularly read research articles, I conduct research, I publish research, I conduct replications",false,1.3,Hiin9302,Bachelors degree
333,1774438576257,68,Luke2503,I am a postdoc,4,Influence of life stress on depression: moderation by a polymorphism in the 5-HTT gene (Science. — 2003 Jul — 18. — 301(5631). — P. 386—389: англ.),Gene-Environment Interaction in Youth Depression: Replication of the 5-HTTLPR Moderation in a Diverse Setting,Neurology Bulletin,false,failure,success,false,0,96,0,Junior Reviewer,2026-03-25 11:36:24.668+00,"I regularly read research articles, I conduct research, I publish research, I conduct replications",true,0.31,Hiin9302,Bachelors degree
334,1774438576257,69,Luke2503,I am a postdoc,1,A Scientific Approach to Entrepreneurial Decision Making: Evidence from a Randomized Control Trial,A scientific approach to entrepreneurial decision‐making: Large‐scale replication and extension,Management Science,false,success,success,true,3,567,0,Junior Reviewer,2026-03-25 11:36:29.501+00,"I regularly read research articles, I conduct research, I publish research, I conduct replications",true,4.73,Hiin9302,Bachelors degree
335,1774438576257,69,Luke2503,I am a postdoc,2,PREDICTING MARITAL SUCCESS WITH PREPARE: A PREDICTIVE VALIDITY STUDY,PREDICTING MARITAL SATISFACTION USING PREPARE: A REPLICATION STUDY*,Journal of Marital and Family Therapy,false,success,success,true,3,287,0,Junior Reviewer,2026-03-25 11:36:30.188+00,"I regularly read research articles, I conduct research, I publish research, I conduct replications",true,0.8,Hiin9302,Bachelors degree
336,1774438576257,69,Luke2503,I am a postdoc,3,Blinded with science: Trivial graphs and formulas increase ad persuasiveness and belief in product efficacy,Blinded with Science or Informed by Charts? A Replication Study,Public Understanding of Science,false,success,failure,false,2,296,0,Junior Reviewer,2026-03-25 11:36:30.78+00,"I regularly read research articles, I conduct research, I publish research, I conduct replications",false,2.65,Hiin9302,Bachelors degree
337,1774438576257,69,Luke2503,I am a postdoc,4,Do Women Shy Away From Competition? Do Men Compete Too Much?,Replication: Do women shy away from competition? Experimental evidence from China,The Quarterly Journal of Economics,false,success,success,true,2,191,0,Junior Reviewer,2026-03-25 11:36:31.245+00,"I regularly read research articles, I conduct research, I publish research, I conduct replications",true,15.33,Hiin9302,Bachelors degree
338,1774438576257,69,Luke2503,I am a postdoc,5,Reported early family environment covaries with menarcheal age as a function of polymorphic variation in estrogen receptor-α,Genetic moderation of effects of maternal sensitivity on girl's age of menarche: Replication of the Manuck et al. study,Development and Psychopathology,false,success,success,true,2,103,0,Junior Reviewer,2026-03-25 11:36:31.453+00,"I regularly read research articles, I conduct research, I publish research, I conduct replications",true,2.71,Hiin9302,Bachelors degree
339,1774438576257,69,Luke2503,I am a postdoc,6,Fake news game confers psychological resistance against online misinformation,Good News about Bad News: Gamified Inoculation Boosts Confidence and Cognitive Immunity Against Fake News,Palgrave Communications,false,success,success,true,3,111,0,Reviewer 1,2026-03-25 11:36:31.645+00,"I regularly read research articles, I conduct research, I publish research, I conduct replications",false,0,Hiin9302,Bachelors degree
340,1774438576257,69,Luke2503,I am a postdoc,7,The Anchoring-and-Adjustment Heuristic,"Replicating Epley and Gilovich: Need for Cognition, Cognitive Load, and Forewarning do not Moderate Anchoring Effects",Psychological Science,false,success,failure,false,2,152,0,Reviewer 1,2026-03-25 11:36:32.06+00,"I regularly read research articles, I conduct research, I publish research, I conduct replications",true,4.42,Hiin9302,Bachelors degree
341,1774438576257,69,Luke2503,I am a postdoc,8,Cultural variation in correspondence bias: The critical role of attitude diagnosticity of socially constrained behavior.,Many Labs 2: Investigating Variation in Replicability Across Samples and Settings,Journal of Personality and Social Psychology,false,success,success,true,2,304,0,Reviewer 1,2026-03-25 11:36:32.405+00,"I regularly read research articles, I conduct research, I publish research, I conduct replications",false,2.28,Hiin9302,Bachelors degree
342,1774438576257,69,Luke2503,I am a postdoc,9,Measuring cognitive reserve based on the decomposition of episodic memory variance,Quantifying Cognitive Reserve in Older Adults by Decomposing Episodic Memory Variance: Replication and Extension,Brain,false,success,success,true,2,128,0,Reviewer 1,2026-03-25 11:36:32.596+00,"I regularly read research articles, I conduct research, I publish research, I conduct replications",true,2.54,Hiin9302,Bachelors degree
343,1774438576257,69,Luke2503,I am a postdoc,10,Unit Asking,Unit Asking — a method for increasing donations: A replication and extension,Psychological Science,false,success,success,true,2,115,0,Reviewer 1,2026-03-25 11:36:32.776+00,"I regularly read research articles, I conduct research, I publish research, I conduct replications",false,4.42,Hiin9302,Bachelors degree
344,1774438576257,69,Luke2503,I am a postdoc,11,Seeing the forest when entry is unlikely: Probability and the mental representation of events.,"Subjective likelihood and the construal level of future events: A replication study of Wakslak, Trope, Liberman, and Alony (2006).",Journal of Experimental Psychology: General,false,success,failure,false,1,112,0,Reviewer 1,2026-03-25 11:36:32.956+00,"I regularly read research articles, I conduct research, I publish research, I conduct replications",false,1.71,Hiin9302,Bachelors degree
345,1774438576257,69,Luke2503,I am a postdoc,12,Asymmetrical Body Perception,It’s out of my hands! Grasping capacity may not influence perceived object size.,Psychological Science,false,success,failure,false,0,103,0,Reviewer 1,2026-03-25 11:36:33.148+00,"I regularly read research articles, I conduct research, I publish research, I conduct replications",true,4.42,Hiin9302,Bachelors degree
346,1774438576257,70,Luke2503,I am a postdoc,1,Transparency at the Parish Pump: A Field Experiment to Measure the Effectiveness of Freedom of Information Requests in England,Do freedom of information laws increase transparency of government? A replication of a field experiment,Journal of Public Administration Research and Theory,false,success,success,true,3,101,0,Junior Reviewer,2026-03-25 11:36:35.46+00,"I regularly read research articles, I conduct research, I publish research, I conduct replications",true,3.72,Hiin9302,Bachelors degree
347,1774438576257,70,Luke2503,I am a postdoc,2,T72. VERBAL MEMORY AND VOXEL BASED MORPHOMETRY IN FIRST EPISODE NON-AFFECTIVE PSYCHOSIS: A PROCESS ORIENTED APPROACH,Replicating extensive brain structural heterogeneity in individuals with schizophrenia and bipolar disorder,Schizophrenia Bulletin,false,success,success,true,3,126,0,Junior Reviewer,2026-03-25 11:36:35.66+00,"I regularly read research articles, I conduct research, I publish research, I conduct replications",true,1.89,Hiin9302,Bachelors degree
348,1774438576257,70,Luke2503,I am a postdoc,3,"Four Dimensions of Self‐Defining Memories (Specificity, Meaning, Content, and Affect) and Their Relationships to Self‐Restraint, Distress, and Repressive Defensiveness","Self‐defining memories—Narrative features in relation to adaptive and maladaptive personality traits (replication and extension of Blagov & Singer, 2004)",Journal of Personality,false,success,success,true,3,95,0,Junior Reviewer,2026-03-25 11:36:35.844+00,"I regularly read research articles, I conduct research, I publish research, I conduct replications",true,2.28,Hiin9302,Bachelors degree
349,1774438576257,70,Luke2503,I am a postdoc,4,Effect of different loading conditions on running mechanics at different velocities,Estimating the Replicability of Sports and Exercise Science Research,European Journal of Sport Science,false,success,failure,false,2,112,0,Junior Reviewer,2026-03-25 11:36:36.036+00,"I regularly read research articles, I conduct research, I publish research, I conduct replications",true,2.24,Hiin9302,Bachelors degree
350,1774438576257,70,Luke2503,I am a postdoc,5,A risk reduction strategy to prevent maternal deaths associated with unsafe abortion,"A replication of the Uruguayan model in the province of Buenos Aires, Argentina, as a public policy for reducing abortion‐related maternal mortality",International Journal of Gynecology & Obstetrics,false,success,success,true,2,128,0,Junior Reviewer,2026-03-25 11:36:36.205+00,"I regularly read research articles, I conduct research, I publish research, I conduct replications",true,,Hiin9302,Bachelors degree
351,1774438576257,70,Luke2503,I am a postdoc,6,Interruptibility of Software Developers and its Prediction Using Psycho-Physiological Sensors,Interruptibility of software developers and its prediction using psycho-physiological sensors: a replication,Proceedings of the 33rd Annual ACM Conference on Human Factors in Computing Systems,false,success,failure,false,1,144,0,Junior Reviewer,2026-03-25 11:36:36.381+00,"I regularly read research articles, I conduct research, I publish research, I conduct replications",false,,Hiin9302,Bachelors degree
352,1774438576257,70,Luke2503,I am a postdoc,7,"Patterns of Brain Activity Supporting Autobiographical Memory, Prospection, and Theory of Mind, and Their Relationship to the Default Mode Network","Multi-echo fMRI replication sample of autobiographical memory, prospection and theory of mind reasoning tasks",Journal of Cognitive Neuroscience,false,success,success,true,2,152,0,Reviewer 1,2026-03-25 11:36:36.557+00,"I regularly read research articles, I conduct research, I publish research, I conduct replications",true,2.57,Hiin9302,Bachelors degree
353,1774438576257,70,Luke2503,I am a postdoc,8,With a Clean Conscience,Does Cleanliness Influence Moral Judgments?,Psychological Science,false,success,failure,false,1,136,0,Reviewer 1,2026-03-25 11:36:36.853+00,"I regularly read research articles, I conduct research, I publish research, I conduct replications",true,4.42,Hiin9302,Bachelors degree
354,1774438576257,70,Luke2503,I am a postdoc,9,"Age-Related Differences in Maximal and Rapid Torque Characteristics of the Hip Extensors and Dynamic Postural Balance in Healthy, Young and Old Females",Estimating the Replicability of Sports and Exercise Science Research,Journal of Strength and Conditioning Research,false,success,failure,false,0,144,0,Reviewer 1,2026-03-25 11:36:37.037+00,"I regularly read research articles, I conduct research, I publish research, I conduct replications",true,1.88,Hiin9302,Bachelors degree
355,1774438576257,71,Luke2503,I am a postdoc,1,Telling what they want to know: participants tailor causal attributions to researchers' interests,Telling What They Want to Know,European Journal of Social Psychology,false,success,success,true,3,320,0,Junior Reviewer,2026-03-25 11:36:38.644+00,"I regularly read research articles, I conduct research, I publish research, I conduct replications",false,1.76,Hiin9302,Bachelors degree
356,1774438576257,71,Luke2503,I am a postdoc,2,Creating When You Have Less: The Impact of Resource Scarcity on Product Use Creativity,Empirical audit and review and an assessment of evidentiary value in research on the psychological consequences of scarcity,Journal of Consumer Research,false,success,failure,false,2,262,0,Junior Reviewer,2026-03-25 11:36:39.173+00,"I regularly read research articles, I conduct research, I publish research, I conduct replications",false,5.49,Hiin9302,Bachelors degree
357,1774438576257,71,Luke2503,I am a postdoc,3,Mental health literacy in post-secondary students,Addressing Mental Health Literacy in a UK university campus population: Positive replication of a Canadian intervention,Health Education Journal,false,success,success,true,2,168,0,Junior Reviewer,2026-03-25 11:36:39.788+00,"I regularly read research articles, I conduct research, I publish research, I conduct replications",true,1.47,Hiin9302,Bachelors degree
358,1774438576257,71,Luke2503,I am a postdoc,4,The Effects of Making Public Service Employees Aware of Their Prosocial and Societal Impact: A Microintervention study,A replication of “the effects of making public service employees aware of their prosocial and societal impact”,,false,success,failure,false,1,89,0,Junior Reviewer,2026-03-25 11:36:40.525+00,"I regularly read research articles, I conduct research, I publish research, I conduct replications",false,,Hiin9302,Bachelors degree
359,1774438576257,71,Luke2503,I am a postdoc,5,Omission and commission in judgment and choice,"Action-inaction asymmetries in moral scenarios: Replication of the omission bias examining morality and blame with extensions linking to causality, intent, and regret",Journal of Experimental Social Psychology,false,success,success,true,1,455,0,Junior Reviewer,2026-03-25 11:36:41.517+00,"I regularly read research articles, I conduct research, I publish research, I conduct replications",false,1.4,Hiin9302,Bachelors degree
360,1774438576257,71,Luke2503,I am a postdoc,6,Construal levels and moral judgment: Some complications,Replication of Experiments Evaluating Impact of Psychological Distance on Moral Judgment,Judgment and Decision Making,false,success,failure,false,0,119,0,Junior Reviewer,2026-03-25 11:36:42.125+00,"I regularly read research articles, I conduct research, I publish research, I conduct replications",true,1.44,Hiin9302,Bachelors degree
361,1774438674544,72,Luke2503,I am a postdoc,1,Color Saturation Increases Perceived Product Size,Evaluating replicability of ten influential research on sensory marketing,Journal of Consumer Research,false,success,failure,false,2,1773,0,Junior Reviewer,2026-03-25 11:38:11.619+00,"I regularly read research articles, I conduct research, I publish research, I conduct replications",false,5.49,Hiin9302,PhD
362,1774438674544,72,Luke2503,I am a postdoc,2,Washing Away Your Sins: Threatened Morality and Physical Cleansing,The Uncertain Universality of the Macbeth Effect with a Spanish Sample,Science,false,failure,failure,true,2,639,0,Junior Reviewer,2026-03-25 11:38:12.835+00,"I regularly read research articles, I conduct research, I publish research, I conduct replications",false,16.72,Hiin9302,PhD
363,1774438674544,72,Luke2503,I am a postdoc,3,Squeezed: Coping with Constraint through Efficiency and Prioritization,"Fernbach, Kan, & Lynch, 2015 - Study 2 Replication (Schatz)",Journal of Consumer Research,false,failure,failure,true,2,504,0,Junior Reviewer,2026-03-25 11:38:13.748+00,"I regularly read research articles, I conduct research, I publish research, I conduct replications",true,5.49,Hiin9302,PhD
364,1774438674544,72,Luke2503,I am a postdoc,4,Quantification and ACD: Evidence from Real-Time Sentence Processing,"An attempted replication of Hackl, Koster-Hale, Varvoutis (2012)",Journal of Semantics,false,success,failure,false,1,687,0,Junior Reviewer,2026-03-25 11:38:15.059+00,"I regularly read research articles, I conduct research, I publish research, I conduct replications",true,0.91,Hiin9302,PhD
365,1774438674544,72,Luke2503,I am a postdoc,5,Social identity contingencies: How diversity cues signal threat or safety for African Americans in mainstream institutions.,"Secondary Replication of V Purdie-Vaughns, CM Steele, PG Davies, R Ditlmann, JR Crosby (2008, JPSP 94(4), Exp. 3)",Journal of Personality and Social Psychology,false,success,failure,false,0,373,0,Junior Reviewer,2026-03-25 11:38:15.811+00,"I regularly read research articles, I conduct research, I publish research, I conduct replications",false,2.28,Hiin9302,PhD
366,1774438706200,6,Player100,I am a student at university,1,Using the dual-criteria methods to supplement visual inspection: An analysis of nonsimulated data,Using dual‐criteria methods to supplement visual inspection: Replication and extension,Journal of Applied Behavior Analysis,false,success,success,true,5,891,0,Junior Reviewer,2026-03-25 11:38:39.06+00,I conduct research,false,2.3,ABCD1234,PhD
367,1774438706200,6,Player100,I am a student at university,2,Expected utility or prospect theory maximisers? Assessing farmers' risk behaviour from field-experiment data,Farmers' risk preferences in 11 European farming systems: A multi‐country replication of Bocquého et al. (2014),European Review of Agricultural Economics,false,failure,success,false,4,326,0,Junior Reviewer,2026-03-25 11:38:40.131+00,I conduct research,true,2.26,ABCD1234,PhD
368,1774438706200,6,Player100,I am a student at university,3,Macropartisanship,Macropartisanship: A Replication and Critique,American Political Science Review,false,success,failure,false,3,361,0,Junior Reviewer,2026-03-25 11:38:40.925+00,I conduct research,false,4.51,ABCD1234,PhD
369,1774438706200,6,Player100,I am a student at university,4,Coadministration of a Tumor-Penetrating Peptide Enhances the Efficacy of Cancer Drugs,Replication Study: Coadministration of a tumor-penetrating peptide enhances the efficacy of cancer drugs,Science,false,success,failure,false,2,265,0,Junior Reviewer,2026-03-25 11:38:41.547+00,I conduct research,true,16.72,ABCD1234,PhD
370,1774438706200,6,Player100,I am a student at university,5,Macropartisanship,Macropartisanship: A Replication and Critique,American Political Science Review,false,failure,failure,true,2,406,0,Junior Reviewer,2026-03-25 11:38:42.402+00,I conduct research,false,4.51,ABCD1234,PhD
371,1774438706200,6,Player100,I am a student at university,6,Representative Bureaucracy and the Willingness to Coproduce: An Experimental Study,A replication of “Representative bureaucracy and the willingness to coproduce”,Public Administration Review,false,failure,failure,true,2,296,0,Junior Reviewer,2026-03-25 11:38:43.139+00,I conduct research,false,2.69,ABCD1234,PhD
372,1774438706200,6,Player100,I am a student at university,7,Comparison Between the Test of Memory Malingering (TOMM) and the Nonverbal Medical Symptom Validity Test (NV-MSVT) in Adults With Disability Claims,Sensitivity of the Test of Memory Malingering and the Nonverbal Medical Symptom Validity Test: A Replication Study,Applied Neuropsychology,false,failure,success,false,1,887,0,Junior Reviewer,2026-03-25 11:38:44.507+00,I conduct research,true,0,ABCD1234,PhD
373,1774438706200,6,Player100,I am a student at university,8,WHY DO PEOPLE AVOID ADVERTISING ON THE INTERNET?,Reinquiry into Advertising Avoidance on the Internet: A Conceptual Replication and Extension,Journal of Advertising,false,failure,success,false,0,557,0,Junior Reviewer,2026-03-25 11:38:45.53+00,I conduct research,true,6.07,ABCD1234,PhD
374,1774438706200,7,Player100,I am a student at university,1,Mental fatigue impairs physical performance in humans,Does mental fatigue impair physical performance? A replication study,Journal of Applied Physiology,false,success,failure,false,4,2431,0,Junior Reviewer,2026-03-25 11:39:06.907+00,I conduct research,true,2.51,ABCD1234,PhD
375,1774438706200,7,Player100,I am a student at university,2,Having Control Over and Above Situations: The Influence of Elevated Viewpoints on Risk Taking,[82] Data Replicada #1: Do Elevated Viewpoints Increase Risk Taking?,Journal of Marketing Research,false,success,failure,false,3,454,0,Junior Reviewer,2026-03-25 11:39:07.763+00,I conduct research,false,2.13,ABCD1234,PhD
376,1774438706200,7,Player100,I am a student at university,3,Online social network size is reflected in human brain structure,A purely confirmatory replication study of structural brain-behavior correlations,Proceedings of the Royal Society B: Biological Sciences,false,success,failure,false,2,134,0,Junior Reviewer,2026-03-25 11:39:08.161+00,I conduct research,true,3.4,ABCD1234,PhD
377,1774438706200,7,Player100,I am a student at university,4,Rule Learning by Seven-Month-Old Infants,"Robustness of the rule‐learning effect in 7‐month‐old infants: A close, multicenter replication of Marcus et al. (1999)",Science,false,success,failure,false,1,97,0,Junior Reviewer,2026-03-25 11:39:08.396+00,I conduct research,false,16.72,ABCD1234,PhD
378,1774438706200,7,Player100,I am a student at university,5,Truth From Language and Truth From Fit: The Impact of Linguistic Concreteness and Level of Construal on Subjective Truth,The Effect of Concrete Wording on Truth Judgements: A Preregistered Replication and Extension of Hansen & Wänke (),Personality and Social Psychology Bulletin,false,success,failure,false,0,126,0,Junior Reviewer,2026-03-25 11:39:08.626+00,I conduct research,false,2.29,ABCD1234,PhD
379,1774462267732,2,Luk,I am a postdoc,1,"Effect of consecutive jumping trials on metatarsophalangeal, ankle, and knee biomechanics during take‐off and landing",Estimating the Replicability of Sports and Exercise Science Research,European Journal of Sport Science,false,success,success,true,5,2405,0,Junior Reviewer,2026-03-25 18:12:02.117+00,"I regularly read research articles, I conduct research, I publish research, I conduct replications",false,2.24,Hiin9302,PhD
380,1774462267732,2,Luk,I am a postdoc,2,Telling what they want to know: participants tailor causal attributions to researchers' interests,Telling What They Want to Know,European Journal of Social Psychology,false,failure,success,false,4,513,0,Junior Reviewer,2026-03-25 18:12:03.281+00,"I regularly read research articles, I conduct research, I publish research, I conduct replications",false,1.76,Hiin9302,PhD
381,1774511370695,1,jenius,I am working outside of research,1,Coadministration of a Tumor-Penetrating Peptide Enhances the Efficacy of Cancer Drugs,Replication Study: Coadministration of a tumor-penetrating peptide enhances the efficacy of cancer drugs,Science,false,failure,failure,true,5,78967,0,Junior Reviewer,2026-03-26 07:59:51.308+00,I am unfamiliar with research,true,16.72,Flel9603,Masters degree
382,1774511370695,1,jenius,I am working outside of research,2,Two-and-a-half-year-olds succeed at a traditional false-belief task with reduced processing demands,33-month-old children succeed in a false belief task with reduced processing demands: A replication of Setoh et al. (2016),Proceedings of the National Academy of Sciences,false,success,success,true,5,37265,0,Junior Reviewer,2026-03-26 08:01:38.92+00,I am unfamiliar with research,false,7,Flel9603,Masters degree
383,1774511370695,1,jenius,I am working outside of research,3,Stressing the Advantages of Female Leadership Can Place Women at a Disadvantage,Stressing the Advantages of Female Leadership Can Place Women at a Disadvantage,Social Psychology,false,failure,success,false,4,51129,0,Junior Reviewer,2026-03-26 08:03:04.937+00,I am unfamiliar with research,false,2.28,Flel9603,Masters degree
384,1774511370695,1,jenius,I am working outside of research,4,Discovery and Preclinical Validation of Drug Indications Using Compendia of Public Gene Expression Data,Replication Study: Discovery and preclinical validation of drug indications using compendia of public gene expression data,Science Translational Medicine,false,failure,failure,true,4,9784,0,Junior Reviewer,2026-03-26 08:03:20.002+00,I am unfamiliar with research,true,12.69,Flel9603,Masters degree
385,1774511370695,1,jenius,I am working outside of research,5,Longitudinal fundus imaging and its genome-wide association analysis provide evidence for a human retinal aging clock,Replication of the Association between Retinal Aging Clock Susceptibility Genes and Retinal Age Gap in Asian: The Nagahama Study,eLife,false,failure,success,false,3,11927,0,Junior Reviewer,2026-03-26 08:03:36.554+00,I am unfamiliar with research,false,2.81,Flel9603,Masters degree
386,1774511370695,1,jenius,I am working outside of research,6,"Audience Costs, Information, and Credible Commitment Problems","Audience costs, domestic economy and coercive diplomacy",Journal of Conflict Resolution,false,success,failure,false,2,18383,0,Junior Reviewer,2026-03-26 08:03:58.243+00,I am unfamiliar with research,false,1.26,Flel9603,Masters degree
387,1774511370695,1,jenius,I am working outside of research,7,Neonatal recognition of the mother's face,Mother's face recognition by neonates: A replication and an extension,British Journal of Developmental Psychology,false,success,success,true,2,4986,0,Junior Reviewer,2026-03-26 08:04:05.011+00,I am unfamiliar with research,false,1.44,Flel9603,Masters degree
388,1774511370695,1,jenius,I am working outside of research,8,Effects of a digital cognitive behavioral therapy for insomnia on sleep and alcohol consumption in heavy drinkers: A randomized pilot study,Effects of digital cognitive–behavioral therapy for insomnia in heavy drinkers with insomnia: A replication and extension study.,Alcohol: Clinical and Experimental Research,false,success,success,true,3,15449,0,Reviewer 1,2026-03-26 08:04:24.891+00,I am unfamiliar with research,false,1.57,Flel9603,Masters degree
389,1774511370695,1,jenius,I am working outside of research,9,Executive function and theory of mind: Predictive relations from ages 2 to 4.,33-month-old children succeed in a false belief task with reduced processing demands: A replication of Setoh et al. (2016),Developmental Psychology,false,success,success,true,3,5574,0,Reviewer 1,2026-03-26 08:04:40.676+00,I am unfamiliar with research,true,1.3,Flel9603,Masters degree
390,1774511370695,1,jenius,I am working outside of research,10,Macropartisanship,Macropartisanship: A Replication and Critique,American Political Science Review,false,success,failure,false,2,10072,0,Reviewer 1,2026-03-26 08:04:52.484+00,I am unfamiliar with research,false,4.51,Flel9603,Masters degree
391,1774511370695,1,jenius,I am working outside of research,11,The Symptoms of Resource Scarcity,"Men’s Hunger, Food Consumption, and Preferences for Female Body Types",Psychological Science,false,success,success,true,2,2991,0,Reviewer 1,2026-03-26 08:04:57.156+00,I am unfamiliar with research,false,4.42,Flel9603,Masters degree
392,1774511370695,1,jenius,I am working outside of research,12,Adversarial stylometry,Reproduction and Replication of an Adversarial Stylometry Experiment,ACM Transactions on Information and System Security,false,success,success,true,2,6089,0,Reviewer 1,2026-03-26 08:05:06.276+00,I am unfamiliar with research,false,0,Flel9603,Masters degree
393,1774511370695,1,jenius,I am working outside of research,13,Macropartisanship,Macropartisanship: A Replication and Critique,American Political Science Review,false,success,failure,false,1,7023,0,Reviewer 1,2026-03-26 08:05:15.085+00,I am unfamiliar with research,false,4.51,Flel9603,Masters degree
394,1774511370695,1,jenius,I am working outside of research,14,Keeping (future) rivals down: Temporal social comparison predicts coworker social undermining via future status threat and envy.,(How Much) Do Temporal Social Comparisons Matter?,Journal of Applied Psychology,false,failure,success,false,0,7087,0,Reviewer 1,2026-03-26 08:06:13.59+00,I am unfamiliar with research,false,3.49,Flel9603,Masters degree
395,1774517350304,73,Luke2503,I am a postdoc,1,Unconscious processes improve lie detection.,Can lies be detected unconsciously?,Journal of Personality and Social Psychology,false,success,failure,false,4,2574,0,Junior Reviewer,2026-03-26 09:29:17.423+00,"I regularly read research articles, I conduct research, I publish research, I conduct replications",true,2.28,Hiin9302,PhD
396,1774517350304,73,Luke2503,I am a postdoc,2,A bimodal extension of the Eriksen flanker task,Bimodal Flanker: Audio vs. Visual,"Attention, Perception, & Psychophysics",false,failure,success,false,3,2311,0,Junior Reviewer,2026-03-26 09:29:20.448+00,"I regularly read research articles, I conduct research, I publish research, I conduct replications",true,,Hiin9302,PhD
397,1774517350304,73,Luke2503,I am a postdoc,3,The Effects of Caffeine on Vertical Jump Height and Execution in Collegiate Athletes,Estimating the Replicability of Sports and Exercise Science Research,Journal of Strength and Conditioning Research,false,failure,failure,true,3,384,0,Junior Reviewer,2026-03-26 09:29:21.334+00,"I regularly read research articles, I conduct research, I publish research, I conduct replications",true,1.88,Hiin9302,PhD
398,1774517350304,73,Luke2503,I am a postdoc,4,Trajectories of Change in Psychotherapy,Trajectories of changes in distress in counseling center clients: a replication study,Journal of Clinical Psychology,false,success,success,true,3,952,0,Junior Reviewer,2026-03-26 09:29:23.023+00,"I regularly read research articles, I conduct research, I publish research, I conduct replications",false,1.89,Hiin9302,PhD
399,1774517350304,73,Luke2503,I am a postdoc,5,Examining the Efficacy of a Multitiered Intervention for At-Risk Readers in Grade 1,A Conceptual Replication Study of the Enhanced Core Reading Instruction MTSS-Reading Model,The Elementary School Journal,false,success,success,true,3,679,0,Junior Reviewer,2026-03-26 09:29:24.487+00,"I regularly read research articles, I conduct research, I publish research, I conduct replications",true,1.04,Hiin9302,PhD
400,1774517350304,73,Luke2503,I am a postdoc,6,Anticipating Divine Protection? Reminders of God Can Increase Nonmoral Risk Taking,"Do Religious Primes Increase Risk Taking? Evidence Against “Anticipating Divine Protection” in Two Preregistered Direct Replications of Kupor, Laurin, and Levav (2015)",Psychological Science,false,success,failure,false,2,527,0,Junior Reviewer,2026-03-26 09:29:25.431+00,"I regularly read research articles, I conduct research, I publish research, I conduct replications",false,4.42,Hiin9302,PhD
401,1774517350304,73,Luke2503,I am a postdoc,7,How Guilt and Pride Shape Subsequent Self-Control,Investigating the Relationship Between Guilt and Self‐control Using Experience Sampling Method in Japan: Replication of Hofmann & Fisher (2012) and Additional Investigations,Social Psychological and Personality Science,false,failure,success,false,1,536,0,Junior Reviewer,2026-03-26 09:29:26.454+00,"I regularly read research articles, I conduct research, I publish research, I conduct replications",false,2.63,Hiin9302,PhD
402,1774517350304,73,Luke2503,I am a postdoc,8,Midnolin is a novel regulator of parkin expression and is associated with Parkinson’s Disease,<i>Midnolin</i> is a confirmed genetic risk factor for Parkinson’s disease,Scientific Reports,false,success,success,true,1,512,0,Junior Reviewer,2026-03-26 09:29:27.447+00,"I regularly read research articles, I conduct research, I publish research, I conduct replications",true,3.96,Hiin9302,PhD
403,1774517350304,73,Luke2503,I am a postdoc,9,Registered report: Fusobacterium nucleatum infection is prevalent in human colorectal carcinoma,Replication Study: Fusobacterium nucleatum infection is prevalent in human colorectal carcinoma,eLife,false,success,failure,false,0,288,0,Junior Reviewer,2026-03-26 09:29:28.279+00,"I regularly read research articles, I conduct research, I publish research, I conduct replications",true,2.81,Hiin9302,PhD
404,1774518136116,74,Luke2603,I am a postdoc,1,Reading Literary Fiction Improves Theory of Mind,Leidt het lezen van literaire fictie tot meer empathie? : een replicatiestudie van Kidd en Castano (2013),Science,false,success,failure,false,4,3742,0,Junior Reviewer,2026-03-26 09:42:41.373+00,,false,16.72,Hiin9302,PhD
405,1774518136116,74,Luke2603,I am a postdoc,2,The Uncertain Self: How Self-Concept Structure Affects Subscription Choice,[84] Data Replicada #3: Does Self-Concept Uncertainty Influence Magazine Subscription Choice?,Journal of Consumer Research,false,success,failure,false,3,2047,0,Junior Reviewer,2026-03-26 09:42:44.205+00,,false,5.49,Hiin9302,PhD
406,1774518136116,74,Luke2603,I am a postdoc,3,Nonconscious Goal Pursuit in Novel Environments,Estimating the reproducibility of psychological science,Psychological Science,false,success,failure,false,2,1295,0,Junior Reviewer,2026-03-26 09:42:45.941+00,,true,4.42,Hiin9302,PhD
407,1774518136116,74,Luke2603,I am a postdoc,4,A functional basis for structure-seeking: Exposure to structure promotes willingness to engage in motivated action.,Many Labs 2: Investigating Variation in Replicability Across Samples and Settings,Journal of Experimental Psychology: General,false,success,failure,false,1,631,0,Junior Reviewer,2026-03-26 09:42:47.069+00,,true,1.71,Hiin9302,PhD
408,1774518136116,74,Luke2603,I am a postdoc,5,Reflection and Reasoning in Moral Judgment,Eleven years of student replication projects provide evidence on the correlates of replicability in psychology,Cognitive Science,false,success,failure,false,0,1641,0,Junior Reviewer,2026-03-26 09:42:49.095+00,,true,1.35,Hiin9302,PhD
409,1774518136116,75,Luke2603,I am a postdoc,1,Maternal Sensitivity and Patterns of Infant-Mother Attachment,Parental responsiveness and infant-parent attachment: a replication study with fathers and mothers,Child Development,false,failure,failure,true,5,958,0,Junior Reviewer,2026-03-26 09:43:15.332+00,,true,2.14,Hiin9302,PhD
410,1774518136116,75,Luke2603,I am a postdoc,2,Investigating Static Analysis Errors in Student Java Programs,Are a Static Analysis Tool Study's Findings Static? A Replication,Proceedings of the 2017 ACM Conference on International Computing Education Research,false,failure,success,false,4,238,0,Junior Reviewer,2026-03-26 09:43:15.948+00,,true,,Hiin9302,PhD
411,1774518136116,75,Luke2603,I am a postdoc,3,The Dishonesty of Honest People: A Theory of Self-Concept Maintenance,"Registered Replication Report on Mazar, Amir, and Ariely (2008)",Journal of Marketing Research,false,success,failure,false,3,176,0,Junior Reviewer,2026-03-26 09:43:16.557+00,,false,2.13,Hiin9302,PhD
412,1774518136116,75,Luke2603,I am a postdoc,4,Evaluating therapist adherence in motivational interviewing by comparing performance with standardized and real patients.,Modeling empathy as synchrony in clinician and patient vocally encoded emotional arousal: A failure to replicate.,Journal of Consulting and Clinical Psychology,false,failure,failure,true,3,159,0,Junior Reviewer,2026-03-26 09:43:16.94+00,,true,1.85,Hiin9302,PhD
413,1774518136116,75,Luke2603,I am a postdoc,5,Lab Experiments for the Study of Social-Ecological Systems,Evaluating the replicability of social science experiments in Nature and Science between 2010 and 2015,Science,false,success,success,true,3,121,0,Junior Reviewer,2026-03-26 09:43:17.189+00,,false,16.72,Hiin9302,PhD
414,1774518136116,75,Luke2603,I am a postdoc,6,Emotion Naming Impedes Both Cognitive Reappraisal and Mindful Acceptance Strategies of Emotion Regulation,Effects of Emotion Naming on Emotion Regulation in Younger and Older Adults: A Replication and Extension Study,Affective Science,false,failure,failure,true,3,111,0,Junior Reviewer,2026-03-26 09:43:17.412+00,,true,1.98,Hiin9302,PhD
415,1774518136116,75,Luke2603,I am a postdoc,7,The Interpretability Hypothesis: evidence from wh-interrogatives in second language acquisition,The Interpretability Hypothesis again: A partial replication of Tsimpli and Dimitrakopoulou (2007),Second Language Research,false,failure,failure,true,4,223,0,Reviewer 1,2026-03-26 09:43:17.78+00,,false,1.66,Hiin9302,PhD
416,1774518136116,75,Luke2603,I am a postdoc,8,Less is better: when low-value options are valued more highly than high-value options,‎“Less Is Better” in Separate Evaluations Versus “More Is Better” in Joint Evaluations: Mostly ‎Successful Close Replication and Extension of Hsee (1998)‎,Journal of Behavioral Decision Making,false,failure,success,false,3,544,0,Reviewer 1,2026-03-26 09:43:18.82+00,,true,1.1,Hiin9302,PhD
417,1774518136116,75,Luke2603,I am a postdoc,9,Feeling the future: Experimental evidence for anomalous retroactive influences on cognition and affect.,Failing the Future: Three Unsuccessful Attempts to Replicate Bem's ‘Retroactive Facilitation of Recall’ Effect,Journal of Personality and Social Psychology,false,success,failure,false,2,191,0,Reviewer 1,2026-03-26 09:43:19.14+00,,true,2.28,Hiin9302,PhD
418,1774518136116,75,Luke2603,I am a postdoc,10,A social functional approach to emotions in bargaining: When communicating anger pays and when it backfires.,Many Labs 5: Testing Pre-Data-Collection Peer Review as an Intervention to Increase Replicability,Journal of Personality and Social Psychology,false,failure,failure,true,2,183,0,Reviewer 1,2026-03-26 09:43:19.396+00,,true,2.28,Hiin9302,PhD
419,1774518136116,75,Luke2603,I am a postdoc,11,Cognitive principles of multimedia learning: The role of modality and contiguity.,On the Robustness of the Modality ­Effect: Attempting to Replicate a Basic Finding,Journal of Educational Psychology,false,success,failure,false,1,576,0,Reviewer 1,2026-03-26 09:43:20.077+00,,true,1.98,Hiin9302,PhD
420,1774518136116,75,Luke2603,I am a postdoc,12,Measuring global oral proficiency in SLA research: A new elicited imitation test of L2 Chinese,Using elicited imitation to measure global oral proficiency in SLA research: A close replication study,Foreign Language Annals,false,failure,success,false,0,224,0,Reviewer 1,2026-03-26 09:43:20.572+00,,false,1.23,Hiin9302,PhD
421,1774518136116,76,Luke2603,I am a postdoc,1,"Race and Cognitive‐Ability Test Performance: The Mediating Effects of Test Preparation, Test‐Taking Strategy Use and Self‐Eff icacy",Test-Taking Strategy as a Mediator between Race and Academic Performance,Journal of Applied Social Psychology,false,failure,success,false,4,741,0,Junior Reviewer,2026-03-26 09:43:25.693+00,,false,1.16,Hiin9302,PhD
422,1774518136116,76,Luke2603,I am a postdoc,2,"Warmer Hearts, Warmer Rooms",Many Labs 3: Evaluating participant pool quality across the academic semester via replication,Social Psychology,false,success,failure,false,3,231,0,Junior Reviewer,2026-03-26 09:43:26.348+00,,true,2.28,Hiin9302,PhD
423,1774518136116,76,Luke2603,I am a postdoc,3,Ecology-driven stereotypes override race stereotypes,Examining the replicability of online experiments selected by a decision market,Proceedings of the National Academy of Sciences,false,success,success,true,3,447,0,Junior Reviewer,2026-03-26 09:43:27.108+00,,false,7,Hiin9302,PhD
424,1774518136116,76,Luke2603,I am a postdoc,4,Self-Reported Sleep Disturbances in Patients with Dissociative Identity Disorder and Post-Traumatic Stress Disorder and How They Relate to Cognitive Failures and Fantasy Proneness,"Sleep, trauma, fantasy and cognition in dissociative identity disorder, post-traumatic stress disorder and healthy controls: a replication and extension study",Frontiers in Psychiatry,false,failure,failure,true,3,224,0,Junior Reviewer,2026-03-26 09:43:27.444+00,,false,2.67,Hiin9302,PhD
425,1774518136116,76,Luke2603,I am a postdoc,5,"Effect of consecutive jumping trials on metatarsophalangeal, ankle, and knee biomechanics during take‐off and landing",Estimating the Replicability of Sports and Exercise Science Research,European Journal of Sport Science,false,success,success,true,3,223,0,Junior Reviewer,2026-03-26 09:43:27.956+00,,false,2.24,Hiin9302,PhD
426,1774518136116,76,Luke2603,I am a postdoc,6,The Moral Roots of Environmental Attitudes,Eleven years of student replication projects provide evidence on the correlates of replicability in psychology,Psychological Science,false,failure,failure,true,3,176,0,Junior Reviewer,2026-03-26 09:43:28.349+00,,false,4.42,Hiin9302,PhD
427,1774518136116,76,Luke2603,I am a postdoc,7,Dirty Liberals!,"Are liberals really dirty? Two failures to replicate Helzer and Pizarro’s (2011) study 1, with meta-analysis.",Psychological Science,false,success,failure,false,2,231,0,Junior Reviewer,2026-03-26 09:43:28.748+00,,false,4.42,Hiin9302,PhD
428,1774518136116,76,Luke2603,I am a postdoc,8,"Development and Initial Test of the Safety Behaviors in Test Anxiety Questionnaire: Superstitious Behavior, Reassurance Seeking, Test Anxiety, and Test Performance",Reassurance seeking and spoiled answers on academic tests,Assessment,false,failure,success,false,1,289,0,Junior Reviewer,2026-03-26 09:43:29.164+00,,true,1,Hiin9302,PhD
429,1774518136116,76,Luke2603,I am a postdoc,9,Influence of life stress on depression: moderation by a polymorphism in the 5-HTT gene (Science. — 2003 Jul — 18. — 301(5631). — P. 386—389: англ.),Gene-Environment Interaction in Youth Depression: Replication of the 5-HTTLPR Moderation in a Diverse Setting,Neurology Bulletin,false,success,success,true,2,152,0,Reviewer 1,2026-03-26 09:43:29.637+00,,false,0.31,Hiin9302,PhD
430,1774518136116,76,Luke2603,I am a postdoc,10,"Motivation, Vision, and Gender: A Survey of Learners of English in China","Reexamining the Role of Vision in Second Language Motivation: A Preregistered Conceptual Replication of You, Dörnyei, and Csizér (2016)",Language Learning,false,success,failure,false,1,447,0,Reviewer 1,2026-03-26 09:43:32.588+00,,true,3.23,Hiin9302,PhD
431,1774518136116,76,Luke2603,I am a postdoc,11,Wholesome Foods and Wholesome Morals?,Direct and Conceptual Replications of Eskine (2013),Social Psychological and Personality Science,false,failure,failure,true,1,271,0,Reviewer 1,2026-03-26 09:43:33.156+00,,true,2.63,Hiin9302,PhD
432,1774518136116,76,Luke2603,I am a postdoc,12,Testing the Death Thought Suppression and Rebound Hypothesis,Registered Replication Report: Study 3 From Trafimow and Hughes (2012),Social Psychological and Personality Science,false,success,success,true,1,119,0,Reviewer 1,2026-03-26 09:43:33.5+00,,true,2.63,Hiin9302,PhD
433,1774518136116,76,Luke2603,I am a postdoc,13,Behavioral Bias for Food Reflected in Hand Movements: A Preliminary Study with Healthy Subjects,Virtual reality assessment of a high-calorie food bias: Replication and food-specificity in healthy participants,"Cyberpsychology, Behavior, and Social Networking",false,failure,success,false,0,214,0,Reviewer 1,2026-03-26 09:43:34.044+00,,true,3.5,Hiin9302,PhD
434,1774518136116,77,Luke2603,I am a postdoc,1,Need for Cognition and Expectations as Determinants of Affective Experience,No Evidence for the Affective Expectation Model: Replication of Geers and Lassiter (2003),Basic and Applied Social Psychology,false,failure,failure,true,5,1175,0,Junior Reviewer,2026-03-26 09:43:39.468+00,,true,1.09,Hiin9302,PhD
435,1774518136116,77,Luke2603,I am a postdoc,2,Brain Drain: The Mere Presence of One’s Own Smartphone Reduces Available Cognitive Capacity,Reexamining the “brain drain” effect: A replication of Ward et al. (2017),Journal of the Association for Consumer Research,false,success,failure,false,4,1400,0,Junior Reviewer,2026-03-26 09:43:43.276+00,,false,1.65,Hiin9302,PhD
436,1774518136116,77,Luke2603,I am a postdoc,3,Affective Arousal Links Sound to Meaning,Eleven years of student replication projects provide evidence on the correlates of replicability in psychology,Psychological Science,false,success,success,true,4,1709,0,Junior Reviewer,2026-03-26 09:43:45.596+00,,false,4.42,Hiin9302,PhD
437,1774518136116,77,Luke2603,I am a postdoc,4,Spending on Daughters versus Sons in Economic Recessions,Empirical audit and review and an assessment of evidentiary value in research on the psychological consequences of scarcity,Journal of Consumer Research,false,failure,failure,true,4,807,0,Junior Reviewer,2026-03-26 09:43:46.836+00,,true,5.49,Hiin9302,PhD
438,1774518136116,77,Luke2603,I am a postdoc,5,With a Clean Conscience,Does Cleanliness Influence Moral Judgments?,Psychological Science,false,success,failure,false,3,863,0,Junior Reviewer,2026-03-26 09:43:48.421+00,,true,4.42,Hiin9302,PhD
439,1774518136116,77,Luke2603,I am a postdoc,6,God and the government: Testing a compensatory control mechanism for the support of external systems.,Compensatory control and religious beliefs: a registered replication report across two countries,Journal of Personality and Social Psychology,false,success,failure,false,2,263,0,Junior Reviewer,2026-03-26 09:43:49.092+00,,false,2.28,Hiin9302,PhD
440,1774518136116,77,Luke2603,I am a postdoc,7,"The relationship of teacher clarity and immediacy with student state receiver apprehension, affect, and cognitive learning","Instructor Clarity, Humor, Immediacy, and Student Learning: Replication and Extension",Communication Education,false,failure,success,false,1,391,0,Junior Reviewer,2026-03-26 09:43:50.62+00,,false,2.32,Hiin9302,PhD
441,1774518136116,77,Luke2603,I am a postdoc,8,The Symptoms of Resource Scarcity,"Men’s Hunger, Food Consumption, and Preferences for Female Body Types",Psychological Science,false,success,success,true,1,199,0,Junior Reviewer,2026-03-26 09:43:51.252+00,,false,4.42,Hiin9302,PhD
442,1774518136116,77,Luke2603,I am a postdoc,9,Distortions of mind perception in psychopathology,Mind Perception and Individual Differences: A Replication and Extension,Proceedings of the National Academy of Sciences,false,success,success,true,2,399,0,Reviewer 1,2026-03-26 09:43:52.26+00,,false,7,Hiin9302,PhD
443,1774518136116,77,Luke2603,I am a postdoc,10,Mental health literacy in post-secondary students,Addressing Mental Health Literacy in a UK university campus population: Positive replication of a Canadian intervention,Health Education Journal,false,success,success,true,2,509,0,Reviewer 1,2026-03-26 09:43:54.996+00,,true,1.47,Hiin9302,PhD
444,1774518136116,77,Luke2603,I am a postdoc,11,The effect of cognitive distraction on the processing of alcohol cues,Distraction Reduces Alcohol Craving: A Replication and Extension Exploring Trait Absorption and Mindfulness,Journal of Substance Use,false,success,success,true,2,2151,0,Reviewer 1,2026-03-26 09:43:57.508+00,,false,0.58,Hiin9302,PhD
445,1774518136116,77,Luke2603,I am a postdoc,12,Fostering and Evaluating Reflective Capacity in Medical Education: Developing the REFLECT Rubric for Assessing Reflective Writing,The reliability characteristics of the REFLECT rubric for assessing reflective capacity through expressive writing assignments: A&nbsp;replication study,Academic Medicine,false,failure,failure,true,2,1336,0,Reviewer 1,2026-03-26 09:43:59.268+00,,true,1.59,Hiin9302,PhD
446,1774518136116,77,Luke2603,I am a postdoc,13,Populist Authoritarianism,Making the List: Reevaluating Political Trust and Social Desirability in China,,false,failure,success,false,1,2391,0,Reviewer 1,2026-03-26 09:44:02.012+00,,false,,Hiin9302,PhD
447,1774518136116,77,Luke2603,I am a postdoc,14,Do psychotherapists improve with time and experience? A longitudinal analysis of outcomes in a clinical setting.,"Does practice really make perfect? A longitudinal analysis of the relationship between therapist experience and therapy outcome: A replication of Goldberg, Rousmaniere, et al. (2016).",Journal of Counseling Psychology,false,success,success,true,1,1611357,8,Reviewer 1,2026-03-26 10:10:53.858+00,,true,1.27,Hiin9302,PhD
448,1774598731206,78,Luke2703,I am a postdoc,1,Undergraduate students’ perspectives of generative AI ethics,Autonomy versus algorithm: a replication study of student perspectives on AI ethical boundaries,International Journal of Educational Technology in Higher Education,false,success,success,true,5,10844,0,Junior Reviewer,2026-03-27 08:06:22.267+00,,false,30.84,Hiin9302,PhD
449,1774598731206,78,Luke2703,I am a postdoc,2,Toward more accurate contextualization of the <scp>CEO</scp> effect on firm performance,The “CEO in context” technique revisited: A replication and extension of Hambrick and Quigley (2014),Strategic Management Journal,false,success,success,true,5,32577,0,Junior Reviewer,2026-03-27 08:07:01.466+00,,false,5.87,Hiin9302,PhD
450,1774676251013,3,Luk,I am a postdoc,1,Overcoming intuition: Metacognitive difficulty activates analytic reasoning.,Many Labs 2: Investigating Variation in Replicability Across Samples and Settings,Journal of Experimental Psychology: General,false,success,failure,false,4,5628,0,Junior Reviewer,2026-03-28 05:37:44.257+00,,true,1.72,Hiin9302,PhD
451,1774676251013,3,Luk,I am a postdoc,2,The Moral Roots of Environmental Attitudes,Eleven years of student replication projects provide evidence on the correlates of replicability in psychology,Psychological Science,false,success,failure,false,3,1468,0,Junior Reviewer,2026-03-28 05:37:52.773+00,,false,4.45,Hiin9302,PhD
452,1774676251013,3,Luk,I am a postdoc,3,The Illusion of Consensus: A Failure to Distinguish Between True and False Consensus,Eleven years of student replication projects provide evidence on the correlates of replicability in psychology,Psychological Science,false,success,failure,false,2,852,0,Junior Reviewer,2026-03-28 05:37:55.089+00,,true,4.45,Hiin9302,PhD
453,1774676251013,3,Luk,I am a postdoc,4,From Power to Inaction,Eleven years of student replication projects provide evidence on the correlates of replicability in psychology,Psychological Science,false,success,failure,false,1,741,0,Junior Reviewer,2026-03-28 05:37:56.84+00,,true,4.45,Hiin9302,PhD
454,1774676251013,3,Luk,I am a postdoc,5,"Development and Initial Test of the Safety Behaviors in Test Anxiety Questionnaire: Superstitious Behavior, Reassurance Seeking, Test Anxiety, and Test Performance",Reassurance seeking and spoiled answers on academic tests,Assessment,false,failure,success,false,0,1446,0,Junior Reviewer,2026-03-28 05:37:59.416+00,,false,1.01,Hiin9302,PhD
455,1774731662312,4,Luk,I am a postdoc,1,"The relationship of teacher clarity and immediacy with student state receiver apprehension, affect, and cognitive learning","Instructor Clarity, Humor, Immediacy, and Student Learning: Replication and Extension",Communication Education,false,success,success,true,5,19617,0,Junior Reviewer,2026-03-28 21:01:35.908+00,,false,2.29,Hiin9302,PhD
456,1774731662312,4,Luk,I am a postdoc,2,"Genetic Predisposition for Immune System, Hormone, and Metabolic Dysfunction in Myalgic Encephalomyelitis/Chronic Fatigue Syndrome: A Pilot Study",Re-analysis of Genetic Risks for Chronic Fatigue Syndrome From 23andMe Data Finds Few Remain,Frontiers in Pediatrics,false,failure,failure,true,5,6984,0,Junior Reviewer,2026-03-28 21:01:46.982+00,,true,1.49,Hiin9302,PhD
457,1774731662312,4,Luk,I am a postdoc,3,OctoPocus,OctoPocus in VR: Using a Dynamic Guide for 3D Mid-Air Gestures in Virtual Reality,Proceedings of the 21st annual ACM symposium on User interface software and technology,false,success,success,true,5,12036,0,Junior Reviewer,2026-03-28 21:02:02.763+00,,true,,Hiin9302,PhD
458,1774731662312,4,Luk,I am a postdoc,4,Webpage Background and Viewer Attitudes,Web Commercials and Advertising Hierarchy-of-Effects,Journal of Advertising Research,false,failure,success,false,4,8867,0,Junior Reviewer,2026-03-28 21:02:16.581+00,,false,2.4,Hiin9302,PhD
459,1774731662312,4,Luk,I am a postdoc,5,THE ROMANCE OF LEADERSHIP AND THE EVALUATION OF ORGANIZATIONAL PERFORMANCE.,The romance of leadership: Rekindling the fire through replication of Meindl and Ehrlich,Academy of Management Journal,false,success,failure,false,3,14051,0,Junior Reviewer,2026-03-28 21:02:39.605+00,,true,5.08,Hiin9302,PhD
460,1774731662312,4,Luk,I am a postdoc,6,Improving Teachers’ Knowledge of Functional Assessment-based Interventions: Outcomes of a Professional Development Series,"Improving Educators’ Knowledge, Confidence, and Usefulness of Functional Assessment-based Interventions: Outcomes of Professional Learning",Education and Treatment of Children,false,success,success,true,3,15124,0,Junior Reviewer,2026-03-28 21:02:59.993+00,,true,0.92,Hiin9302,PhD
461,1774731662312,4,Luk,I am a postdoc,7,Promoting Interest and Performance in High School Science Classes,Making connections: Replicating and extending the utility value intervention in the classroom.,Science,false,failure,success,false,2,25189,0,Junior Reviewer,2026-03-28 21:03:26.766+00,,true,16.79,Hiin9302,PhD
462,1774731662312,4,Luk,I am a postdoc,8,The Instability of Philosophical Intuitions: Running Hot and Cold on Truetemp,The Stability of Philosophical Intuitions: Failed Replications of Swain <i>et al</i>. (2008),Philosophy and Phenomenological Research,false,failure,failure,true,3,14528,0,Reviewer 1,2026-03-28 21:03:44.086+00,,false,1.35,Hiin9302,PhD
463,1774731662312,4,Luk,I am a postdoc,9,Prepulses Reduce the Pain of Cutaneous Electrical Shocks,Somatosensory pain is not reliably modulated by weak acoustic stimuli,Psychosomatic Medicine,false,success,failure,false,2,6952,0,Reviewer 1,2026-03-28 21:03:56.412+00,,false,1.8,Hiin9302,PhD
464,1774731662312,4,Luk,I am a postdoc,10,Effects of Supplemental Reading Interventions in Authentic Contexts: A Comparison of Kindergarteners' Response,Replicating the Impact of a Supplemental Beginning Reading Intervention: The Role of Instructional Context,Exceptional Children,false,success,success,true,2,6521,0,Reviewer 1,2026-03-28 21:04:04.389+00,,false,1.81,Hiin9302,PhD
465,1774731662312,4,Luk,I am a postdoc,11,Action Anticipation Through Attribution of False Belief by 2-Year-Olds,"A two-lab direct replication attempt of Southgate, Senju and Csibra (2007)",Psychological Science,false,failure,failure,true,2,16176,0,Reviewer 1,2026-03-28 21:04:21.827+00,,true,4.45,Hiin9302,PhD
466,1774731662312,4,Luk,I am a postdoc,12,Your Understanding Is My Understanding,Eleven years of student replication projects provide evidence on the correlates of replicability in psychology,Psychological Science,false,success,success,true,2,11408,0,Reviewer 1,2026-03-28 21:04:43.096+00,,true,4.45,Hiin9302,PhD
467,1774731662312,4,Luk,I am a postdoc,13,"Warmer Hearts, Warmer Rooms",Many Labs 3: Evaluating participant pool quality across the academic semester via replication,Social Psychology,false,failure,failure,true,2,6827,0,Reviewer 1,2026-03-28 21:04:54.581+00,,true,2.3,Hiin9302,PhD
468,1774731662312,4,Luk,I am a postdoc,14,Measures of Anchoring in Estimation Tasks,Investigating Variation in Replicability,Personality and Social Psychology Bulletin,false,success,success,true,3,9370,0,Reviewer 2,2026-03-28 21:05:07.01+00,,true,2.31,Hiin9302,PhD
469,1774731662312,4,Luk,I am a postdoc,15,When failure is not an option: a police firearms training concept for improving decision-making in shoot/don’t shoot scenarios,Blended police firearms training improves performance in shoot/don't shoot scenarios: a systematic replication with police cadets,Frontiers in Psychology,false,success,success,true,3,3572,0,Reviewer 2,2026-03-28 21:05:14.329+00,,true,2.78,Hiin9302,PhD
470,1774731662312,4,Luk,I am a postdoc,16,Knowing Who You Are and Adding to It,Empirical audit and review and an assessment of evidentiary value in research on the psychological consequences of scarcity,Social Psychological and Personality Science,false,success,failure,false,2,12214,0,Reviewer 2,2026-03-28 21:05:27.595+00,,false,2.63,Hiin9302,PhD
471,1774731662312,4,Luk,I am a postdoc,17,Keeping One's Distance,Priming of Social Distance? Failure to Replicate Effects on Social and Food Judgments,Psychological Science,false,success,failure,false,1,2028,0,Reviewer 2,2026-03-28 21:05:31.863+00,,false,4.45,Hiin9302,PhD
472,1774731662312,4,Luk,I am a postdoc,18,Measuring the Impacts of Teachers I: Evaluating Bias in Teacher Value-Added Estimates,Validating Teacher Effect Estimates Using Changes in Teacher Assignments in Los Angeles,American Economic Review,false,success,success,true,1,655,0,Reviewer 2,2026-03-28 21:05:34.397+00,,false,12.77,Hiin9302,PhD
473,1774731662312,4,Luk,I am a postdoc,19,Sinning Saints and Saintly Sinners,Three Attempts to Replicate the Moral Licensing Effect,Psychological Science,false,success,failure,false,0,601,0,Reviewer 2,2026-03-28 21:05:36.467+00,,true,4.45,Hiin9302,PhD
474,1774984013612,5,Luk,I am a postdoc,1,Errors Are Aversive,"Replication of Hajcak & Foti  (2008, PS, Study 1)",Psychological Science,false,success,failure,false,4,20919,0,Junior Reviewer,2026-03-31 19:07:17.58+00,,true,4.45,Hiin9302,PhD
475,1774984013612,5,Luk,I am a postdoc,2,The Thermometer of Social Relations,Physical Warmth and Perceptual Focus: A Replication of IJzerman and Semin (2009),Psychological Science,false,success,success,true,4,1637,0,Junior Reviewer,2026-03-31 19:10:08.032+00,,false,4.45,Hiin9302,PhD
476,1774984013612,5,Luk,I am a postdoc,3,The role of category accessibility in the interpretation of information about persons: Some determinants and implications.,Registered Replication Report on Srull and Wyer (1979),Journal of Personality and Social Psychology,false,success,failure,false,3,1297,0,Junior Reviewer,2026-03-31 19:10:11.192+00,,false,2.3,Hiin9302,PhD
477,1774984013612,5,Luk,I am a postdoc,4,Attachment disorders versus more common problems in looked after and adopted children: comparing community and expert assessments,Attachment disorders diagnosed by community practitioners: a replication and extension,Child and Adolescent Mental Health,false,success,success,true,3,511,0,Junior Reviewer,2026-03-31 19:10:13.056+00,,true,1.61,Hiin9302,PhD
478,1774984013612,5,Luk,I am a postdoc,5,Scarcity Frames Value,Empirical audit and review and an assessment of evidentiary value in research on the psychological consequences of scarcity,Psychological Science,false,success,failure,false,2,631,0,Junior Reviewer,2026-03-31 19:10:14.367+00,,true,4.45,Hiin9302,PhD
479,1774984013612,5,Luk,I am a postdoc,6,Revisiting the Investment Theory of Creativity,Conceptions of creativity among Hong Kong university students,Creativity Research Journal,false,success,success,true,2,586,0,Junior Reviewer,2026-03-31 19:10:15.587+00,,true,4.3,Hiin9302,PhD
480,1774984013612,5,Luk,I am a postdoc,7,Toward more accurate contextualization of the <scp>CEO</scp> effect on firm performance,The “CEO in context” technique revisited: A replication and extension of Hambrick and Quigley (2014),Strategic Management Journal,false,success,success,true,2,559,0,Junior Reviewer,2026-03-31 19:10:16.878+00,,false,5.87,Hiin9302,PhD
481,1774984013612,5,Luk,I am a postdoc,8,Learning About What Others Were Doing,Registered Replication Report,Psychological Science,false,success,failure,false,1,520,0,Junior Reviewer,2026-03-31 19:10:18.069+00,,false,4.45,Hiin9302,PhD
482,1774984013612,5,Luk,I am a postdoc,9,Automatization in second language acquisition: What does the coefficient of variation tell us?,"Automatization in second language sentence processing: A partial, conceptual replication of Hulstijn, Van Gelderen, and Schoonen's 2009 study",Applied Psycholinguistics,false,success,success,true,2,609,0,Reviewer 1,2026-03-31 19:10:19.455+00,,true,1.54,Hiin9302,PhD
483,1774984013612,5,Luk,I am a postdoc,10,"Ignoring History, Denying Racism: Mounting Evidence for the Marley Hypothesis and Epistemologies of Ignorance",Ignorance of History and Perceptions of Racism: Another Look at the Marley Hypothesis,Social Psychological and Personality Science,false,success,failure,false,1,525,0,Reviewer 1,2026-03-31 19:10:22.337+00,,true,2.63,Hiin9302,PhD
484,1774984013612,5,Luk,I am a postdoc,11,Healthy Out-Group Members Are Represented Psychologically as Infected In-Group Members,Eleven years of student replication projects provide evidence on the correlates of replicability in psychology,Psychological Science,false,success,failure,false,0,546,0,Reviewer 1,2026-03-31 19:10:23.533+00,,false,4.45,Hiin9302,PhD
485,1774990050265,1,Ipad,I am a student at university,1,"Susceptibility to coronary artery disease and diabetes is encoded by distinct, tightly linked SNPs in the ANRIL locus on chromosome 9p",Common genetic variants on chromosome 9p21 are associated with myocardial infarction and type 2 diabetes in an Italian population,Human Molecular Genetics,false,failure,success,false,4,18156,0,Junior Reviewer,2026-03-31 20:48:43.125+00,,true,2.34,Amin1234,PhD
486,1774990050265,1,Ipad,I am a student at university,2,"Attention control, memory updating, and emotion regulation temporarily reduce the capacity for executive control.",No Evidence of the Ego-Depletion Effect across Task Characteristics and Individual Differences: A Pre-Registered Study,Journal of Experimental Psychology: General,false,success,failure,false,3,4831,0,Junior Reviewer,2026-03-31 20:48:50.906+00,,false,1.72,Amin1234,PhD
487,1774990050265,1,Ipad,I am a student at university,3,Seeing the forest when entry is unlikely: Probability and the mental representation of events.,"Subjective likelihood and the construal level of future events: A replication study of Wakslak, Trope, Liberman, and Alony (2006).",Journal of Experimental Psychology: General,false,success,failure,false,2,11062,0,Junior Reviewer,2026-03-31 20:49:03.986+00,,false,1.72,Amin1234,PhD
488,1774990050265,1,Ipad,I am a student at university,4,Why Do Mothers Breastfeed Girls Less than Boys? Evidence and Implications for Child Health in India,Gender‐Biased Breastfeeding in Egypt: Examining the Fertility Preference Hypotheses of Jayachandran and Kuziemko (2011),The Quarterly Journal of Economics,false,success,success,true,2,39281,0,Junior Reviewer,2026-03-31 20:49:44.882+00,,true,15.38,Amin1234,PhD
489,1774990050265,1,Ipad,I am a student at university,5,Computer-aided autism diagnosis based on visual attention models using eye tracking,Computer-aided autism diagnosis using visual attention models and eye-tracking: replication and improvement proposal,Scientific Reports,false,failure,success,false,1,3091,0,Junior Reviewer,2026-03-31 20:49:55.237+00,,false,3.97,Amin1234,PhD
490,1774990050265,1,Ipad,I am a student at university,6,Why people are reluctant to tempt fate.,Eleven years of student replication projects provide evidence on the correlates of replicability in psychology,Journal of Personality and Social Psychology,false,failure,failure,true,1,3731,0,Junior Reviewer,2026-03-31 20:49:59.908+00,,false,2.3,Amin1234,PhD
491,1774990050265,1,Ipad,I am a student at university,7,Social identity contingencies: How diversity cues signal threat or safety for African Americans in mainstream institutions.,"Secondary Replication of V Purdie-Vaughns, CM Steele, PG Davies, R Ditlmann, JR Crosby (2008, JPSP 94(4), Exp. 3)",Journal of Personality and Social Psychology,false,success,failure,false,0,4823,0,Junior Reviewer,2026-03-31 20:50:05.925+00,,false,2.3,Amin1234,PhD
492,1775316169426,7,Luk,I am a postdoc,1,Profiles of recovery from alcohol use disorder at three years following treatment: can the definition of recovery be extended to include high functioning heavy drinkers?,Can Alcohol Use Disorder Recovery Include Some Heavy Drinking? A Replication and Extension up to 9 Years Following Treatment,Addiction,false,success,success,true,5,20538,0,Junior Reviewer,2026-04-04 15:23:52.53+00,,true,3.06,Hiin9302,PhD
493,1775316169426,7,Luk,I am a postdoc,2,Improving the interview skills of college students using behavioral skills training,Using Behavioral Skills Training to Teach Interview Skills to Young Adults with Autism,Journal of Applied Behavior Analysis,false,failure,success,false,4,11033,0,Junior Reviewer,2026-04-04 15:24:06.287+00,,false,2.3,Hiin9302,PhD
494,1775316169426,7,Luk,I am a postdoc,3,"Music-evoked nostalgia: Affect, memory, and personality.",Unique affective profile of music-evoked nostalgia: An extension and conceptual replication of Barrett et al.’s (2010) study.,Emotion,false,success,success,true,4,500,0,Junior Reviewer,2026-04-04 15:24:07.855+00,,true,1.36,Hiin9302,PhD
495,1775316169426,7,Luk,I am a postdoc,4,Feeling the future: Experimental evidence for anomalous retroactive influences on cognition and affect.,An Agenda for Purely Confirmatory Research,Journal of Personality and Social Psychology,false,success,failure,false,3,413,0,Junior Reviewer,2026-04-04 15:24:08.862+00,,true,2.3,Hiin9302,PhD
496,1775316169426,7,Luk,I am a postdoc,5,Undergraduate students’ perspectives of generative AI ethics,Autonomy versus algorithm: a replication study of student perspectives on AI ethical boundaries,International Journal of Educational Technology in Higher Education,false,success,success,true,3,823,0,Junior Reviewer,2026-04-04 15:24:11.455+00,,true,30.84,Hiin9302,PhD
497,1775316169426,7,Luk,I am a postdoc,6,Creating a Profile of a Nurse Effective in Caring,Caritas and job environment: A replication of Persky et al,Nursing Administration Quarterly,false,success,failure,false,2,641,0,Junior Reviewer,2026-04-04 15:24:13.004+00,,true,0.85,Hiin9302,PhD
498,1775316169426,7,Luk,I am a postdoc,7,Motivating voter turnout by invoking the self,Do Subtle Linguistic Interventions Priming a Social Identity as a Voter Have Outsized Effects on Voter Turnout? Evidence From a New Replication Experiment,Proceedings of the National Academy of Sciences,false,success,failure,false,1,479,0,Junior Reviewer,2026-04-04 15:24:14.142+00,,true,7.01,Hiin9302,PhD
499,1775316169426,7,Luk,I am a postdoc,8,Reading Literary Fiction Improves Theory of Mind,Does a single session of reading literary fiction prime enhanced mentalising performance? Four replication experiments of Kidd and Castano (2013),Science,false,success,failure,false,0,509,0,Junior Reviewer,2026-04-04 15:24:15.93+00,,false,16.79,Hiin9302,PhD
500,1775638514067,79,Luke0804,I am a postdoc,1,Can race be erased? Coalitional computation and social categorization,Can race really be erased? A pre-registered replication study,Proceedings of the National Academy of Sciences,false,success,success,true,5,4921,0,Junior Reviewer,2026-04-08 08:55:27.665+00,,true,7.14,Hiin9302,PhD
501,1775638514067,79,Luke0804,I am a postdoc,2,Aging 5 Years in 5 Minutes,Eleven years of student replication projects provide evidence on the correlates of replicability in psychology,Psychological Science,false,failure,success,false,4,1012,0,Junior Reviewer,2026-04-08 08:55:31.144+00,,true,4.49,Hiin9302,PhD
502,1775638514067,79,Luke0804,I am a postdoc,3,Converging Trajectories,Kieffer_AmEduResJourn_2011_Kybl - Reed - Secondary Data Replication - 23w8w,American Educational Research Journal,false,success,failure,false,3,1056,0,Junior Reviewer,2026-04-08 08:55:34.353+00,,true,4.36,Hiin9302,PhD
503,1775638514067,79,Luke0804,I am a postdoc,4,"Price Subsidies, Diagnostic Tests, and Targeting of Malaria Treatment: Evidence from a Randomized Controlled Trial",Cohen_AmEcoRev_2015_2lb5 - Tutor/Méndez-Chacón - Secondary Data Replication - y496,American Economic Review,false,success,success,true,3,539,0,Junior Reviewer,2026-04-08 08:55:36.287+00,,true,12.59,Hiin9302,PhD
504,1775638514067,79,Luke0804,I am a postdoc,5,Truth From Language and Truth From Fit: The Impact of Linguistic Concreteness and Level of Construal on Subjective Truth,The Effect of Concrete Wording on Truth Judgements: A Preregistered Replication and Extension of Hansen & Wänke (),Personality and Social Psychology Bulletin,false,failure,failure,true,3,2393,0,Junior Reviewer,2026-04-08 08:55:40.623+00,,true,2.37,Hiin9302,PhD
505,1775638514067,79,Luke0804,I am a postdoc,6,Asymmetrical Body Perception,It’s out of my hands! Grasping capacity may not influence perceived object size.,Psychological Science,false,success,failure,false,2,727,0,Junior Reviewer,2026-04-08 08:55:43.492+00,,false,4.49,Hiin9302,PhD
506,1775638514067,79,Luke0804,I am a postdoc,7,GETTIERIZED KNOBE EFFECTS,Estimating the Reproducibility of Experimental Philosophy,Episteme,false,success,success,true,2,1267,0,Junior Reviewer,2026-04-08 08:55:45.637+00,,false,0.78,Hiin9302,PhD
507,1775638514067,79,Luke0804,I am a postdoc,8,Lab Experiments for the Study of Social-Ecological Systems,Evaluating the replicability of social science experiments in Nature and Science between 2010 and 2015,Science,false,failure,success,false,1,1075,0,Junior Reviewer,2026-04-08 08:55:47.907+00,,true,17,Hiin9302,PhD
508,1775638514067,79,Luke0804,I am a postdoc,9,Affirmative Action Policies Promote Women and Do Not Harm Efficiency in the Laboratory,Evaluating the replicability of social science experiments in Nature and Science between 2010 and 2015,Science,false,failure,success,false,0,2100,0,Junior Reviewer,2026-04-08 08:55:50.644+00,,true,17,Hiin9302,PhD
509,1775732749187,81,Luke0804,I am a postdoc,1,The Value of Believing in Free Will,Many Labs 5: Testing Pre-Data-Collection Peer Review as an Intervention to Increase Replicability,Psychological Science,false,success,failure,false,4,3728,0,Junior Reviewer,2026-04-09 11:06:01.076+00,,false,,Hiin9302,PhD
510,1775732749187,81,Luke0804,I am a postdoc,2,“In-Group Love” and “Out-Group Hate” as Motives for Individual Participation in Intergroup Conflict,Estimating the reproducibility of psychological science,Psychological Science,false,failure,success,false,3,529,0,Junior Reviewer,2026-04-09 11:06:01.99+00,,false,,Hiin9302,PhD
511,1775732749187,81,Luke0804,I am a postdoc,3,“Last-Place Aversion”: Evidence and Redistributive Implications *,Evaluating replicability of laboratory experiments in economics,The Quarterly Journal of Economics,false,failure,failure,true,3,337,0,Junior Reviewer,2026-04-09 11:06:02.613+00,,true,,Hiin9302,PhD
512,1775732749187,81,Luke0804,I am a postdoc,4,Search predicts and changes patience in intertemporal choice,Examining the replicability of online experiments selected by a decision market,Proceedings of the National Academy of Sciences,false,failure,failure,true,3,448,0,Junior Reviewer,2026-04-09 11:06:03.34+00,,true,,Hiin9302,PhD
513,1775732749187,81,Luke0804,I am a postdoc,5,"Head Up, Foot Down",Estimating the reproducibility of psychological science,Psychological Science,false,failure,failure,true,3,472,0,Junior Reviewer,2026-04-09 11:06:04.156+00,,true,,Hiin9302,PhD
514,1775732749187,81,Luke0804,I am a postdoc,6,The Persistence of Thought,"Is There a Positive Association Between Working Memory Capacity and Mind Wandering in a Low-Demand Breathing Task? A Preregistered Replication of a Study by Levinson, Smallwood, and Davidson (2012)",Psychological Science,false,failure,failure,true,3,528,0,Junior Reviewer,2026-04-09 11:06:04.94+00,,false,,Hiin9302,PhD
515,1775732749187,81,Luke0804,I am a postdoc,7,"Taking Back Control: Findings on the Cognitive, Behavioral, and Motivational Consequences of Victim Sensitivity","Can You Take Back Control? A Conceptual Replication Attempt of Balancing a Lack of Trust of Victim Sensitivity Through Compensatory Control (Buchholz et al., 2023)",Social Justice Research,false,failure,failure,true,4,360,0,Reviewer 1,2026-04-09 11:06:05.613+00,,true,,Hiin9302,PhD
516,1775732749187,81,Luke0804,I am a postdoc,8,Aiming at the same target: A masked priming study directly comparing derivation and inflection in the second language,Comparing early-stage L2 processing of derived and inflected words: a conceptual replication of Jacob et al. (2018) with Chinese learners of L2 English,International Journal of Bilingualism,false,failure,failure,true,4,545,0,Reviewer 1,2026-04-09 11:06:07.26+00,,true,,Hiin9302,PhD
517,1775732749187,81,Luke0804,I am a postdoc,9,Preschoolers' Perspective Taking in Word Learning,"Replication of Nurmsoo & Bloom (2008, PS, Study 1)",Psychological Science,false,failure,failure,true,4,200,0,Reviewer 1,2026-04-09 11:06:07.684+00,,false,,Hiin9302,PhD
518,1775732749187,81,Luke0804,I am a postdoc,10,Racial Diversity Matters: The Impact of Diversity-Related Student Engagement and Institutional Context,Denson_AmEduResJourn_2009_zb3Y - Méndez-Chacón - Secondary Data Replication - 2y182,American Educational Research Journal,false,failure,success,false,3,200,0,Reviewer 1,2026-04-09 11:06:08.044+00,,false,,Hiin9302,PhD
519,1775732749187,81,Luke0804,I am a postdoc,11,Coordination and cooperation in asymmetric commons dilemmas,Janssen_ExpEco_2011_VvZX - Jarke-Neuert - New Data Replication - 4182,Experimental Economics,false,failure,success,false,2,368,0,Reviewer 1,2026-04-09 11:06:08.612+00,,true,,Hiin9302,PhD
520,1775732749187,81,Luke0804,I am a postdoc,12,Action Anticipation Through Attribution of False Belief by 2-Year-Olds,Testing the Role of Verbal Narration in Implicit Theory of Mind Tasks,Psychological Science,false,failure,failure,true,2,200,0,Reviewer 1,2026-04-09 11:06:09.076+00,,false,,Hiin9302,PhD
521,1775732749187,81,Luke0804,I am a postdoc,13,Reexamining semantic clustering: Insight from memory models,Semantic connection or visual connection: Investigating the true source of confusion,Vocabulary Learning and Instruction,false,failure,success,false,1,296,0,Reviewer 1,2026-04-09 11:06:09.652+00,,false,,Hiin9302,PhD
522,1775732749187,81,Luke0804,I am a postdoc,14,Emancipative Values and Non-Violent Protest: The Importance of ‘Ecological’ Effects,Welzel_BritJournPoliSci_2012_qgWj - Méndez-Chacón - Secondary Data Replication - 23wwg,British Journal of Political Science,false,failure,success,false,0,279,0,Reviewer 1,2026-04-09 11:06:10.188+00,,false,,Hiin9302,PhD
523,1775747094365,82,Luke0804,I am a postdoc,1,RETRACTED: In vivo direct imaging of neuronal activity at high temporospatial resolution,No replication of direct neuronal activity–related (DIANA) fMRI in anesthetized mice,Science,false,success,failure,false,4,651,0,Junior Reviewer,2026-04-09 15:04:57.848+00,,false,,Hiin9302,PhD
524,1775747094365,82,Luke0804,I am a postdoc,2,Selfish third parties act as peacemakers by transforming conflicts and promoting cooperation,Examining the replicability of online experiments selected by a decision market,Proceedings of the National Academy of Sciences,false,failure,success,false,3,208,0,Junior Reviewer,2026-04-09 15:04:58.56+00,,false,,Hiin9302,PhD
525,1775747094365,82,Luke0804,I am a postdoc,3,Current and recalled childhood gender identity in community youth in comparison to referred adolescents seeking sex reassignment,Gender dysphoria in adolescent population: A 5-year replication study,Journal of Adolescence,false,failure,success,false,2,102,0,Junior Reviewer,2026-04-09 15:04:58.8+00,,true,,Hiin9302,PhD
526,1775747094365,82,Luke0804,I am a postdoc,4,Can you connect with me now? How the presence of mobile communication technology influences face-to-face conversation quality,Replication of the Mere Presence Hypothesis: The Effects of Cell Phones on Face-to-Face Conversations,Journal of Social and Personal Relationships,false,failure,failure,true,2,72,0,Junior Reviewer,2026-04-09 15:04:58.991+00,,true,,Hiin9302,PhD
527,1775747094365,82,Luke0804,I am a postdoc,5,The Framing of Decisions and the Psychology of Choice,"Loss aversion, the endowment effect, and gain-loss framing shape preferences for noninstrumental information",Science,false,failure,success,false,1,88,0,Junior Reviewer,2026-04-09 15:04:59.208+00,,false,,Hiin9302,PhD
528,1775747094365,82,Luke0804,I am a postdoc,6,The Instability of Philosophical Intuitions: Running Hot and Cold on Truetemp,The Stability of Philosophical Intuitions: Failed Replications of Swain <i>et al</i>. (2008),Philosophy and Phenomenological Research,false,failure,failure,true,1,84,0,Junior Reviewer,2026-04-09 15:04:59.407+00,,false,,Hiin9302,PhD
529,1775747094365,82,Luke0804,I am a postdoc,7,Failing to Forget,Eleven years of student replication projects provide evidence on the correlates of replicability in psychology,Psychological Science,false,failure,failure,true,1,95,0,Junior Reviewer,2026-04-09 15:04:59.632+00,,true,,Hiin9302,PhD
530,1775747094365,82,Luke0804,I am a postdoc,8,Fast mapping between a phrasal form and meaning,"Input skewedness, consistency, and order of frequent verbs in frequency-driven second language construction learning: A replication and extension of Casenhiser and Goldberg (2005) to adult second language acquisition",Developmental Science,false,failure,failure,true,1,255,0,Junior Reviewer,2026-04-09 15:05:00.239+00,,false,,Hiin9302,PhD
531,1775747094365,82,Luke0804,I am a postdoc,9,Effects of Video Club Participation on Teachers' Professional Vision,Developing pre-service teachers’ professional vision with video interventions: a divergent replication,Journal of Teacher Education,false,failure,failure,true,2,384,0,Reviewer 1,2026-04-09 15:05:00.984+00,,false,,Hiin9302,PhD
532,1775747094365,82,Luke0804,I am a postdoc,10,Genetic Variants of<i>FOXP2</i>and<i>KIAA0319/TTRAP/THEM2</i>Locus Are Associated with Altered Brain Activation in Distinct Language-Related Regions,Toward Robust Functional Neuroimaging Genetics of Cognition,The Journal of Neuroscience,false,failure,failure,true,2,920,0,Reviewer 1,2026-04-09 15:05:02.6+00,,true,,Hiin9302,PhD
533,1775747094365,82,Luke0804,I am a postdoc,11,A Scientific Approach to Entrepreneurial Decision Making: Evidence from a Randomized Control Trial,A scientific approach to entrepreneurial decision‐making: Large‐scale replication and extension,Management Science,false,failure,success,false,1,384,0,Reviewer 1,2026-04-09 15:05:03.225+00,,true,,Hiin9302,PhD
534,1775747094365,82,Luke0804,I am a postdoc,12,How gender determines the way we speak about professionals,Examining the replicability of online experiments selected by a decision market,Proceedings of the National Academy of Sciences,false,failure,failure,true,1,352,0,Reviewer 1,2026-04-09 15:05:03.791+00,,true,,Hiin9302,PhD
535,1775747094365,82,Luke0804,I am a postdoc,13,Why Do Consumers Buy Counterfeit Luxury Brands?,Wilcox_JournMarketRes_2009_OKRy - Baskin - New Data Replication - 281g6,Journal of Marketing Research,false,failure,success,false,0,346,0,Reviewer 1,2026-04-09 15:05:04.466+00,,true,,Hiin9302,PhD
536,1775756096852,83,Luke0904,I am a postdoc,1,Effects of AR Display Context Switching and Focal Distance Switching on Human Performance,Impact of AR Display Context Switching and Focal Distance Switching on Human Performance: Replication on an AR Haploscope,IEEE Transactions on Visualization and Computer Graphics,false,success,success,true,5,1740,0,Junior Reviewer,2026-04-09 17:35:06.278+00,,true,,Hiin9302,PhD
537,1775756096852,83,Luke0904,I am a postdoc,2,Optimal learning in a virtual patient simulation of cranial nerve palsies: The interaction between social learning context and student aptitude,Virtual patient simulations and optimal social learning context: A replication of an aptitude–treatment interaction effect,Medical Teacher,false,failure,success,false,4,710,0,Junior Reviewer,2026-04-09 17:35:07.453+00,,true,,Hiin9302,PhD
538,1775756096852,83,Luke0904,I am a postdoc,3,Influence of life stress on depression: moderation by a polymorphism in the 5-HTT gene (Science. — 2003 Jul — 18. — 301(5631). — P. 386—389: англ.),Gene-Environment Interaction in Youth Depression: Replication of the 5-HTTLPR Moderation in a Diverse Setting,Neurology Bulletin,false,success,success,true,4,2192,0,Junior Reviewer,2026-04-09 17:35:10.07+00,,false,0.31,Hiin9302,PhD
539,1775756096852,83,Luke0904,I am a postdoc,4,Keep Your Fingers Crossed!,Replication of the Superstition and Performance Study by,Psychological Science,false,success,failure,false,3,752,0,Junior Reviewer,2026-04-09 17:35:11.302+00,,true,,Hiin9302,PhD
540,1775756096852,83,Luke0904,I am a postdoc,5,Morphological processing in the flankers task,A replication of morphological flanker effects in French,"Language, Cognition and Neuroscience",false,success,success,true,3,1159,0,Junior Reviewer,2026-04-09 17:35:12.805+00,,true,1.53,Hiin9302,PhD
541,1775756096852,83,Luke0904,I am a postdoc,6,"Pressed for Time? Goal Conflict Shapes how Time is Perceived, Spent, and Valued",Etkin_JournMarketRes_2015_aag9 - Baskin - New Data Replication - 6z1o2,Journal of Marketing Research,false,success,failure,false,2,480,0,Junior Reviewer,2026-04-09 17:35:13.581+00,,true,,Hiin9302,PhD
542,1775756096852,83,Luke0904,I am a postdoc,7,Subliminal Instrumental Conditioning Demonstrated in the Human Brain,Feasibility of unconscious instrumental conditioning: A registered replication,Neuron,false,success,failure,false,1,423,0,Junior Reviewer,2026-04-09 17:35:14.317+00,,false,,Hiin9302,PhD
543,1775756096852,83,Luke0904,I am a postdoc,8,Increased conspiracy beliefs among ethnic and Muslim minorities,Education and conspiracy beliefs: A replication of van Prooijen (2017),Applied Cognitive Psychology,false,success,success,true,1,401,0,Junior Reviewer,2026-04-09 17:35:15.142+00,,false,1.31,Hiin9302,PhD
544,1775756096852,83,Luke0904,I am a postdoc,9,Is it better to select or to receive? Learning via active and passive hypothesis testing.,Eleven years of student replication projects provide evidence on the correlates of replicability in psychology,Journal of Experimental Psychology: General,false,success,success,true,2,255,0,Reviewer 1,2026-04-09 17:35:16.07+00,,false,1.77,Hiin9302,PhD
545,1775756096852,83,Luke0904,I am a postdoc,10,Attention in Dichotic Listening: Affective Cues and the Influence of Instructions,"A preregistered replication and extension of the cocktail party phenomenon: One’s name captures attention, unexpected words do not.",Quarterly Journal of Experimental Psychology,false,failure,success,false,1,959,0,Reviewer 1,2026-04-09 17:35:18.653+00,,true,0,Hiin9302,PhD
546,1775756096852,83,Luke0904,I am a postdoc,11,Chimpanzee Faces are ‘Special’ to Humans,The composite effect reveals that human (but not other primate) faces are special to humans,Perception,false,failure,failure,true,1,791,0,Reviewer 1,2026-04-09 17:35:19.893+00,,false,0,Hiin9302,PhD
547,1775756096852,83,Luke0904,I am a postdoc,12,"Meta-analysis of 74,046 individuals identifies 11 new susceptibility loci for Alzheimer's disease",MEF2C rs190982 polymorphism with late-onset Alzheimer’s disease in Han Chinese: A replication study and meta-analyses,Nature Genetics,false,failure,failure,true,1,927,0,Reviewer 1,2026-04-09 17:35:21.669+00,,true,15,Hiin9302,PhD
548,1775756096852,83,Luke0904,I am a postdoc,13,Building capacity for injury prevention: a process evaluation of a replication of the Cardiff Violence Prevention Programme in the Southeastern USA,Building capacity for injury prevention: a process evaluation of a replication of the Cardiff Violence Prevention Programme in the Southeastern USA,Injury Prevention,false,failure,success,false,0,801,0,Reviewer 1,2026-04-09 17:35:22.926+00,,false,1.47,Hiin9302,PhD
549,1775800503909,8,Luk,I am a postdoc,1,Chimpanzee Faces are ‘Special’ to Humans,The composite effect reveals that human (but not other primate) faces are special to humans,Perception,false,success,failure,false,4,6713,0,Junior Reviewer,2026-04-10 05:55:22.708+00,,false,0,Hiin9302,PhD
550,1775800503909,8,Luk,I am a postdoc,2,Effect of a Compressive Garment on Kinematics of Jump-Landing Tasks,Estimating the Replicability of Sports and Exercise Science Research,Journal of Strength and Conditioning Research,false,failure,failure,true,4,11885,0,Junior Reviewer,2026-04-10 05:55:47.058+00,,true,1.93,Hiin9302,PhD
551,1775800503909,8,Luk,I am a postdoc,3,"Meta-analysis of 74,046 individuals identifies 11 new susceptibility loci for Alzheimer's disease",<i>INPP5D</i> rs35349669 polymorphism with late-onset Alzheimer's disease: A replication study and meta-analysis,Nature Genetics,false,failure,failure,true,4,4919,0,Junior Reviewer,2026-04-10 05:55:54.074+00,,true,15,Hiin9302,PhD
552,1775800503909,8,Luk,I am a postdoc,4,Aquaporin-1 Gene DNA Variation Predicts Performance in Hispanic Marathon Runners,The Association of Aquaporin-1 Gene with Marathon Running Performance Level: a Confirmatory Study Conducted in Male Hispanic Marathon Runners,Medicina Sportiva,false,success,success,true,4,8372,0,Junior Reviewer,2026-04-10 05:56:07.505+00,,true,0,Hiin9302,PhD
553,1775800503909,8,Luk,I am a postdoc,5,Modeling distributions of immediate memory effects: No strategies needed?,Estimating the reproducibility of psychological science,"Journal of Experimental Psychology: Learning, Memory, and Cognition",false,success,failure,false,3,6058,0,Junior Reviewer,2026-04-10 05:56:26.541+00,,true,0.94,Hiin9302,PhD
554,1775800503909,8,Luk,I am a postdoc,6,Effect of different loading conditions on running mechanics at different velocities,Estimating the Replicability of Sports and Exercise Science Research,European Journal of Sport Science,false,failure,failure,true,3,3496,0,Junior Reviewer,2026-04-10 05:56:34.678+00,,false,2.31,Hiin9302,PhD
555,1775800503909,8,Luk,I am a postdoc,7,The Folk Concepts of Intention and Intentional Action: A Cross-Cultural Study,Estimating the Reproducibility of Experimental Philosophy,Journal of Cognition and Culture,false,success,success,true,4,8773,0,Reviewer 1,2026-04-10 05:56:50.914+00,,true,0.43,Hiin9302,PhD
556,1775800503909,8,Luk,I am a postdoc,8,Skilled musicians are not subject to the McGurk effect,Skilled musicians are indeed subject to the McGurk effect,Scientific Reports,false,success,failure,false,3,2314,0,Reviewer 1,2026-04-10 05:56:55.6+00,,true,4.06,Hiin9302,PhD
557,1775800503909,8,Luk,I am a postdoc,9,Trust and concern in consumers’ perceptions of marketing information management practices,Revisiting Trust and Privacy Concern in Consumers’ Perceptions of Marketing Information Management Practices: Replication and Extension,Journal of Interactive Marketing,false,failure,success,false,2,1140,0,Reviewer 1,2026-04-10 05:56:58.752+00,,false,2.76,Hiin9302,PhD
558,1775800503909,8,Luk,I am a postdoc,10,The intermixed-blocked effect in human perceptual learning is not the consequence of trial spacing.,Estimating the reproducibility of psychological science,"Journal of Experimental Psychology: Learning, Memory, and Cognition",false,success,failure,false,1,1999,0,Reviewer 1,2026-04-10 05:57:02.297+00,,true,0.94,Hiin9302,PhD
559,1775800503909,8,Luk,I am a postdoc,11,The Basic Psychological Need Satisfaction and Frustration Scales probably do not validly measure need frustration.,Need satisfaction and frustration are not distinct in the Basic Psychological Need Satisfaction and Frustration Scales.,Psychological Assessment,false,success,success,true,1,888,0,Reviewer 1,2026-04-10 05:57:04.044+00,,true,1.05,Hiin9302,PhD
560,1775800503909,8,Luk,I am a postdoc,12,"Deviance or uniqueness, harmony or conformity? A cultural analysis.",Eleven years of student replication projects provide evidence on the correlates of replicability in psychology,Journal of Personality and Social Psychology,false,success,success,true,1,529,0,Reviewer 1,2026-04-10 05:57:05.266+00,,false,2.38,Hiin9302,PhD
561,1775800503909,8,Luk,I am a postdoc,13,Morphological processing in the flankers task,A replication of morphological flanker effects in French,"Language, Cognition and Neuroscience",false,success,success,true,1,681,0,Reviewer 1,2026-04-10 05:57:07.405+00,,false,1.53,Hiin9302,PhD
562,1775800503909,8,Luk,I am a postdoc,14,Ecology-driven stereotypes override race stereotypes,Examining the replicability of online experiments selected by a decision market,Proceedings of the National Academy of Sciences,false,success,success,true,1,528,0,Reviewer 1,2026-04-10 05:57:08.646+00,,true,7.14,Hiin9302,PhD
563,1775800503909,8,Luk,I am a postdoc,15,Updating of episodic memories depends on the strength of new learning after memory reactivation.,Modification of episodic memories by novel learning: a failed replication study,Behavioral Neuroscience,false,success,failure,false,0,969,0,Reviewer 1,2026-04-10 05:57:10.644+00,,false,1.68,Hiin9302,PhD
564,1775814313590,84,Luke1004,I am a postdoc,1,Seeking Lasting Enjoyment with Limited Money: Financial Constraints Increase Preference for Material Goods over Experiences,Empirical audit and review and an assessment of evidentiary value in research on the psychological consequences of scarcity,Journal of Consumer Research,false,success,success,true,5,3814,0,Junior Reviewer,2026-04-10 09:46:10.6+00,,true,5.62,Hiin9302,PhD
565,1775814313590,84,Luke1004,I am a postdoc,2,Role of consciousness and accessibility of death-related thoughts in mortality salience effects.,Many Labs 4: Failure to Replicate Mortality Salience Effect With and Without Original Author Involvement,Journal of Personality and Social Psychology,false,failure,failure,true,5,1119,0,Junior Reviewer,2026-04-10 09:46:12.279+00,,false,2.38,Hiin9302,PhD
566,1775814313590,84,Luke1004,I am a postdoc,3,Side‐to‐side differences in lower extremity biomechanics during multi‐directional jump landing in volleyball athletes,Estimating the Replicability of Sports and Exercise Science Research,European Journal of Sport Science,false,failure,success,false,4,769,0,Junior Reviewer,2026-04-10 09:46:13.479+00,,false,2.31,Hiin9302,PhD
567,1775814313590,84,Luke1004,I am a postdoc,4,The effect of global versus local processing styles on assimilation versus contrast in social judgment.,Many Labs 5: Testing Pre-Data-Collection Peer Review as an Intervention to Increase Replicability,Journal of Personality and Social Psychology,false,failure,failure,true,4,2119,0,Junior Reviewer,2026-04-10 09:46:16.118+00,,false,2.38,Hiin9302,PhD
568,1775814313590,84,Luke1004,I am a postdoc,5,"Treating Equals Unequally: Incentives in Teams, Workers’ Motivation, and Production Technology",Goerg_JournLabEco_2010_WLpV - Fonseca - New Data Replication - 1964,Journal of Labor Economics,false,failure,success,false,3,1575,0,Junior Reviewer,2026-04-10 09:46:18.134+00,,false,2.37,Hiin9302,PhD
569,1775814313590,84,Luke1004,I am a postdoc,6,Analytic Thinking Promotes Religious Disbelief,Evaluating the replicability of social science experiments in Nature and Science between 2010 and 2015,Science,false,failure,failure,true,3,1432,0,Junior Reviewer,2026-04-10 09:46:20.062+00,,true,17.14,Hiin9302,PhD
570,1775814313590,84,Luke1004,I am a postdoc,7,"Believe Me, I Have No Idea What I’m Talking About: The Effects of Source Certainty on Consumer Involvement and Persuasion","Uncertainty, expertise, and persuasion: A replication and extension of",Journal of Consumer Research,false,success,failure,false,2,2009,0,Junior Reviewer,2026-04-10 09:46:22.535+00,,true,5.62,Hiin9302,PhD
571,1775814313590,84,Luke1004,I am a postdoc,8,Hiding personal information reveals the worst,Examining the replicability of online experiments selected by a decision market,Proceedings of the National Academy of Sciences,false,failure,failure,true,3,2936,0,Reviewer 1,2026-04-10 09:46:25.879+00,,false,7.14,Hiin9302,PhD
572,1775814313590,84,Luke1004,I am a postdoc,9,Stable Causal Relationships Are Better Causal Relationships,Eleven years of student replication projects provide evidence on the correlates of replicability in psychology,Cognitive Science,false,failure,success,false,2,608,0,Reviewer 1,2026-04-10 09:46:28.271+00,,true,1.34,Hiin9302,PhD
573,1775814313590,84,Luke1004,I am a postdoc,10,"""Walking on eggshells"": How expressing relationship insecurities perpetuates them.",Estimating the reproducibility of psychological science,Journal of Personality and Social Psychology,false,failure,failure,true,2,335,0,Reviewer 1,2026-04-10 09:46:29.007+00,,true,2.38,Hiin9302,PhD
574,1775814313590,84,Luke1004,I am a postdoc,11,Carbohydrate mouth rinse improves morning high‐intensity exercise performance,Estimating the Replicability of Sports and Exercise Science Research,European Journal of Sport Science,false,failure,success,false,1,768,0,Reviewer 1,2026-04-10 09:46:30.182+00,,false,2.31,Hiin9302,PhD
575,1775814313590,84,Luke1004,I am a postdoc,12,The intermixed-blocked effect in human perceptual learning is not the consequence of trial spacing.,Estimating the reproducibility of psychological science,"Journal of Experimental Psychology: Learning, Memory, and Cognition",false,failure,failure,true,1,463,0,Reviewer 1,2026-04-10 09:46:30.966+00,,false,0.94,Hiin9302,PhD
576,1775814313590,84,Luke1004,I am a postdoc,13,When learning is just a click away: Does simple user interaction foster deeper understanding of multimedia messages?,Testing the segmentation effect of multimedia learning in a biological system,Journal of Educational Psychology,false,failure,failure,true,1,2071,0,Reviewer 1,2026-04-10 09:46:33.39+00,,true,2.01,Hiin9302,PhD
577,1775814313590,84,Luke1004,I am a postdoc,14,Behavioral Bias for Food Reflected in Hand Movements: A Preliminary Study with Healthy Subjects,Virtual reality assessment of a high-calorie food bias: Replication and food-specificity in healthy participants,"Cyberpsychology, Behavior, and Social Networking",false,success,success,true,1,2456,0,Reviewer 1,2026-04-10 09:46:36.238+00,,true,3.56,Hiin9302,PhD
578,1775814313590,84,Luke1004,I am a postdoc,15,Tracing attention and the activation flow in spoken word planning using eye movements.,Estimating the reproducibility of psychological science,"Journal of Experimental Psychology: Learning, Memory, and Cognition",false,failure,failure,true,2,2957,0,Reviewer 2,2026-04-10 09:46:39.581+00,,false,0.94,Hiin9302,PhD
579,1775814313590,84,Luke1004,I am a postdoc,16,Divine intuition: Cognitive style influences belief in God.,Does intuitive mindset influence belief in God? A registered replication of,Journal of Experimental Psychology: General,false,success,failure,false,1,1928,0,Reviewer 2,2026-04-10 09:46:42.542+00,,false,1.77,Hiin9302,PhD
580,1775814313590,84,Luke1004,I am a postdoc,17,Persistence of Bovine Viral Diarrhea Virus Is Determined by a Cellular Cofactor of a Viral Autoprotease,CRISPR/Cas9-Mediated Knockout of DNAJC14 Verifies This Chaperone as a Pivotal Host Factor for RNA Replication of Pestiviruses,Journal of Virology,false,success,success,true,1,1388,0,Reviewer 2,2026-04-10 09:46:44.391+00,,true,3.79,Hiin9302,PhD
581,1775814313590,84,Luke1004,I am a postdoc,18,Surface-based morphometry reveals the neuroanatomical basis of the five-factor model of personality,Unraveling the roles of orienting and inhibition in the Concealed Information Test,Social Cognitive and Affective Neuroscience,false,failure,success,false,0,1055,0,Reviewer 2,2026-04-10 09:46:45.838+00,,false,2.63,Hiin9302,PhD